YEAR,PID,OC,g1,sla_random,wd_random,sla_ocp,wd_ocp,g1_ocp
1979,2934,0.015945840403303647,11.279744181446882,0.03465625490980366,0.3716552961006842,0.0005526231097679376,0.005926356036664071,0.17986500050744492
1980,2934,0.003549024276729575,11.279744181446882,0.03465625490980366,0.3716552961006842,0.00012299589001542172,0.0013190136684364468,0.040032085935254154
1981,2934,0.009642455989723565,11.279744181446882,0.03465625490980366,0.3716552961006842,0.000334171412736423,0.0035836698359985276,0.10876443684494201
1982,2934,0.01081127477074548,11.279744181446882,0.03465625490980366,0.3716552961006842,0.0003746782943548845,0.004018067526147268,0.1219484136893398
1983,2934,0.006459496584319783,11.279744181446882,0.03465625490980366,0.3716552961006842,0.00022386196021519246,0.002400706115706727,0.07286146901205708
1984,2934,0.009286757967248352,11.279744181446882,0.03465625490980366,0.3716552961006842,0.00032184425139860897,0.0034514727821330746,0.10475225414557507
1985,2934,0.013078710860753129,11.279744181446882,0.03465625490980366,0.3716552961006842,0.00045325913748187806,0.0048607721575684385,0.14752451273240624
1986,2934,0.022473054618870152,11.279744181446882,0.03465625490980366,0.3716552961006842,0.0007788319094735045,0.008352229768663035,0.2534903070765386
1987,2934,0.010796292577832614,11.279744181446882,0.03465625490980366,0.3716552961006842,0.00037415906765818834,0.004012499314804,0.12177941838600558
1988,2934,0.010029721463112469,11.279744181446882,0.03465625490980366,0.3716552961006842,0.00034759258369995466,0.0037275991001804523,0.11313269231507578
1989,2934,0.012419136263446902,11.279744181446882,0.03465625490980366,0.3716552961006842,0.0004304007521056024,0.004615637765306103,0.14008468000621116
1990,2934,0.0132176610930044,11.279744181446882,0.03465625490980366,0.3716552961006842,0.00045807463215055455,0.004912413747279043,0.1490918358061532
1991,2934,0.016168422375117782,11.279744181446882,0.03465625490980366,0.3716552961006842,0.000560336967321455,0.006009079805305327,0.18237566820891038
1992,2934,0.01844493584393836,11.279744181446882,0.03465625490980366,0.3716552961006842,0.0006392323984025023,0.006855158092637034,0.20805415776282474
1993,2934,0.008506225655416802,11.279744181446882,0.03465625490980366,0.3716552961006842,0.0002947939246344364,0.003161383814663168,0.09594804934276185
1994,2934,0.013930715583021787,11.279744181446882,0.03465625490980366,0.3716552961006842,0.00048278643032117715,0.005177424224902378,0.1571349080409814
1995,2934,0.016949914727826528,11.279744181446882,0.03465625490980366,0.3716552961006842,0.0005874205655069915,0.006299525577051717,0.19119070202722208
1996,2934,0.007601219363076435,11.279744181446882,0.03465625490980366,0.3716552961006842,0.00026342979587211233,0.0028250334331104267,0.08573980988256279
1997,2934,0.009668130143377562,11.279744181446882,0.03465625490980366,0.3716552961006842,0.0003350611827500494,0.003593211771176938,0.10905403473023426
1998,2934,0.008647139884926531,11.279744181446882,0.03465625490980366,0.3716552961006842,0.0002996774840927442,0.0032137553343564063,0.09753752580315729
1999,2934,0.023168159120958886,11.279744181446882,0.03465625490980366,0.3716552961006842,0.0008029216282868438,0.008610569038207743,0.2613309080394715
2000,2934,0.011729783901381474,11.279744181446882,0.03465625490980366,0.3716552961006842,0.00040651038092318764,0.00435943630906497,0.132308961711237
2001,2934,0.015609418058681076,11.279744181446882,0.03465625490980366,0.3716552961006842,0.000540963971235344,0.005801322890558482,0.17607024252317974
2002,2934,0.01306926501527175,11.279744181446882,0.03465625490980366,0.3716552961006842,0.00045293177985303675,0.0048572615590691355,0.1474179660117988
2003,2934,0.014271101537217884,11.279744181446882,0.03465625490980366,0.3716552961006842,0.0004945829327175138,0.005303930467497642,0.16097437452727106
2004,2934,0.011977380989168052,11.279744181446882,0.03465625490980366,0.3716552961006842,0.0004150911687124443,0.004451457078039958,0.13510179352154084
2005,2934,0.01444384886877321,11.279744181446882,0.03465625490980366,0.3716552961006842,0.0005005697082748836,0.00536813292815744,0.16292292023524274
2006,2934,0.01362087906134007,11.279744181446882,0.03465625490980366,0.3716552961006842,0.0004720486568454087,0.005062271840693954,0.15364003133834234
2007,2934,0.013479120809369222,11.279744181446882,0.03465625490980366,0.3716552961006842,0.0004671358467295388,0.005009586635583012,0.15204103452050205
2008,2934,0.01135523178790628,11.279744181446882,0.03465625490980366,0.3716552961006842,0.00039352980740158563,0.00422023203242621,0.12808410968861653
2009,2934,0.014386543766883985,11.279744181446882,0.03465625490980366,0.3716552961006842,0.0004985837280561783,0.00534683518354672,0.16227653334564054
2010,2934,0.01588251341539586,11.279744181446882,0.03465625490980366,0.3716552961006842,0.0005504284335323353,0.005902820226222038,0.1791506882840635
2011,2934,0.012576530702738238,11.279744181446882,0.03465625490980366,0.3716552961006842,0.00043585545391506853,0.004674134242245526,0.1418600490169997
2012,2934,0.009675692448185093,11.279744181446882,0.03465625490980366,0.3716552961006842,0.0003353232639131648,0.0035960223418093845,0.10913933559388533
2013,2934,0.01667857345781634,11.279744181446882,0.03465625490980366,0.3716552961006842,0.0005780168932859685,0.006198680157001744,0.18813004191563826
2014,2934,0.016808318773492526,11.279744181446882,0.03465625490980366,0.3716552961006842,0.0005825133800193954,0.006246900690717054,0.1895935358852067
2015,2934,0.01380705195875649,11.279744181446882,0.03465625490980366,0.3716552961006842,0.00047850071223556884,0.0051314639840091755,0.1557400139947183
2016,2934,0.025927741350313224,11.279744181446882,0.03465625490980366,0.3716552961006842,0.000898558413471912,0.009636182388772615,0.2924582896342553
1979,2945,0.009904357836647924,2.824809082141122,0.04289991639082103,0.4900545378734914,0.000424896123096969,0.004853675502572191,0.02797791996973865
1980,2945,0.0056908723647618705,2.824809082141122,0.04289991639082103,0.4900545378734914,0.00024413794863911822,0.0027888378268104016,0.016075627941285257
1981,2945,0.009668385085583556,2.824809082141122,0.04289991639082103,0.4900545378734914,0.00041477291180579557,0.004738035985098606,0.0273113419993942
1982,2945,0.01362913741688454,2.824809082141122,0.04289991639082103,0.4900545378734914,0.0005846888556633573,0.0066790206384456634,0.03849971115696484
1983,2945,0.012166201449218235,2.824809082141122,0.04289991639082103,0.4900545378734914,0.000521929024965348,0.005962102228872444,0.03436719634891015
1984,2945,0.017343175160759762,2.824809082141122,0.04289991639082103,0.4900545378734914,0.0007440207643479579,0.00849910168866514,0.04899115870727849
1985,2945,0.01919751318965969,2.824809082141122,0.04289991639082103,0.4900545378734914,0.0008235717107480847,0.009407828454478935,0.05422930961267467
1986,2945,0.015825325563514542,2.824809082141122,0.04289991639082103,0.4900545378734914,0.0006789051435322966,0.007755272605725669,0.04470352337965595
1987,2945,0.009222922471691571,2.824809082141122,0.04289991639082103,0.4900545378734914,0.00039566260291459284,0.004519735009707852,0.026052995161917794
1988,2945,0.02340892741494266,2.824809082141122,0.04289991639082103,0.4900545378734914,0.0010042410288998384,0.011471651106443829,0.06612575076491232
1989,2945,0.0053028188371373,2.824809082141122,0.04289991639082103,0.4900545378734914,0.00022749048474886098,0.0025986704346601646,0.01497945081209447
1990,2945,0.0101180855185425,2.824809082141122,0.04289991639082103,0.4900545378734914,0.0004340650227806503,0.004958413722953811,0.028581659866659417
1991,2945,0.017610427751587044,2.824809082141122,0.04289991639082103,0.4900545378734914,0.0007554858781496786,0.008630070033558496,0.04974609625307314
1992,2945,0.014561326869898425,2.824809082141122,0.04289991639082103,0.4900545378734914,0.0006246797052580582,0.007135844310052926,0.04113296839011463
1993,2945,0.02080836181143223,2.824809082141122,0.04289991639082103,0.4900545378734914,0.000892676981940396,0.01019723213140583,0.05877964942941226
1994,2945,0.01272176944265954,2.824809082141122,0.04289991639082103,0.4900545378734914,0.0005457628454333961,0.006234360845155626,0.03593656986253007
1995,2945,0.013248377369887859,2.824809082141122,0.04289991639082103,0.4900545378734914,0.0005683542814822345,0.006492427449574016,0.03742413671809213
1996,2945,0.019081378225781702,2.824809082141122,0.04289991639082103,0.4900545378734914,0.000818589530507668,0.009350915988424753,0.053901250511958
1997,2945,0.015125478267040469,2.824809082141122,0.04289991639082103,0.4900545378734914,0.0006488817530272167,0.007412309262270054,0.04272658838046408
1998,2945,0.02090594068790366,2.824809082141122,0.04289991639082103,0.4900545378734914,0.0008968631075825305,0.010245051102621248,0.059055291125893875
1999,2945,0.02129678085202666,2.824809082141122,0.04289991639082103,0.4900545378734914,0.0009136301179455819,0.010436584098632944,0.06015933997117405
2000,2945,0.011558646910853818,2.824809082141122,0.04289991639082103,0.4900545378734914,0.0004958649860666506,0.005664367370341327,0.03265097077104229
2001,2945,0.013949179838926,2.824809082141122,0.04289991639082103,0.4900545378734914,0.0005984186488104518,0.006835858879679104,0.039403769897418
2002,2945,0.02001493859998545,2.824809082141122,0.04289991639082103,0.4900545378734914,0.0008586391925067923,0.009808411486182174,0.05653838033573581
2003,2945,0.013409639844051286,2.824809082141122,0.04289991639082103,0.4900545378734914,0.0005752724281408225,0.006571454856826511,0.037879672419717535
2004,2945,0.016590532643571704,2.824809082141122,0.04289991639082103,0.4900545378734914,0.0007117324632884131,0.008130265807720605,0.04686508728912011
2005,2945,0.01873964144741924,2.824809082141122,0.04289991639082103,0.4900545378734914,0.0008039290512882498,0.00918344632942996,0.052935909356738066
2006,2945,0.02031877106761969,2.824809082141122,0.04289991639082103,0.4900545378734914,0.0008716735799651181,0.009957305965699634,0.057396649049758365
2007,2945,0.026524118539014045,2.824809082141122,0.04289991639082103,0.4900545378734914,0.0011378824676639286,0.012998264653138233,0.07492557094479459
2008,2945,0.014711269002585287,2.824809082141122,0.04289991639082103,0.4900545378734914,0.0006311122102137859,0.007209324132594551,0.04155652628832408
2009,2945,0.023226057443597372,2.824809082141122,0.04289991639082103,0.4900545378734914,0.0009963959224187338,0.011382034847145275,0.06560917800900527
2010,2945,0.025223600335248387,2.824809082141122,0.04289991639082103,0.4900545378734914,0.0010820903454576412,0.01236093980579579,0.0712518553113075
2011,2945,0.025450087241742126,2.824809082141122,0.04289991639082103,0.4900545378734914,0.0010918066148098383,0.012471930742091977,0.07189163758175705
2012,2945,0.02211813762473548,2.824809082141122,0.04289991639082103,0.4900545378734914,0.000948866254821825,0.01083909371231203,0.062479516042400055
2013,2945,0.02244442530700896,2.824809082141122,0.04289991639082103,0.4900545378734914,0.000962863969110712,0.010998992471662371,0.06340121645067695
2014,2945,0.015713135555171138,2.824809082141122,0.04289991639082103,0.4900545378734914,0.000674092201554479,0.007700293383032918,0.04438660802516201
2015,2945,0.02360962300625443,2.824809082141122,0.04289991639082103,0.4900545378734914,0.0010128508529871198,0.011570002891697366,0.0666926774939955
2016,2945,0.02493050836775788,2.824809082141122,0.04289991639082103,0.4900545378734914,0.0010695167245574771,0.0122173087571128,0.0704239264596377
1979,2956,0.014128501725227881,14.925050220757276,0.03740750005593533,0.459528251674972,0.0005285119290767443,0.006492445696580794,0.21086859779308195
1980,2956,0.01042321305659613,14.925050220757276,0.03740750005593533,0.459528251674972,0.00038990634299764556,0.004789760872733361,0.1555669783313502
1981,2956,0.010964896549544946,14.925050220757276,0.03740750005593533,0.459528251674972,0.00041016936829042766,0.005038679741209322,0.1636516316673665
1982,2956,0.017064375262260737,14.925050220757276,0.03740750005593533,0.459528251674972,0.00063833561857752,0.007841562530192319,0.25468665777508964
1983,2956,0.016223316361419327,14.925050220757276,0.03740750005593533,0.459528251674972,0.00060687370769725,0.007455072203932991,0.24213381144141666
1984,2956,0.010751119976229215,14.925050220757276,0.03740750005593533,0.459528251674972,0.0004021725211121618,0.004940443366224478,0.16046100557460782
1985,2956,0.0076390192771674074,14.925050220757276,0.03740750005593533,0.459528251674972,0.0002857566140379309,0.0035103451729481473,0.1140127463490565
1986,2956,0.014363279088823984,14.925050220757276,0.03740750005593533,0.459528251674972,0.000537294363318598,0.006600332528006971,0.21437266173545078
1987,2956,0.015319028035702478,14.925050220757276,0.03740750005593533,0.459528251674972,0.0005730465421024153,0.00703952617060624,0.22863726276604818
1988,2956,0.013361393163660534,14.925050220757276,0.03740750005593533,0.459528251674972,0.0004998163155170054,0.0061399376404388485,0.1994194639869164
1989,2956,0.010809338771728336,14.925050220757276,0.03740750005593533,0.459528251674972,0.00040435034070805166,0.004967196547534812,0.16132992402122417
1990,2956,0.015863801347639997,14.925050220757276,0.03740750005593533,0.459528251674972,0.0005934251497991902,0.0072898648982000725,0.2367680318056439
1991,2956,0.026630086974860485,14.925050220757276,0.03740750005593533,0.459528251674972,0.0009961649800016563,0.012237277309510084,0.3974553854829269
1992,2956,0.016564409364165127,14.925050220757276,0.03740750005593533,0.459528251674972,0.0006196331442165426,0.007611814075143336,0.24722464163734661
1993,2956,0.009823881894778043,14.925050220757276,0.03740750005593533,0.459528251674972,0.0003674868625284117,0.004514351271768765,0.14662193064235043
1994,2956,0.011405985358741613,14.925050220757276,0.03740750005593533,0.459528251674972,0.00042666939794512446,0.005241372510532862,0.17023490429644078
1995,2956,0.01899700917692328,14.925050220757276,0.03740750005593533,0.459528251674972,0.0007106306218483616,0.008729662414124954,0.28353131600976683
1996,2956,0.018075052179256947,14.925050220757276,0.03740750005593533,0.459528251674972,0.0006761425154065882,0.008305997126867838,0.26977106151821817
1997,2956,0.014754779309366759,14.925050220757276,0.03740750005593533,0.459528251674972,0.0005519394078404504,0.0067802379398833575,0.22021582218848923
1998,2956,0.015002806920945891,14.925050220757276,0.03740750005593533,0.459528251674972,0.0005612175007344704,0.006894213634599435,0.22391764674744227
1999,2956,0.013278694544402888,14.925050220757276,0.03740750005593533,0.459528251674972,0.0004967227669124992,0.006101935288515448,0.19818518294130877
2000,2956,0.011390864667290057,14.925050220757276,0.03740750005593533,0.459528251674972,0.00042610377067880457,0.005234424125626012,0.17000922721715372
2001,2956,0.02363175566151331,14.925050220757276,0.03740750005593533,0.459528251674972,0.0008840049012299091,0.010859459363145333,0.3527051400527512
2002,2956,0.013344945752354143,14.925050220757276,0.03740750005593533,0.459528251674972,0.0004992010589776416,0.006132379590276644,0.1991739855471671
2003,2956,0.01182605942819883,14.925050220757276,0.03740750005593533,0.459528251674972,0.0004423833187218423,0.005434408413244528,0.1765045308795276
2004,2956,0.011899609795918292,14.925050220757276,0.03740750005593533,0.459528251674972,0.0004451346541064221,0.005468206885132703,0.17760227381149574
2005,2956,0.014600668345970862,14.925050220757276,0.03740750005593533,0.459528251674972,0.0005461745019685982,0.006709419598310095,0.21791570832023618
2006,2956,0.015362453080528898,14.925050220757276,0.03740750005593533,0.459528251674972,0.0005746709644691886,0.007059481205534232,0.2292853837409211
2007,2956,0.013771404025157691,14.925050220757276,0.03740750005593533,0.459528251674972,0.0005151537968413944,0.0063283492147903865,0.20553889668581743
2008,2956,0.012734508445871229,14.925050220757276,0.03740750005593533,0.459528251674972,0.0004763661254012369,0.005851866402071371,0.19006317809128578
2009,2956,0.019680220665193756,14.925050220757276,0.03740750005593533,0.459528251674972,0.000736187855634055,0.009043617394854141,0.293728281783602
2010,2956,0.0155318503167961,14.925050220757276,0.03740750005593533,0.459528251674972,0.0005810076915943293,0.007137324021354672,0.2318136459994666
2011,2956,0.017877762493519547,14.925050220757276,0.03740750005593533,0.459528251674972,0.000668762401476331,0.008215336942507425,0.26682650305055006
2012,2956,0.0183528037080672,14.925050220757276,0.03740750005593533,0.459528251674972,0.0006865325057360939,0.008433631801302063,0.2739165170346033
2013,2956,0.02127400614094024,14.925050220757276,0.03740750005593533,0.459528251674972,0.0007958073859071906,0.009776006848068886,0.31751561005023177
2014,2956,0.020468963484865668,14.925050220757276,0.03740750005593533,0.459528251674972,0.0007656927527050507,0.009406067003799163,0.30550030797846695
2015,2956,0.029620139193587275,14.925050220757276,0.03740750005593533,0.459528251674972,0.0011080153585409282,0.013611290777998476,0.442082065010111
2016,2956,0.01749712879460663,14.925050220757276,0.03740750005593533,0.459528251674972,0.0006545238463629553,0.008040425004317396,0.2611455259785622
1979,2958,0.02244669046387834,5.045519989874453,0.02295474526169116,0.7477150740551977,0.0005152580615663595,0.01678372882249289,0.11325522544202243
1980,2958,0.027811208466428268,5.045519989874453,0.02295474526169116,0.7477150740551977,0.0006383992057666494,0.020794859798039952,0.14032200825992946
1981,2958,0.036660471062041566,5.045519989874453,0.02295474526169116,0.7477150740551977,0.0008415317744027645,0.02741158683505284,0.18497113958174466
1982,2958,0.028988326150883918,5.045519989874453,0.02295474526169116,0.7477150740551977,0.0006654196423563606,0.021675008434644392,0.14626117906728517
1983,2958,0.025546696877097742,5.045519989874453,0.02295474526169116,0.7477150740551977,0.0005864179190914197,0.019101650347324826,0.12889636976865992
1984,2958,0.02376803608675373,5.045519989874453,0.02295474526169116,0.7477150740551977,0.0005455892137421147,0.017771718862753673,0.1199221011957733
1985,2958,0.02055875931514239,5.045519989874453,0.02295474526169116,0.7477150740551977,0.0004719210829755138,0.015372094243804677,0.10372963109156856
1986,2958,0.017046316815312112,5.045519989874453,0.02295474526169116,0.7477150740551977,0.00039129386014557203,0.012745788039929457,0.08600753224539029
1987,2958,0.028261338565105387,5.045519989874453,0.02295474526169116,0.7477150740551977,0.0006487318275164026,0.021131428858106788,0.14259314867084902
1988,2958,0.02122766031959657,5.045519989874453,0.02295474526169116,0.7477150740551977,0.00048727553513804885,0.01587224160788573,0.10710458448078922
1989,2958,0.03460834388388912,5.045519989874453,0.02295474526169116,0.7477150740551977,0.0007944257177836821,0.0258771804100699,0.17461709088261182
1990,2958,0.03190471130503785,5.045519989874453,0.02295474526169116,0.7477150740551977,0.000732364520654942,0.02385563357615608,0.16097585866074193
1991,2958,0.023975570290194485,5.045519989874453,0.02295474526169116,0.7477150740551977,0.0005503531085151852,0.017926895315048368,0.12096921916781632
1992,2958,0.022739574845684642,5.045519989874453,0.02295474526169116,0.7477150740551977,0.0005219811479418511,0.017002722889724802,0.11473297944514815
1993,2958,0.030039738139317144,5.045519989874453,0.02295474526169116,0.7477150740551977,0.0006895545367159334,0.022461165027438265,0.15156609927251866
1994,2958,0.014789568547585471,5.045519989874453,0.02295474526169116,0.7477150740551977,0.0003394907785401442,0.011058383341802293,0.07462106374846098
1995,2958,0.020987918607986215,5.045519989874453,0.02295474526169116,0.7477150740551977,0.0004817723252194313,0.015692983116234873,0.10589496288245245
1996,2958,0.039482799888317904,5.045519989874453,0.02295474526169116,0.7477150740551977,0.0009063176136546657,0.029521884642400173,0.1992112560927208
1997,2958,0.023567660469478773,5.045519989874453,0.02295474526169116,0.7477150740551977,0.000540989642490914,0.017621894993244076,0.11891110201332909
1998,2958,0.02509560674560711,5.045519989874453,0.02295474526169116,0.7477150740551977,0.0005760632600329895,0.018764363456251737,0.12662038549298885
1999,2958,0.014767588621634416,5.045519989874453,0.02295474526169116,0.7477150740551977,0.0003389862349390669,0.011041948619842071,0.07451016359269896
2000,2958,0.024540311001669056,5.045519989874453,0.02295474526169116,0.7477150740551977,0.0005633165876859903,0.01834916045795056,0.12381862971665719
2001,2958,0.0195954924983307,5.045519989874453,0.02295474526169116,0.7477150740551977,0.0004498095385765613,0.014651845124537408,0.09886944911176243
2002,2958,0.01986335762726717,5.045519989874453,0.02295474526169116,0.7477150740551977,0.00045595831437578806,0.014852131919256948,0.10022096797440169
2003,2958,0.024169974479558848,5.045519989874453,0.02295474526169116,0.7477150740551977,0.0005548156071598497,0.018072254257895583,0.12195008939136955
2004,2958,0.02488519397916749,5.045519989874453,0.02295474526169116,0.7477150740551977,0.0005712332885795603,0.01860703465901118,0.12555874367379297
2005,2958,0.02261723185190341,5.045519989874453,0.02295474526169116,0.7477150740551977,0.0005191727956850502,0.016911245189069533,0.11411569542440385
2006,2958,0.021039110930716937,5.045519989874453,0.02295474526169116,0.7477150740551977,0.0004829474319470693,0.015731260387616533,0.10615325477011842
2007,2958,0.02925256131361516,5.045519989874453,0.02295474526169116,0.7477150740551977,0.0006714850932060378,0.021872581048913972,0.14759438286287338
2008,2958,0.023550530654150952,5.045519989874453,0.02295474526169116,0.7477150740551977,0.000540596431943684,0.017609086772107683,0.1188246731876697
2009,2958,0.02159661629723304,5.045519989874453,0.02295474526169116,0.7477150740551977,0.0004957448256174722,0.01614811555402729,0.10896615924133769
2010,2958,0.019237085397810424,5.045519989874453,0.02295474526169116,0.7477150740551977,0.00044158239488413704,0.014383858732829984,0.09706109892157444
2011,2958,0.027035100867214338,5.045519989874453,0.02295474526169116,0.7477150740551977,0.0006205838535310309,0.020214552447018908,0.1364061418538021
2012,2958,0.0232913017857491,5.045519989874453,0.02295474526169116,0.7477150740551977,0.000534645899305043,0.017415257439573346,0.11751672875019564
2013,2958,0.02254902455947506,5.045519989874453,0.02295474526169116,0.7477150740551977,0.0005176071146623677,0.016860245568360365,0.11377155416700141
2014,2958,0.029432982023656736,5.045519989874453,0.02295474526169116,0.7477150740551977,0.0006756266046449756,0.022007484333483797,0.1485046991619755
2015,2958,0.035629394403602334,5.045519989874453,0.02295474526169116,0.7477150740551977,0.0008178636723630162,0.026640635275031365,0.17976882169049654
2016,2958,0.02243283579247881,5.045519989874453,0.02295474526169116,0.7477150740551977,0.0005149400311136988,0.016773369475841383,0.11318532142052296
1979,2965,0.012544348846510758,10.445517023823683,0.046849435853738575,0.3350080431087775,0.0005876956666115253,0.00420245775914342,0.13103220942901112
1980,2965,0.0036880467498887205,10.445517023823683,0.046849435853738575,0.3350080431087775,0.00017278290963450063,0.0012355253245739074,0.038523555110620236
1981,2965,0.007644942264150995,10.445517023823683,0.046849435853738575,0.3350080431087775,0.000358161232209877,0.002561117147592812,0.0798553745663384
1982,2965,0.010712013693274808,10.445517023823683,0.046849435853738575,0.3350080431087775,0.0005018517983874474,0.003588610745138422,0.11189252139253442
1983,2965,0.002836516279984097,10.445517023823683,0.046849435853738575,0.3350080431087775,0.0001328891875072001,0.0009502557682036616,0.02962887909092691
1984,2965,0.006022767622138603,10.445517023823683,0.046849435853738575,0.3350080431087775,0.00028216326537535606,0.0020176755951915584,0.06291092172758286
1985,2965,0.018111705934719297,10.445517023823683,0.046849435853738575,0.3350080431087775,0.0008485232053904079,0.006067567162551944,0.18918613267159887
1986,2965,0.01057268306978442,10.445517023823683,0.046849435853738575,0.3350080431087775,0.0004953242372797731,0.0035419338656177816,0.1104371409929256
1987,2965,0.01232373649011857,10.445517023823683,0.046849435853738575,0.3350080431087775,0.0005773601021721873,0.004128550845342856,0.12872779930465067
1988,2965,0.0114360291609971,10.445517023823683,0.046849435853738575,0.3350080431087775,0.0005357715145996174,0.003831161750160553,0.11945523728613927
1989,2965,0.0046199933650395725,10.445517023823683,0.046849435853738575,0.3350080431087775,0.0002164440828001193,0.0015477349363974431,0.048258219344473316
1990,2965,0.009885173523689212,10.445517023823683,0.046849435853738575,0.3350080431087775,0.00046311480290115267,0.0033116126379618216,0.1032557483251468
1991,2965,0.0074084033661217605,10.445517023823683,0.046849435853738575,0.3350080431087775,0.00034707951827974234,0.0024818747142449312,0.07738460348017753
1992,2965,0.012808113305578602,10.445517023823683,0.046849435853738575,0.3350080431087775,0.0006000528827171202,0.0042908209744173835,0.1337873655764839
1993,2965,0.010653093062960849,10.445517023823683,0.046849435853738575,0.3350080431087775,0.0004990914000970916,0.003568871860078207,0.11127706494553553
1994,2965,0.008243509026821434,10.445517023823683,0.046849435853738575,0.3350080431087775,0.00038620374736178563,0.0027616418274249914,0.08610771387570748
1995,2965,0.010673266212426941,10.445517023823683,0.046849435853738575,0.3350080431087775,0.0005000365007689712,0.0035756300274041833,0.11148778392170774
1996,2965,0.006592968681132986,10.445517023823683,0.046849435853738575,0.3350080431087775,0.0003088768633124473,0.0022086975361438194,0.06886696659631099
1997,2965,0.010830430587208634,10.445517023823683,0.046849435853738575,0.3350080431087775,0.0005073995630637991,0.003628281357046213,0.11312944707402851
1998,2965,0.010514057937214176,10.445517023823683,0.046849435853738575,0.3350080431087775,0.0004925776828920065,0.0035222939746784314,0.1098247711726392
1999,2965,0.008392567936599555,10.445517023823683,0.046849435853738575,0.3350080431087775,0.000393187073193864,0.002811577761097688,0.08766471125534746
2000,2965,0.008607630127679162,10.445517023823683,0.046849435853738575,0.3350080431087775,0.0004032626155194125,0.002883625324877953,0.08991114703345031
2001,2965,0.012345052850950923,10.445517023823683,0.046849435853738575,0.3350080431087775,0.0005783587616516378,0.004135691997671504,0.12895045971461097
2002,2965,0.012835012414980248,10.445517023823683,0.046849435853738575,0.3350080431087775,0.0006013130908175553,0.004299832392419397,0.1340683406816645
2003,2965,0.01803167610653077,10.445517023823683,0.046849435853738575,0.3350080431087775,0.0008447738530883038,0.0060407565264201735,0.1883501797388419
2004,2965,0.011236363682250762,10.445517023823683,0.046849435853738575,0.3350080431087775,0.0005264172995608848,0.0037642722088493652,0.1173696281288245
2005,2965,0.007465150384965942,10.445517023823683,0.046849435853738575,0.3350080431087775,0.00034973808409897376,0.0025008854219801774,0.07797735543156567
2006,2965,0.008232287761950776,10.445517023823683,0.046849435853738575,0.3350080431087775,0.00038567803743303,0.0027578826134394673,0.08599050196247221
2007,2965,0.008722643483901955,10.445517023823683,0.046849435853738575,0.3350080431087775,0.0004086509263740954,0.0029221557242775234,0.0911125210038426
2008,2965,0.013414425949644126,10.445517023823683,0.046849435853738575,0.3350080431087775,0.0006284582880425786,0.0044939405868178834,0.1401206146218299
2009,2965,0.012710642273144728,10.445517023823683,0.046849435853738575,0.3350080431087775,0.0005954864198355118,0.004258167394581919,0.13276923024786622
2010,2965,0.008112540288341531,10.445517023823683,0.046849435853738575,0.3350080431087775,0.0003800679358495264,0.002717766246638414,0.08473967768832695
2011,2965,0.020001217522877757,10.445517023823683,0.046849435853738575,0.3350080431087775,0.0009370457573347334,0.006700568742132268,0.20892305813242015
2012,2965,0.018880784500292326,10.445517023823683,0.046849435853738575,0.3350080431087775,0.0008845541023147069,0.00632521466780147,0.19721955592094984
2013,2965,0.014969582291153478,10.445517023823683,0.046849435853738575,0.3350080431087775,0.0007013164853066558,0.005014930469515137,0.15636502666177318
2014,2965,0.01757048333086955,10.445517023823683,0.046849435853738575,0.3350080431087775,0.0008231672317287558,0.005886253237150003,0.18353278274940812
2015,2965,0.022184086836534417,10.445517023823683,0.046849435853738575,0.3350080431087775,0.0010393119532219855,0.007431847519262586,0.23172425670900312
2016,2965,0.016296222373113636,10.445517023823683,0.046849435853738575,0.3350080431087775,0.0007634688247274467,0.0054593655672822775,0.17022246822237486
1979,2968,0.019673203975026737,3.4959927613944193,0.04139077101290035,0.5057797057134469,0.0008142890808204126,0.009950307316929636,0.06877737869012938
1980,2968,0.012230144080934764,3.4959927613944193,0.04139077101290035,0.5057797057134469,0.0005062150931087494,0.00618575867408824,0.04275649517775874
1981,2968,0.01543316190321392,3.4959927613944193,0.04139077101290035,0.5057797057134469,0.0006387904703409447,0.007805780085635516,0.05395422229906398
1982,2968,0.023647936085941387,3.4959927613944193,0.04139077101290035,0.5057797057134469,0.000978806307460903,0.011960646154277835,0.08267301337836896
1983,2968,0.01123080406052947,3.4959927613944193,0.04139077101290035,0.5057797057134469,0.00046485163916012675,0.00568031277265998,0.03926280970025008
1984,2968,0.011659069346651727,3.4959927613944193,0.04139077101290035,0.5057797057134469,0.0004825778695507873,0.00589692066304218,0.04076002204049
1985,2968,0.02274381457350113,3.4959927613944193,0.04139077101290035,0.5057797057134469,0.000941384020971651,0.011503359841786605,0.07951221111545685
1986,2968,0.011258399001203285,3.4959927613944193,0.04139077101290035,0.5057797057134469,0.00046599381503067115,0.005694269733633161,0.039359281413096844
1987,2968,0.018052517932762833,3.4959927613944193,0.04139077101290035,0.5057797057134469,0.0007472076359612635,0.009130597207419508,0.06311147201788181
1988,2968,0.01483981298322664,3.4959927613944193,0.04139077101290035,0.5057797057134469,0.0006142313010629994,0.007505676243498958,0.05187987876980726
1989,2968,0.010596762992179251,3.4959927613944193,0.04139077101290035,0.5057797057134469,0.0004386081904872681,0.005359627667699566,0.03704620671487093
1990,2968,0.01399102109414183,3.4959927613944193,0.04139077101290035,0.5057797057134469,0.0005790991503442829,0.007076374531625683,0.04891250846963647
1991,2968,0.02376951885740483,3.4959927613944193,0.04139077101290035,0.5057797057134469,0.00098383871211366,0.012022140252648441,0.08309806586731544
1992,2968,0.022774350763302358,3.4959927613944193,0.04139077101290035,0.5057797057134469,0.0009426479374113201,0.01151880442687788,0.0796189654139625
1993,2968,0.010301588538802772,3.4959927613944193,0.04139077101290035,0.5057797057134469,0.0004263906922787042,0.005210334419536684,0.0360142789625182
1994,2968,0.024331782506038138,3.4959927613944193,0.04139077101290035,0.5057797057134469,0.001007111238043119,0.012306521795387564,0.0850637355129327
1995,2968,0.02100879581295755,3.4959927613944193,0.04139077101290035,0.5057797057134469,0.0008695702567509055,0.010625822563671564,0.07344659808771298
1996,2968,0.010891504409438176,3.4959927613944193,0.04139077101290035,0.5057797057134469,0.00045080776499705,0.00550870189498235,0.038076620576091263
1997,2968,0.01907609326112281,3.4959927613944193,0.04139077101290035,0.5057797057134469,0.0007895742079918656,0.009648300835772962,0.0666898839565702
1998,2968,0.017837290314140556,3.4959927613944193,0.04139077101290035,0.5057797057134469,0.0007382991988832171,0.009021739445811326,0.06235903782112617
1999,2968,0.019197141877191726,3.4959927613944193,0.04139077101290035,0.5057797057134469,0.0007945845035410027,0.009709524769185318,0.06711306904212395
2000,2968,0.02167392338385205,3.4959927613944193,0.04139077101290035,0.5057797057134469,0.0008971003997321664,0.010962230590740484,0.075771879260964
2001,2968,0.01853788005954984,3.4959927613944193,0.04139077101290035,0.5057797057134469,0.0007672971486094389,0.009376083521070293,0.06480829449978419
2002,2968,0.0186294045340126,3.4959927613944193,0.04139077101290035,0.5057797057134469,0.000771085417174003,0.009422374742829646,0.06512826339999643
2003,2968,0.014922887718059004,3.4959927613944193,0.04139077101290035,0.5057797057134469,0.0006176698283894032,0.007547693758434694,0.05217030744143596
2004,2968,0.017974714522518146,3.4959927613944193,0.04139077101290035,0.5057797057134469,0.000743987292823803,0.009091245821482448,0.06283947185885458
2005,2968,0.018509600551851618,3.4959927613944193,0.04139077101290035,0.5057797057134469,0.0007661266379819442,0.009361780319988964,0.0647094295455754
2006,2968,0.018052868476200218,3.4959927613944193,0.04139077101290035,0.5057797057134469,0.0007472221452244105,0.009130774505176109,0.06311269751520146
2007,2968,0.01931460960048815,3.4959927613944193,0.04139077101290035,0.5057797057134469,0.0007994465831773716,0.009768937559705012,0.06752373535246572
2008,2968,0.017327403223973463,3.4959927613944193,0.04139077101290035,0.5057797057134469,0.0007171945790916768,0.008763848903399528,0.06057647624477355
2009,2968,0.022319462955170958,3.4959927613944193,0.04139077101290035,0.5057797057134469,0.0009238197803083932,0.011288731405148546,0.07802868092948856
2010,2968,0.02075550671809313,3.4959927613944193,0.04139077101290035,0.5057797057134469,0.0008590864258253075,0.010497714079810613,0.07256110124552682
2011,2968,0.01335655099562295,3.4959927613944193,0.04139077101290035,0.5057797057134469,0.0005528379437819557,0.006755472431912822,0.04669440559789326
2012,2968,0.012466043650450244,3.4959927613944193,0.04139077101290035,0.5057797057134469,0.0005159791581726064,0.006305071888935707,0.04358119836520091
2013,2968,0.016543249353028432,3.4959927613944193,0.04139077101290035,0.5057797057134469,0.0006847378457805116,0.008367239789318892,0.05783507998813031
2014,2968,0.01993160611116226,3.4959927613944193,0.04139077101290035,0.5057797057134469,0.0008249845444664424,0.010081001873299987,0.06968075068758804
2015,2968,0.023389524907651345,3.4959927613944193,0.04139077101290035,0.5057797057134469,0.000968110469553126,0.011829947024569232,0.08176960976960357
2016,2968,0.012938906492297272,3.4959927613944193,0.04139077101290035,0.5057797057134469,0.0005355513157800061,0.006544236317927922,0.04523432343743052
1979,2972,0.02628122340134917,12.810442509236966,0.028550590013708764,0.8062623008513037,0.0007503444343906087,0.021189559648758904,0.3366741014553967
1980,2972,0.04447084143808873,12.810442509236966,0.028550590013708764,0.8062623008513037,0.0012696687614635218,0.03585516293866692,0.5696911575800286
1981,2972,0.023112250065231245,12.810442509236966,0.028550590013708764,0.8062623008513037,0.000659868375906731,0.018634535915444037,0.2960781507197532
1982,2972,0.028629256139393218,12.810442509236966,0.028550590013708764,0.8062623008513037,0.0008173821544332703,0.023082689926608488,0.36675343985591624
1983,2972,0.041391504396593184,12.810442509236966,0.028550590013708764,0.8062623008513037,0.0011817518720777557,0.033372409570494074,0.5302434874433861
1984,2972,0.025208014671015445,12.810442509236966,0.028550590013708764,0.8062623008513037,0.0007197036919317176,0.020324271908546333,0.32292582271504533
1985,2972,0.018328593476117643,12.810442509236966,0.028550590013708764,0.8062623008513037,0.000523292157864572,0.014777653947422805,0.23479739300098076
1986,2972,0.03322324761761625,12.810442509236966,0.028550590013708764,0.8062623008513037,0.0009485433216544879,0.02678665206593187,0.4256045035756169
1987,2972,0.030930455643519875,12.810442509236966,0.028550590013708764,0.8062623008513037,0.0008830827580153405,0.024938060333523526,0.3962328238058154
1988,2972,0.022634579101302104,12.810442509236966,0.028550590013708764,0.8062623008513037,0.000646230588054137,0.01824940782501667,0.2899589742980071
1989,2972,0.023385398353983376,12.810442509236966,0.028550590013708764,0.8062623008513037,0.0006676669207118392,0.018854765083206926,0.2995773011693088
1990,2972,0.01919789965239868,12.810442509236966,0.028550590013708764,0.8062623008513037,0.0005481113620999568,0.015478542745255404,0.24593358979515362
1991,2972,0.030212745177012106,12.810442509236966,0.028550590013708764,0.8062623008513037,0.0008625917007375294,0.024359397441451908,0.38703863513634
1992,2972,0.02616269296262841,12.810442509236966,0.028550590013708764,0.8062623008513037,0.0007469603204305472,0.021093993024514993,0.33515567408456975
1993,2972,0.024342447839004543,12.810442509236966,0.028550590013708764,0.8062623008513037,0.0006949912481815096,0.019626398003028647,0.3118375285756673
1994,2972,0.027528392557489137,12.810442509236966,0.028550590013708764,0.8062623008513037,0.000785951849645304,0.022195105122139097,0.35265089022942137
1995,2972,0.02503807305541635,12.810442509236966,0.028550590013708764,0.8062623008513037,0.0007148517585384805,0.020187254390543016,0.3207487954184863
1996,2972,0.029991355621938613,12.810442509236966,0.028550590013708764,0.8062623008513037,0.0008562708983173088,0.024180899389393908,0.3842025369689255
1997,2972,0.025256081885961373,12.810442509236966,0.028550590013708764,0.8062623008513037,0.0007210760392787396,0.02036302669186415,0.3235415850086893
1998,2972,0.029331124701956087,12.810442509236966,0.028550590013708764,0.8062623008513037,0.0008374209160065139,0.023648580088755623,0.3757446867256687
1999,2972,0.025244160806494227,12.810442509236966,0.028550590013708764,0.8062623008513037,0.0007207356854263523,0.020353415174904337,0.32338887070552735
2000,2972,0.026280370987134108,12.810442509236966,0.028550590013708764,0.8062623008513037,0.0007503200974618326,0.021188872379312593,0.33666318165210063
2001,2972,0.02224477355230649,12.810442509236966,0.028550590013708764,0.8062623008513037,0.0006351014096396946,0.01793512230619886,0.28496539272281723
2002,2972,0.0233863952507359,12.810442509236966,0.028550590013708764,0.8062623008513037,0.0006676953827023065,0.01885556884347633,0.2995900718578447
2003,2972,0.027065467257589508,12.810442509236966,0.028550590013708764,0.8062623008513037,0.0007727350592008966,0.02182186590471974,0.3467206122889859
2004,2972,0.020634255475566632,12.810442509236966,0.028550590013708764,0.8062623008513037,0.0005891201683210281,0.016636622296083963,0.2643339434906544
2005,2972,0.025955681723932263,12.810442509236966,0.028550590013708764,0.8062623008513037,0.0007410500274263036,0.02092708766690176,0.33250376851248686
2006,2972,0.02598177366788551,12.810442509236966,0.028550590013708764,0.8062623008513037,0.0007417949678207733,0.020948124617667187,0.3328380178604542
2007,2972,0.02076393650740932,12.810442509236966,0.028550590013708764,0.8062623008513037,0.0005928226382937233,0.016741179223194222,0.26599521489361366
2008,2972,0.02094384253555101,12.810442509236966,0.028550590013708764,0.8062623008513037,0.0005979590615441915,0.01688623067138076,0.268299890724188
2009,2972,0.0,12.810442509236966,0.028550590013708764,0.8062623008513037,0.0,0.0,0.0
2010,2972,0.0,12.810442509236966,0.028550590013708764,0.8062623008513037,0.0,0.0,0.0
2011,2972,0.0,12.810442509236966,0.028550590013708764,0.8062623008513037,0.0,0.0,0.0
2012,2972,0.0,12.810442509236966,0.028550590013708764,0.8062623008513037,0.0,0.0,0.0
2013,2972,0.0,12.810442509236966,0.028550590013708764,0.8062623008513037,0.0,0.0,0.0
2014,2972,0.0,12.810442509236966,0.028550590013708764,0.8062623008513037,0.0,0.0,0.0
2015,2972,0.0,12.810442509236966,0.028550590013708764,0.8062623008513037,0.0,0.0,0.0
2016,2972,0.0,12.810442509236966,0.028550590013708764,0.8062623008513037,0.0,0.0,0.0
1979,2990,0.01415232216532104,11.75785687344727,0.039214323072848674,0.5334362388189217,0.0005549737336219366,0.0075493615064225125,0.16640097844676013
1980,2990,0.02391198086147419,11.75785687344727,0.039214323072848674,0.5334362388189217,0.0009376921428136232,0.01275551713345483,0.2811536485298239
1981,2990,0.012939569335692592,11.75785687344727,0.039214323072848674,0.5334362388189217,0.0005074164523533751,0.006902435198368508,0.15214160425312068
1982,2990,0.02608439840181264,11.75785687344727,0.039214323072848674,0.5334362388189217,0.0010228820260895785,0.013914363375317226,0.30669662303848977
1983,2990,0.02137606144160664,11.75785687344727,0.039214323072848674,0.5334362388189217,0.0008382477793962261,0.01140276581617282,0.25133667094842577
1984,2990,0.025310277481813817,11.75785687344727,0.039214323072848674,0.5334362388189217,0.0009925253982352939,0.01350141922336201,0.29759462005840226
1985,2990,0.023410001788601958,11.75785687344727,0.039214323072848674,0.5334362388189217,0.0009180073732742024,0.012487743304856058,0.2752514504375264
1986,2990,0.018523346104312253,11.75785687344727,0.039214323072848674,0.5334362388189217,0.0007263804785246936,0.009881024076225453,0.21779485231183054
1987,2990,0.022395971333937958,11.75785687344727,0.039214323072848674,0.5334362388189217,0.0008782428554193007,0.011946822713072252,0.26332862548627045
1988,2990,0.014182992147898497,11.75785687344727,0.039214323072848674,0.5334362388189217,0.0005561764362273676,0.007565721986573274,0.16676159171221702
1989,2990,0.012644889012048716,11.75785687344727,0.039214323072848674,0.5334362388189217,0.0004958607629387926,0.006745242034869977,0.14867679518429486
1990,2990,0.02396749139276816,11.75785687344727,0.039214323072848674,0.5334362388189217,0.0009398689507217304,0.012785128462483124,0.2818063334117474
1991,2990,0.025201292242881285,11.75785687344727,0.039214323072848674,0.5334362388189217,0.0009882516158656218,0.013443282547419059,0.2963131872177151
1992,2990,0.01752435405601965,11.75785687344727,0.039214323072848674,0.5334362388189217,0.0006872056815957405,0.009348125515374237,0.2060488467902942
1993,2990,0.020830407719261288,11.75785687344727,0.039214323072848674,0.5334362388189217,0.000816850338042273,0.011111694346827374,0.24492095257862542
1994,2990,0.02238813088714937,11.75785687344727,0.039214323072848674,0.5334362388189217,0.0008779353976058976,0.011942640334626688,0.2632364386351064
1995,2990,0.01823574271100116,11.75785687344727,0.039214323072848674,0.5334362388189217,0.0007151023061425448,0.009727606003826024,0.21441325277696094
1996,2990,0.012927039148429895,11.75785687344727,0.039214323072848674,0.5334362388189217,0.0005069250895418925,0.006895751142403399,0.15199427610468838
1997,2990,0.016946774181400844,11.75785687344727,0.039214323072848674,0.5334362388189217,0.0006645562777920633,0.009040023479440076,0.19925774529154264
1998,2990,0.024585015645864967,11.75785687344727,0.039214323072848674,0.5334362388189217,0.0009640847462879883,0.01311453827743455,0.2890670951955421
1999,2990,0.012179834231226334,11.75785687344727,0.039214323072848674,0.5334362388189217,0.0004776239545170509,0.006497164961743328,0.1432087476330729
2000,2990,0.0219926901599801,11.75785687344727,0.039214323072848674,0.5334362388189217,0.0008624284571745196,0.011731697920449693,0.25858690316311816
2001,2990,0.01742017801368434,11.75785687344727,0.039214323072848674,0.5334362388189217,0.000683120488615153,0.009292554239175847,0.20482395979487344
2002,2990,0.015252014221795215,11.75785687344727,0.039214323072848674,0.5334362388189217,0.0005980974132051602,0.008135977100887141,0.17933100025165039
2003,2990,0.017818198968237563,11.75785687344727,0.039214323072848674,0.5334362388189217,0.0006987286109167667,0.009504873040143837,0.2095038332111431
2004,2990,0.016713605376055096,11.75785687344727,0.039214323072848674,0.5334362388189217,0.000655412720928725,0.008915642788906539,0.19651617985093467
2005,2990,0.017932157083393817,11.75785687344727,0.039214323072848674,0.5334362388189217,0.0007031974012612769,0.009565662428475681,0.21084373641871815
2006,2990,0.016876420343885368,11.75785687344727,0.039214323072848674,0.5334362388189217,0.0006617973996783167,0.009002494192969343,0.1984305349395379
2007,2990,0.015294153796360531,11.75785687344727,0.039214323072848674,0.5334362388189217,0.0005997498880963169,0.008158455877048694,0.17982647133809734
2008,2990,0.01314223017372335,11.75785687344727,0.039214323072848674,0.5334362388189217,0.0005153636599301276,0.007010541833563527,0.15452446138053919
2009,2990,0.024319393770520614,11.75785687344727,0.039214323072848674,0.5334362388189217,0.0009536685642530188,0.01297284594330283,0.28594395120278654
2010,2990,0.017415947504495426,11.75785687344727,0.039214323072848674,0.5334362388189217,0.0006829545920610563,0.009290297532265825,0.20477421807332838
2011,2990,0.020478232493260296,11.75785687344727,0.039214323072848674,0.5334362388189217,0.0008030400249516167,0.0109238313188642,0.2407801266769318
2012,2990,0.02778254718758851,11.75785687344727,0.039214323072848674,0.5334362388189217,0.0010894737812007591,0.014820217476556425,0.32666321341146065
2013,2990,0.020561133462551805,11.75785687344727,0.039214323072848674,0.5334362388189217,0.0008062909303444662,0.010968053700117506,0.24175486440853142
2014,2990,0.01985295743697314,11.75785687344727,0.039214323072848674,0.5334362388189217,0.0007785202868849784,0.01059028694461109,0.23342823205857072
2015,2990,0.0,11.75785687344727,0.039214323072848674,0.5334362388189217,0.0,0.0,0.0
2016,2990,0.0,11.75785687344727,0.039214323072848674,0.5334362388189217,0.0,0.0,0.0
1979,2993,0.015465711834857397,9.279193884573449,0.032732805525838515,0.463301152389317,0.0005062361378090464,0.00716528211561053,0.14350933867858395
1980,2993,0.01845111245075173,9.279193884573449,0.032732805525838515,0.463301152389317,0.000603956675585834,0.008548421661298152,0.17121144981659248
1981,2993,0.013066598083719988,9.279193884573449,0.032732805525838515,0.463301152389317,0.00042770641395870057,0.006053769949995512,0.12124749703063366
1982,2993,0.009424735570614342,9.279193884573449,0.032732805525838515,0.463301152389317,0.000308498036565372,0.0043664908508302125,0.08745394867056645
1983,2993,0.012065611664963396,9.279193884573449,0.032732805525838515,0.463301152389317,0.0003949413201795355,0.005590011788659527,0.1119591499751664
1984,2993,0.02187305173425706,9.279193884573449,0.032732805525838515,0.463301152389317,0.0007159663486740412,0.010133810074752444,0.20296428788947676
1985,2993,0.011824014216144572,9.279193884573449,0.032732805525838515,0.463301152389317,0.0003870331578718102,0.005478079412207447,0.10971732040555823
1986,2993,0.011782218900433477,9.279193884573449,0.032732805525838515,0.463301152389317,0.0003856650799307479,0.005458715594274022,0.10932949356760802
1987,2993,0.020401293334790026,9.279193884573449,0.032732805525838515,0.463301152389317,0.0006677915672032675,0.009451942712240712,0.18930755634957266
1988,2993,0.01525668213386639,9.279193884573449,0.032732805525838515,0.463301152389317,0.0004993940092573835,0.007068438414257803,0.141569711555454
1989,2993,0.009852789987447472,9.279193884573449,0.032732805525838515,0.463301152389317,0.000322509458546047,0.004564808955434338,0.09142594859750909
1990,2993,0.014313978102263288,9.279193884573449,0.032732805525838515,0.463301152389317,0.00046853666152249523,0.00663168255005403,0.13282217807043975
1991,2993,0.017217659009761566,9.279193884573449,0.032732805525838515,0.463301152389317,0.0005635822839767267,0.00797696126066884,0.15976599619005047
1992,2993,0.015367623950498337,9.279193884573449,0.032732805525838515,0.463301152389317,0.0005030254461658802,0.007119837885751548,0.14259916218188862
1993,2993,0.010192576101325712,9.279193884573449,0.032732805525838515,0.463301152389317,0.0003336316113320038,0.004722232253560014,0.09457888982747102
1994,2993,0.02669456832729321,9.279193884573449,0.032732805525838515,0.463301152389317,0.0008737881136534969,0.012367624268570306,0.2477040751739472
1995,2993,0.01288685893342431,9.279193884573449,0.032732805525838515,0.463301152389317,0.0004218230473066927,0.0059704965945340475,0.11957966260639157
1996,2993,0.012464734185780969,9.279193884573449,0.032732805525838515,0.463301152389317,0.00040800572003443954,0.005774925712498838,0.11566268522953237
1997,2993,0.02259165879412616,9.279193884573449,0.032732805525838515,0.463301152389317,0.0007394883738142311,0.010466741553704898,0.20963238212482543
1998,2993,0.017050093043005744,9.279193884573449,0.032732805525838515,0.463301152389317,0.0005580973797741592,0.007899327755169638,0.1582111190960672
1999,2993,0.008510835426256502,9.279193884573449,0.032732805525838515,0.463301152389317,0.00027858352087007103,0.003943079860780461,0.07897369203993039
2000,2993,0.020055895715325588,9.279193884573449,0.032732805525838515,0.463301152389317,0.0006564857340962504,0.00929191959711031,0.18610254487129202
2001,2993,0.02067293742980245,9.279193884573449,0.032732805525838515,0.463301152389317,0.0006766832405375514,0.00957779573449972,0.19182819457479244
2002,2993,0.02047259257227304,9.279193884573449,0.032732805525838515,0.463301152389317,0.0006701253912779395,0.00948497573113107,0.18996915579799978
2003,2993,0.021429222007987955,9.279193884573449,0.032732805525838515,0.463301152389317,0.0007014385565574884,0.009928183251107333,0.1988459058076886
2004,2993,0.017349692279213166,9.279193884573449,0.032732805525838515,0.463301152389317,0.0005679041033086266,0.008038132426559496,0.160991158496506
2005,2993,0.017078901485358688,9.279193884573449,0.032732805525838515,0.463301152389317,0.0005590403609152005,0.007912674739710298,0.15847843821817273
2006,2993,0.01843372513493101,9.279193884573449,0.032732805525838515,0.463301152389317,0.0006033875399584581,0.008540366097841454,0.17105010954195968
2007,2993,0.02015650935567896,9.279193884573449,0.032732805525838515,0.463301152389317,0.000659779100819184,0.009338534012632113,0.1870361583475637
2008,2993,0.010985419320946248,9.279193884573449,0.032732805525838515,0.463301152389317,0.00035958359425232255,0.005089557430874266,0.10193583578239944
2009,2993,0.016627503385280292,9.279193884573449,0.032732805525838515,0.463301152389317,0.0005442648346906014,0.007703541479757629,0.1542898277284172
2010,2993,0.01620098505529126,9.279193884573449,0.032732805525838515,0.463301152389317,0.000530303693141865,0.007505935045958543,0.1503320814491245
2011,2993,0.017624882488364142,9.279193884573449,0.032732805525838515,0.463301152389317,0.0005769118509073803,0.0081656283675854,0.16354470180235423
2012,2993,0.01878447391603551,9.279193884573449,0.032732805525838515,0.463301152389317,0.0006148685315987766,0.008702868412326318,0.17430477548660617
2013,2993,0.01422876283904019,9.279193884573449,0.032732805525838515,0.463301152389317,0.00046574732688358045,0.00659220222040161,0.13203144912106768
2014,2993,0.016219225001411326,9.279193884573449,0.032732805525838515,0.463301152389317,0.0005309007377510148,0.00751438563401549,0.15050133344561675
2015,2993,0.0228904404144244,9.279193884573449,0.032732805525838515,0.463301152389317,0.0007492683344861483,0.01060516742270182,0.2124048347087198
2016,2993,0.01805484247489833,9.279193884573449,0.032732805525838515,0.463301152389317,0.0005909856475304961,0.008364829324827985,0.16753438388001354
1979,2995,0.0097283353887185,13.55664880079138,0.0497920357252128,0.3133710581164646,0.00048439362322192346,0.003048578754474564,0.131883626281167
1980,2995,0.003189821871541744,13.55664880079138,0.0497920357252128,0.3133710581164646,0.00015882772458487165,0.0009995978550880777,0.0432432948495745
1981,2995,0.014503653304890509,13.55664880079138,0.0497920357252128,0.3133710581164646,0.0007221664235032088,0.004545025182707898,0.19662093418283785
1982,2995,0.012291496622194966,13.55664880079138,0.0497920357252128,0.3133710581164646,0.0006120186389286642,0.003851799302332187,0.1666315029432107
1983,2995,0.006195129322917262,13.55664880079138,0.0497920357252128,0.3133710581164646,0.00030846810056900966,0.0019413742310909192,0.08398519250627381
1984,2995,0.003609735187570162,13.55664880079138,0.0497920357252128,0.3133710581164646,0.00017973606341805122,0.0011311865352490965,0.048935912201747485
1985,2995,0.008113021759157317,13.55664880079138,0.0497920357252128,0.3133710581164646,0.0004039638692713899,0.002542386213189029,0.10998538670207442
1986,2995,0.00474477893609614,13.55664880079138,0.0497920357252128,0.3133710581164646,0.00023625220229433615,0.0014868763957331605,0.06432330167404794
1987,2995,0.005735157265028198,13.55664880079138,0.0497920357252128,0.3133710581164646,0.00028556515542999775,0.0017972323006062154,0.07774951285929449
1988,2995,0.0030183265009994602,13.55664880079138,0.0497920357252128,0.3133710581164646,0.00015028862096812167,0.0009458561693591671,0.040918392340171174
1989,2995,0.00846289087737626,13.55664880079138,0.0497920357252128,0.3133710581164646,0.00042138456490489615,0.002652025068967574,0.11472843946401118
1990,2995,0.012392690378552146,13.55664880079138,0.0497920357252128,0.3133710581164646,0.0006170572820603694,0.0038835104968366163,0.16800335115897783
1991,2995,0.006851137197037959,13.55664880079138,0.0497920357252128,0.3133710581164646,0.00034113206807324833,0.0021469481127368547,0.09287846086628188
1992,2995,0.008516656655134108,13.55664880079138,0.0497920357252128,0.3133710581164646,0.0004240616724318088,0.002668873707634005,0.11545732323057573
1993,2995,0.009904828878342587,13.55664880079138,0.0497920357252128,0.3133710581164646,0.0004931815933625535,0.003103886706068732,0.13427628653562687
1994,2995,0.015320159364557412,13.55664880079138,0.0497920357252128,0.3133710581164646,0.0007628219223959961,0.00480089455058422,0.20769002007746007
1995,2995,0.009297833868147594,13.55664880079138,0.0497920357252128,0.3133710581164646,0.00046295807612989847,0.0029136720374525124,0.12604746835858058
1996,2995,0.0060253368982493205,13.55664880079138,0.0497920357252128,0.3133710581164646,0.00030001379009407303,0.0018881661993125664,0.08168337623601571
1997,2995,0.015484953848529538,13.55664880079138,0.0497920357252128,0.3133710581164646,0.0007710273752292541,0.0048525363723983216,0.20992408102097784
1998,2995,0.013005200859627948,13.55664880079138,0.0497920357252128,0.3133710581164646,0.000647555425816163,0.004075453554398765,0.17630694063772626
1999,2995,0.006672802217997332,13.55664880079138,0.0497920357252128,0.3133710581164646,0.00033225240642580236,0.0020910630916557158,0.0904608361865316
2000,2995,0.011916348931186491,13.55664880079138,0.0497920357252128,0.3133710581164646,0.0005933392716957391,0.0037342388734509127,0.161545757447781
2001,2995,0.007257059016790547,13.55664880079138,0.0497920357252128,0.3133710581164646,0.00036134374182401256,0.002274152262905284,0.09838140041724584
2002,2995,0.016135554320625974,13.55664880079138,0.0497920357252128,0.3133710581164646,0.0008034220971787202,0.005056415730750254,0.2187440431308183
2003,2995,0.009747850593946256,13.55664880079138,0.0497920357252128,0.3133710581164646,0.00048536532501780875,0.003054694254986146,0.13214818706471507
2004,2995,0.01167244031150858,13.55664880079138,0.0497920357252128,0.3133710581164646,0.0005811945649910492,0.0036578049712187193,0.15823917395132175
2005,2995,0.008310256299918991,13.55664880079138,0.0497920357252128,0.3133710581164646,0.0004137845785712411,0.0026041938099246303,0.1126592261025658
2006,2995,0.012020607063923164,13.55664880079138,0.0497920357252128,0.3133710581164646,0.0005985304963656075,0.003766910354823851,0.16295914833791836
2007,2995,0.013316854441244086,13.55664880079138,0.0497920357252128,0.3133710581164646,0.0006630732920858843,0.0041731167670356,0.180531918791205
2008,2995,0.015305159876651715,13.55664880079138,0.0497920357252128,0.3133710581164646,0.0007620750673583357,0.004796194145188007,0.20748667728773082
2009,2995,0.01421631266839906,13.55664880079138,0.0497920357252128,0.3133710581164646,0.0007078591482657212,0.004454980943410714,0.19272555808772743
2010,2995,0.01296638889149464,13.55664880079138,0.0497920357252128,0.3133710581164646,0.0006456228989123035,0.004063291006877248,0.1757807804164755
2011,2995,0.01570829909276866,13.55664880079138,0.0497920357252128,0.3133710581164646,0.0007821481896094648,0.004922526307910816,0.21295189405845458
2012,2995,0.017608033691790318,13.55664880079138,0.0497920357252128,0.3133710581164646,0.0008767398426323741,0.00551784814934669,0.23870592883210345
2013,2995,0.007573207333572129,13.55664880079138,0.0497920357252128,0.3133710581164646,0.000377085410107667,0.002373223995456868,0.1026673121168151
2014,2995,0.012618286155014737,13.55664880079138,0.0497920357252128,0.3133710581164646,0.0006282901550214518,0.003954205684013303,0.17106167387142301
2015,2995,0.017468688680941126,13.55664880079138,0.0497920357252128,0.3133710581164646,0.000869801570874041,0.005474181455853629,0.2368168774578785
2016,2995,0.018887523422503175,13.55664880079138,0.0497920357252128,0.3133710581164646,0.0009404482410140715,0.005918803200109329,0.25605152175559676
1979,3008,0.021682527047837602,3.613388726784288,0.014935336654818002,0.7943568025481003,0.0003238358409866517,0.01722366285688298,0.0783473988028518
1980,3008,0.020063075518253082,3.613388726784288,0.014935336654818002,0.7943568025481003,0.00029964878719614693,0.01593724051796059,0.07249569090227752
1981,3008,0.030358963913941783,3.613388726784288,0.014935336654818002,0.7943568025481003,0.0004534213465461917,0.024115849503351952,0.10969873796348824
1982,3008,0.020665745908451338,3.613388726784288,0.014935336654818002,0.7943568025481003,0.00030864987236564845,0.01641597584210889,0.07467337329618659
1983,3008,0.02384126538749852,3.613388726784288,0.014935336654818002,0.7943568025481003,0.00035607732483915037,0.01893847134191402,0.08614775958345959
1984,3008,0.023092439165714462,3.613388726784288,0.014935336654818002,0.7943568025481003,0.0003448933531208501,0.01834363613871346,0.08344195935534461
1985,3008,0.03030141696775328,3.613388726784288,0.014935336654818002,0.7943568025481003,0.00045256186353140977,0.02407013669518125,0.10949079847686985
1986,3008,0.03392208150528798,3.613388726784288,0.014935336654818002,0.7943568025481003,0.0005066377073136513,0.026946236200316605,0.12257366690026537
1987,3008,0.021952431657041426,3.613388726784288,0.014935336654818002,0.7943568025481003,0.0003278669571897979,0.017438063419243123,0.07932266907505602
1988,3008,0.03604410003521657,3.613388726784288,0.014935336654818002,0.7943568025481003,0.0005383307684458968,0.0286318760546985,0.1302413447343367
1989,3008,0.03537012835502045,3.613388726784288,0.014935336654818002,0.7943568025481003,0.0005282647745063545,0.028096502065809943,0.1278060230629442
1990,3008,0.019390667056019398,3.613388726784288,0.014935336654818002,0.7943568025481003,0.0002896061404431384,0.015403108281894354,0.07006601774504796
1991,3008,0.02155392912870621,3.613388726784288,0.014935336654818002,0.7943568025481003,0.0003219151877713153,0.017121510225027423,0.07788272453157451
1992,3008,0.02379951797494685,3.613388726784288,0.014935336654818002,0.7943568025481003,0.00035545381317822364,0.01890530900076482,0.08599690995357298
1993,3008,0.02100677398103264,3.613388726784288,0.014935336654818002,0.7943568025481003,0.00031374324143839386,0.016686873811423714,0.07590564028916884
1994,3008,0.03408597701405222,3.613388726784288,0.014935336654818002,0.7943568025481003,0.000509085541913258,0.027076427712610564,0.12316588508400465
1995,3008,0.026039395148644725,3.613388726784288,0.014935336654818002,0.7943568025481003,0.00038890713283284365,0.020684570670563937,0.09409045688239433
1996,3008,0.03242466029956145,3.613388726784288,0.014935336654818002,0.7943568025481003,0.00048427321749206225,0.02575674947926796,0.1171629019962454
1997,3008,0.02989452337119608,3.613388726784288,0.014935336654818002,0.7943568025481003,0.00044648477068413823,0.02374691799884277,0.10802053374206934
1998,3008,0.021185604140493617,3.613388726784288,0.014935336654818002,0.7943568025481003,0.00031641413007397833,0.016828928765092302,0.07655182317137417
1999,3008,0.018130372379196884,3.613388726784288,0.014935336654818002,0.7943568025481003,0.0002707832151605191,0.01440198463214523,0.06551208316739125
2000,3008,0.019586498211781742,3.613388726784288,0.014935336654818002,0.7943568025481003,0.0002925309446819511,0.015558668092625029,0.07077363183563276
2001,3008,0.020027153736803364,3.613388726784288,0.014935336654818002,0.7943568025481003,0.0002991122832969546,0.015908705806506357,0.0723658915421411
2002,3008,0.016035424411187674,3.613388726784288,0.014935336654818002,0.7943568025481003,0.00023949446198397466,0.012737848462772794,0.05794222179658712
2003,3008,0.01999490851281417,3.613388726784288,0.014935336654818002,0.7943568025481003,0.00029863069002116594,0.015883091593480853,0.0722493770132859
2004,3008,0.024809717626404385,3.613388726784288,0.014935336654818002,0.7943568025481003,0.0003705414850613217,0.019707767965831832,0.08964715398595105
2005,3008,0.024568309431825537,3.613388726784288,0.014935336654818002,0.7943568025481003,0.0003669359724040548,0.019516003724277267,0.08877485233710648
2006,3008,0.02441907445972653,3.613388726784288,0.014935336654818002,0.7943568025481003,0.00036470709785508377,0.019397457909012344,0.08823560837128197
2007,3008,0.023681930045392475,3.613388726784288,0.014935336654818002,0.7943568025481003,0.00035369759786378597,0.01881190222902575,0.0855720190545153
2008,3008,0.028578122163234024,3.613388726784288,0.014935336654818002,0.7943568025481003,0.0004268238754704159,0.022701225744415576,0.10326386445729403
2009,3008,0.018122847645044838,3.613388726784288,0.014935336654818002,0.7943568025481003,0.0002706708307227203,0.014396007308384187,0.0654848933778342
2010,3008,0.034101074676827714,3.613388726784288,0.014935336654818002,0.7943568025481003,0.0005093110305895109,0.027088420643738856,0.12322043880847841
2011,3008,0.027246504302731983,3.613388726784288,0.014935336654818002,0.7943568025481003,0.0004069357144282494,0.021643446038531234,0.09845221149177134
2012,3008,0.0205851383803332,3.613388726784288,0.014935336654818002,0.7943568025481003,0.00030744597179629133,0.01635194470381166,0.07438210696279056
2013,3008,0.02302905236226436,3.613388726784288,0.014935336654818002,0.7943568025481003,0.00034394664987185,0.01829328440020109,0.0832129181943311
2014,3008,0.028047324834430096,3.613388726784288,0.014935336654818002,0.7943568025481003,0.00041889623866925107,0.022279583275505818,0.1013458873731867
2015,3008,0.0317416980012503,3.613388726784288,0.014935336654818002,0.7943568025481003,0.0004740729456442369,0.02521423373172061,0.11469509372670919
2016,3008,0.050074409686176366,3.613388726784288,0.014935336654818002,0.7943568025481003,0.0007478781664543235,0.03977694796779468,0.18093830746040762
1979,3010,0.020801451480378028,10.682379667359534,0.02499868375801973,0.6134706132865775,0.0005200089072657617,0.012761079196918493,0.22220900234555613
1980,3010,0.02869528623579704,10.682379667359534,0.02499868375801973,0.6134706132865775,0.0007173443859545466,0.017603714845508295,0.30653394223434016
1981,3010,0.019753888440090888,10.682379667359534,0.02499868375801973,0.6134706132865775,0.0004938212101050338,0.01211843005613719,0.21101853622371544
1982,3010,0.0167860904133881,10.682379667359534,0.02499868375801973,0.6134706132865775,0.00041963016577781584,0.010297773180585137,0.17931539092643584
1983,3010,0.021296441444043444,10.682379667359534,0.02499868375801973,0.6134706132865775,0.0005323830048308271,0.013064740993499017,0.2274966730689626
1984,3010,0.01602255085989353,10.682379667359534,0.02499868375801973,0.6134706132865775,0.0004005426819432655,0.009829364102434264,0.17115897152496068
1985,3010,0.02168555776104544,10.682379667359534,0.02499868375801973,0.6134706132865775,0.0005421104005846454,0.013303452419130045,0.23165336130194253
1986,3010,0.017811235992682795,10.682379667359534,0.02499868375801973,0.6134706132865775,0.0004452574559205358,0.010926669867823077,0.190266385218777
1987,3010,0.018244643132888618,10.682379667359534,0.02499868375801973,0.6134706132865775,0.0004560920639570089,0.011192552411927926,0.19489620484100012
1988,3010,0.017493414417021614,10.682379667359534,0.02499868375801973,0.6134706132865775,0.0004373123348591064,0.010731695670886506,0.18687129448108583
1989,3010,0.026858913072975398,10.682379667359534,0.02499868375801973,0.6134706132865775,0.0006714374739954539,0.01647715387508909,0.28691710689812955
1990,3010,0.0180089726672743,10.682379667359534,0.02499868375801973,0.6134706132865775,0.0004502006125160113,0.011047975506853975,0.19237868345092457
1991,3010,0.011662977734687377,10.682379667359534,0.02499868375801973,0.6134706132865775,0.00029155909206627506,0.007154894103646363,0.12458835621389139
1992,3010,0.01361003098359269,10.682379667359534,0.02499868375801973,0.6134706132865775,0.00034023286049568387,0.00834935405435393,0.14538751825126384
1993,3010,0.025253207492542475,10.682379667359534,0.02499868375801973,0.6134706132865775,0.0006312969479817238,0.015492100687903226,0.2697643502539472
1994,3010,0.01581873906732704,10.682379667359534,0.02499868375801973,0.6134706132865775,0.0003954476553947407,0.009704331557053462,0.1689817765760803
1995,3010,0.015387291665307647,10.682379667359534,0.02499868375801973,0.6134706132865775,0.00038466203823343863,0.009439651254735724,0.16437289162121324
1996,3010,0.01167630681533969,10.682379667359534,0.02499868375801973,0.6134706132865775,0.0002918923015382874,0.007163071102928685,0.12473074251403626
1997,3010,0.02178281441573662,10.682379667359534,0.02499868375801973,0.6134706132865775,0.0005445416889386331,0.013363116518729646,0.232692293812531
1998,3010,0.024957239660121026,10.682379667359534,0.02499868375801973,0.6134706132865775,0.0006238981417364734,0.01531053312023454,0.2666027094986958
1999,3010,0.01661299740957684,10.682379667359534,0.02499868375801973,0.6134706132865775,0.00041530306851481237,0.010191585709381426,0.17746634574196024
2000,3010,0.018426477855268755,10.682379667359534,0.02499868375801973,0.6134706132865775,0.0004606376926780173,0.011304102670583262,0.19683863238217367
2001,3010,0.022216482208840902,10.682379667359534,0.02499868375801973,0.6134706132865775,0.0005553828129544854,0.013629158965727965,0.2373248978279769
2002,3010,0.02293583459262415,10.682379667359534,0.02499868375801973,0.6134706132865775,0.0005733656757072604,0.014070460513776636,0.24500929310616965
2003,3010,0.021482178856556684,10.682379667359534,0.02499868375801973,0.6134706132865775,0.0005370261956682785,0.013178685437863777,0.229480790627862
2004,3010,0.01815162140456549,10.682379667359534,0.02499868375801973,0.6134706132865775,0.00045376664318803455,0.011135486315204557,0.19390251142173848
2005,3010,0.0195951217901706,10.682379667359534,0.02499868375801973,0.6134706132865775,0.0004898522528323563,0.012021031382041136,0.20932253059075215
2006,3010,0.019784985646589003,10.682379667359534,0.02499868375801973,0.6134706132865775,0.000494598599336038,0.012137507278479088,0.2113507283901226
2007,3010,0.025851679520952058,10.682379667359534,0.02499868375801973,0.6134706132865775,0.0006462579609579555,0.015859245690206514,0.2761574556817131
2008,3010,0.024459790686461345,10.682379667359534,0.02499868375801973,0.6134706132865775,0.0006114625721582035,0.015005362793284757,0.26128877069692474
2009,3010,0.02071645098868034,10.682379667359534,0.02499868375801973,0.6134706132865775,0.000517884006854535,0.012708933893147053,0.22130099482132917
2010,3010,0.02931528108536185,10.682379667359534,0.02499868375801973,0.6134706132865775,0.0007328434411304184,0.01798406346610534,0.31315696260919895
2011,3010,0.02990823062963122,10.682379667359534,0.02499868375801973,0.6134706132865775,0.0007476663992720702,0.018347820586676267,0.31949107476467214
2012,3010,0.02485367954313835,10.682379667359534,0.02499868375801973,0.6134706132865775,0.00062130927512208,0.015247002031757148,0.2654964410106907
2013,3010,0.0215879194228838,10.682379667359534,0.02499868375801973,0.6134706132865775,0.000539669570646284,0.013243554167937743,0.2306103515036099
2014,3010,0.0223356075604949,10.682379667359534,0.02499868375801973,0.6134706132865775,0.0005583607899480466,0.013702238868265123,0.23859744006235262
2015,3010,0.028113592889672783,10.682379667359534,0.02499868375801973,0.6134706132865775,0.000702802817950642,0.017246863071716727,0.3003200730610641
2016,3010,0.0237192404030606,10.682379667359534,0.02499868375801973,0.6134706132865775,0.0005929497898165564,0.014551056956757354,0.2533779314068673
1979,3012,0.009239108440100214,0.5331867236048021,0.031130112020155167,0.6060009050490269,0.00028761448070668073,0.005598908076546834,0.004926169958206507
1980,3012,0.011073582118720485,0.5331867236048021,0.031130112020155167,0.6060009050490269,0.0003447218518201559,0.006710600786079335,0.005904286968449298
1981,3012,0.010885778545443784,0.5331867236048021,0.031130112020155167,0.6060009050490269,0.0003388755055462668,0.006596791650702213,0.00580415259653262
1982,3012,0.016038322092487255,0.5331867236048021,0.031130112020155167,0.6060009050490269,0.0004992747633544576,0.00971923770351508,0.008551420408611794
1983,3012,0.004868949392399391,0.5331867236048021,0.031130112020155167,0.6060009050490269,0.00015157094000585946,0.0029505877384319408,0.002596059173931023
1984,3012,0.02384220316549104,0.5331867236048021,0.031130112020155167,0.6060009050490269,0.0007422104553490342,0.014448396696650346,0.01271234618932821
1985,3012,0.011872637234095595,0.5331867236048021,0.031130112020155167,0.6060009050490269,0.0003695965270720611,0.007194828909180707,0.00633033254739581
1986,3012,0.01955212636517649,0.5331867236048021,0.031130112020155167,0.6060009050490269,0.0006086598839801734,0.011848606272929893,0.010424934196155521
1987,3012,0.0047140115985638605,0.5331867236048021,0.031130112020155167,0.6060009050490269,0.00014674770912760372,0.0028566952951413096,0.0025134483992733003
1988,3012,0.012725544909194631,0.5331867236048021,0.031130112020155167,0.6060009050490269,0.00039614763854074417,0.007711691732213984,0.0067850915962192546
1989,3012,0.006668701777168952,0.5331867236048021,0.031130112020155167,0.6060009050490269,0.00020759743335227733,0.004041239312466439,0.003555663251266235
1990,3012,0.02615429181771779,0.5331867236048021,0.031130112020155167,0.6060009050490269,0.0008141860340933825,0.01584952451245334,0.013945121162492833
1991,3012,0.011809857638454477,0.5331867236048021,0.031130112020155167,0.6060009050490269,0.00036764219122717304,0.007156784417403576,0.006296859300486689
1992,3012,0.00796717960880264,0.5331867236048021,0.031130112020155167,0.6060009050490269,0.0002480191937067222,0.004828118053622552,0.004247994391988468
1993,3012,0.010858703659002523,0.5331867236048021,0.031130112020155167,0.6060009050490269,0.00033803266129841733,0.00658038424501471,0.005789716626539032
1994,3012,0.011653157289361813,0.5331867236048021,0.031130112020155167,0.6060009050490269,0.00036276409180632097,0.007061823864031924,0.006213308754766242
1995,3012,0.0153518096312752,0.5331867236048021,0.031130112020155167,0.6060009050490269,0.000477903553533694,0.00930321053069314,0.008185381078704269
1996,3012,0.014315970074672344,0.5331867236048021,0.031130112020155167,0.6060009050490269,0.0004456577521017392,0.008675490821906226,0.007633085179338942
1997,3012,0.016604756002813376,0.5331867236048021,0.031130112020155167,0.6060009050490269,0.0005169079144349243,0.01006249716582317,0.008853435449397234
1998,3012,0.018573153801511613,0.5331867236048021,0.031130112020155167,0.6060009050490269,0.0005781843584086272,0.011255348013330812,0.009902959022436052
1999,3012,0.01773443875619069,0.5331867236048021,0.031130112020155167,0.6060009050490269,0.0005520750650947975,0.010747085936788098,0.009455767295383338
2000,3012,0.010377476798377014,0.5331867236048021,0.031130112020155167,0.6060009050490269,0.00032305201522003763,0.006288760331941748,0.005533132853411492
2001,3012,0.014251439099485229,0.5331867236048021,0.031130112020155167,0.6060009050490269,0.00044364889561539445,0.008636384992539138,0.0075986781201079
2002,3012,0.013708336545122496,0.5331867236048021,0.031130112020155167,0.6060009050490269,0.00042674205225965014,0.008307264353060883,0.007309103048565836
2003,3012,0.014007339405620602,0.5331867236048021,0.031130112020155167,0.6060009050490269,0.000436050044801303,0.008488460357134985,0.0074685274041032855
2004,3012,0.02304961467364881,0.5331867236048021,0.031130112020155167,0.6060009050490269,0.0007175370868120997,0.01396808735326251,0.01228974852819598
2005,3012,0.023627012507350085,0.5331867236048021,0.031130112020155167,0.6060009050490269,0.0007355115460554154,0.01431799096305883,0.012597609387363673
2006,3012,0.01639817147653834,0.5331867236048021,0.031130112020155167,0.6060009050490269,0.0005104769149903518,0.009937306755931371,0.008743287322685197
2007,3012,0.0,0.5331867236048021,0.031130112020155167,0.6060009050490269,0.0,0.0,0.0
2008,3012,0.0,0.5331867236048021,0.031130112020155167,0.6060009050490269,0.0,0.0,0.0
2009,3012,0.0,0.5331867236048021,0.031130112020155167,0.6060009050490269,0.0,0.0,0.0
2010,3012,0.0,0.5331867236048021,0.031130112020155167,0.6060009050490269,0.0,0.0,0.0
2011,3012,0.0,0.5331867236048021,0.031130112020155167,0.6060009050490269,0.0,0.0,0.0
2012,3012,0.0,0.5331867236048021,0.031130112020155167,0.6060009050490269,0.0,0.0,0.0
2013,3012,0.0,0.5331867236048021,0.031130112020155167,0.6060009050490269,0.0,0.0,0.0
2014,3012,0.0,0.5331867236048021,0.031130112020155167,0.6060009050490269,0.0,0.0,0.0
2015,3012,0.0,0.5331867236048021,0.031130112020155167,0.6060009050490269,0.0,0.0,0.0
2016,3012,0.0,0.5331867236048021,0.031130112020155167,0.6060009050490269,0.0,0.0,0.0
1979,3013,0.00957592644487486,18.688844632826203,0.02433935343054791,0.4050651003231056,0.00023307185816673936,0.003878873606079915,0.17896300154363803
1980,3013,0.016493137619765896,18.688844632826203,0.02433935343054791,0.4050651003231056,0.00040143230570614786,0.00668079444459326,0.3082376864836258
1981,3013,0.022218548565398958,18.688844632826203,0.02433935343054791,0.4050651003231056,0.0005407851062470385,0.008999958603677123,0.4152390021056447
1982,3013,0.010736779291560174,18.688844632826203,0.02433935343054791,0.4050651003231056,0.00026132626588307086,0.004349094580882865,0.2006580000369139
1983,3013,0.011967898180679882,18.688844632826203,0.02433935343054791,0.4050651003231056,0.000291290903640379,0.00484777787721381,0.2236661896802097
1984,3013,0.020284645740327185,18.688844632826203,0.02433935343054791,0.4050651003231056,0.0004937151618872815,0.008216602061824289,0.37909659267289464
1985,3013,0.009242194289631415,18.688844632826203,0.02433935343054791,0.4050651003231056,0.00022494903328913068,0.003743690357135183,0.17272593314531506
1986,3013,0.01596993608199917,18.688844632826203,0.02433935343054791,0.4050651003231056,0.00038869791856303734,0.006468863761208577,0.2984596542326477
1987,3013,0.01262856952346747,18.688844632826203,0.02433935343054791,0.4050651003231056,0.0003073712169539208,0.005115392780960665,0.23601337375892759
1988,3013,0.011689330260315257,18.688844632826203,0.02433935343054791,0.4050651003231056,0.00028451074057221165,0.004734939734604514,0.21846007709682572
1989,3013,0.008101515113294908,18.688844632826203,0.02433935343054791,0.4050651003231056,0.00019718563966541016,0.0032816410321359585,0.1514079572428619
1990,3013,0.009556848868756898,18.688844632826203,0.02433935343054791,0.4050651003231056,0.00023260752229900612,0.003871145945795771,0.17860646368759853
1991,3013,0.016531714433735436,18.688844632826203,0.02433935343054791,0.4050651003231056,0.000402371240415577,0.006696420565613977,0.308958642566332
1992,3013,0.021576714543999648,18.688844632826203,0.02433935343054791,0.4050651003231056,0.0005251632811564508,0.008739974041408229,0.4032438657996509
1993,3013,0.017123572811014447,18.688844632826203,0.02433935343054791,0.4050651003231056,0.0004167766906410014,0.006936161738583571,0.32001979182393603
1994,3013,0.014250839804210437,18.688844632826203,0.02433935343054791,0.4050651003231056,0.00034685622667679803,0.0057725178549810074,0.26633173098818425
1995,3013,0.008904515067414572,18.688844632826203,0.02433935343054791,0.4050651003231056,0.00021673013935344243,0.003606908289110889,0.16641509862557088
1996,3013,0.01309568435905469,18.688844632826203,0.02433935343054791,0.4050651003231056,0.0003187404900299304,0.005304604698700213,0.2447432103469053
1997,3013,0.021096576094505062,18.688844632826203,0.02433935343054791,0.4050651003231056,0.0005134770217386068,0.008545486712194725,0.3942706329148005
1998,3013,0.01769289098446361,18.688844632826203,0.02433935343054791,0.4050651003231056,0.0004306335268790146,0.007166772661627523,0.3306596907141719
1999,3013,0.018705609252303357,18.688844632826203,0.02433935343054791,0.4050651003231056,0.00045528243472553844,0.0075769894883890715,0.3495862250786538
2000,3013,0.014345708338591234,18.688844632826203,0.02433935343054791,0.4050651003231056,0.0003491652654645303,0.005810945787377471,0.2681047142877709
2001,3013,0.012535195475558543,18.688844632826203,0.02433935343054791,0.4050651003231056,0.00030509855300062447,0.005077570212876861,0.2342683206848196
2002,3013,0.0106763258511099,18.688844632826203,0.02433935343054791,0.4050651003231056,0.0002598548682298591,0.004324607001961998,0.1995281950808189
2003,3013,0.01581083336226125,18.688844632826203,0.02433935343054791,0.4050651003231056,0.0003848254612355747,0.006404416802076257,0.29548620822280564
2004,3013,0.012222163755265492,18.688844632826203,0.02433935343054791,0.4050651003231056,0.0002974795633254395,0.0049507719876920415,0.22841811949911645
2005,3013,0.018582167398684124,18.688844632826203,0.02433935343054791,0.4050651003231056,0.000452277939822178,0.007526987501568727,0.34727923945517586
2006,3013,0.01792349513187623,18.688844632826203,0.02433935343054791,0.4050651003231056,0.0004362462827254405,0.00726018235373414,0.3349694157968517
2007,3013,0.012835749486325168,18.688844632826203,0.02433935343054791,0.4050651003231056,0.00031241384329364205,0.005199314153400555,0.23988532789580982
2008,3013,0.020761062284851424,18.688844632826203,0.02433935343054791,0.4050651003231056,0.0005053108325446174,0.008409581777227585,0.38800026745401606
2009,3013,0.01610563513079603,18.688844632826203,0.02433935343054791,0.4050651003231056,0.0003920007456718933,0.006523830710023228,0.3009957126724345
2010,3013,0.023755395192577446,18.688844632826203,0.02433935343054791,0.4050651003231056,0.0005781909594744812,0.009622481536896405,0.4439608899454664
2011,3013,0.02176620855868591,18.688844632826203,0.02433935343054791,0.4050651003231056,0.0005297754429528732,0.008816731453477748,0.4067852899989729
2012,3013,0.0214279219241773,18.688844632826203,0.02433935343054791,0.4050651003231056,0.0005215417649947375,0.008679703343932551,0.40046310364527987
2013,3013,0.02499693310546564,18.688844632826203,0.02433935343054791,0.4050651003231056,0.0006084091895336918,0.010125385216135398,0.4671637991051971
2014,3013,0.01359260450248002,18.688844632826203,0.02433935343054791,0.4050651003231056,0.00033083520502751805,0.005505889706449367,0.254030073702303
2015,3013,0.01823129010542541,18.688844632826203,0.02433935343054791,0.4050651003231056,0.0004437378133708001,0.007384859355573785,0.3407217482362771
2016,3013,0.025201632969885413,18.688844632826203,0.02433935343054791,0.4050651003231056,0.0006133914518809899,0.01020830198725272,0.4709894030676989
1979,3034,0.012190540795962976,2.932475605597083,0.017288511684794162,0.5661409187622221,0.00021075630699496584,0.006901563966434829,0.03574846350319747
1980,3034,0.013458284384104518,2.932475605597083,0.017288511684794162,0.5661409187622221,0.00023267370683187377,0.007619285486180198,0.03946609064957466
1981,3034,0.0177477152584967,2.932475605597083,0.017288511684794162,0.5661409187622221,0.00030683158262491986,0.010047707822375629,0.0520447420506247
1982,3034,0.01949160561846064,2.932475605597083,0.017288511684794162,0.5661409187622221,0.0003369808514901563,0.011034995512986196,0.057158657990054866
1983,3034,0.017776704476571273,2.932475605597083,0.017288511684794162,0.5661409187622221,0.00030733276306033514,0.010064119804930566,0.05212975222545372
1984,3034,0.017493626614096775,2.932475605597083,0.017288511684794162,0.5661409187622221,0.00030243876812723823,0.009903857843788008,0.05129963329926269
1985,3034,0.01170053188414816,2.932475605597083,0.017288511684794162,0.5661409187622221,0.0002022847821974021,0.006624149870898312,0.03431152432277535
1986,3034,0.019279351787048274,2.932475605597083,0.017288511684794162,0.5661409187622221,0.0003333112986456413,0.010914829933859598,0.05653622880724359
1987,3034,0.018289586384152276,2.932475605597083,0.017288511684794162,0.5661409187622221,0.0003161997279124688,0.010354483239304997,0.05363376590798711
1988,3034,0.016623841695170824,2.932475605597083,0.017288511684794162,0.5661409187622221,0.0002874014813931292,0.009411437010661746,0.0487490102423961
1989,3034,0.012715297714447002,2.932475605597083,0.017288511684794162,0.5661409187622221,0.0002198285731118535,0.0071986503303922075,0.03728730036552018
1990,3034,0.012890093928819743,2.932475605597083,0.017288511684794162,0.5661409187622221,0.0002228505395064944,0.00729760961979335,0.03779988600011896
1991,3034,0.015367635215482685,2.932475605597083,0.017288511684794162,0.5661409187622221,0.00026568354099052664,0.008700247120096045,0.045065215385117645
1992,3034,0.013985889463939208,2.932475605597083,0.017288511684794162,0.5661409187622221,0.00024179521341955256,0.007917984310821424,0.04101327967557899
1993,3034,0.015961593493271347,2.932475605597083,0.017288511684794162,0.5661409187622221,0.00027595219561635617,0.009036511205189746,0.04680698354547535
1994,3034,0.01385782544298763,2.932475605597083,0.017288511684794162,0.5661409187622221,0.00023958117709692948,0.007845482028339514,0.04063773505818381
1995,3034,0.012022804919993735,2.932475605597083,0.017288511684794162,0.5661409187622221,0.00020785640334331244,0.006806601823504217,0.03525658213873422
1996,3034,0.011273151278921126,2.932475605597083,0.017288511684794162,0.5661409187622221,0.00019489600761008014,0.0063821922223939245,0.03305824112364176
1997,3034,0.011826915859091078,2.932475605597083,0.017288511684794162,0.5661409187622221,0.0002044697730249735,0.006695701010589318,0.03468214224623385
1998,3034,0.009699724966416506,2.932475605597083,0.017288511684794162,0.5661409187622221,0.0001676938084211814,0.005491411204227904,0.028444206845017386
1999,3034,0.01337007058073188,2.932475605597083,0.017288511684794162,0.5661409187622221,0.00023114862146150577,0.0075693440424913026,0.039207405823107465
2000,3034,0.01565307515849806,2.932475605597083,0.017288511684794162,0.5661409187622221,0.00027061837278065495,0.008861846351686208,0.04590226105487325
2001,3034,0.016126510303320102,2.932475605597083,0.017288511684794162,0.5661409187622221,0.000278803361813903,0.009129877359550082,0.04729059806789621
2002,3034,0.014702275642380996,2.932475605597083,0.017288511684794162,0.5661409187622221,0.00025418046423636843,0.008323559840073016,0.04311406466804645
2003,3034,0.01776970609080827,2.932475605597083,0.017288511684794162,0.5661409187622221,0.0003072117713862968,0.010060157732384847,0.052109229629925154
2004,3034,0.02114929530112149,2.932475605597083,0.017288511684794162,0.5661409187622221,0.00036563983893860117,0.011973481472950466,0.06201979254610778
2005,3034,0.0235946616861168,2.932475605597083,0.017288511684794162,0.5661409187622221,0.00040791658425919547,0.013357903444861966,0.06919076981685365
2006,3034,0.022195051428680262,2.932475605597083,0.017288511684794162,0.5661409187622221,0.00038371940596934606,0.012565526807807812,0.06508644687957756
2007,3034,0.015950496158199316,2.932475605597083,0.017288511684794162,0.5661409187622221,0.00027576033920929325,0.009030228549716255,0.04677444088108949
2008,3034,0.019113359050205104,2.932475605597083,0.017288511684794162,0.5661409187622221,0.00033044153127513717,0.01082085465331535,0.0560494591557447
2009,3034,0.02135708633071449,2.932475605597083,0.017288511684794162,0.5661409187622221,0.00036923223658171515,0.012091120477354797,0.06262913467145116
2010,3034,0.02596606080091015,2.932475605597083,0.017288511684794162,0.5661409187622221,0.00044891454556461076,0.014700449518462992,0.07614483987211966
2011,3034,0.019249473297925958,2.932475605597083,0.017288511684794162,0.5661409187622221,0.00033279474403732613,0.010897914498576662,0.0564486108667603
2012,3034,0.01873339417962758,2.932475605597083,0.017288511684794162,0.5661409187622221,0.0003238725041703464,0.010605740992389222,0.054935221441792255
2013,3034,0.020285768363652538,2.932475605597083,0.017288511684794162,0.5661409187622221,0.00035071074339003465,0.011484603539195866,0.05948752086720412
2014,3034,0.016748697434933305,2.932475605597083,0.017288511684794162,0.5661409187622221,0.00028956005130892647,0.009482122953883614,0.04911514665346835
2015,3034,0.023224538201573133,2.932475605597083,0.017288511684794162,0.5661409187622221,0.0004015177000718455,0.013148361395266938,0.06810539172737076
2016,3034,0.03837843804793376,2.932475605597083,0.017288511684794162,0.5661409187622221,0.0006635060746358517,0.02172760417711624,0.11254383335648468
1979,3060,0.02487580463285695,15.76342286011235,0.036080413431983115,0.3185495843929607,0.0008975293156067197,0.007924177227237067,0.3921278274132659
1980,3060,0.010325123252621929,15.76342286011235,0.036080413431983115,0.3185495843929607,0.0003725347156907814,0.00328906372092881,0.1627592839138581
1981,3060,0.015296843484609647,15.76342286011235,0.036080413431983115,0.3185495843929607,0.0005519164371290533,0.004872803134546572,0.24113061227285637
1982,3060,0.014908937336305004,15.76342286011235,0.036080413431983115,0.3185495843929607,0.0005379206229254136,0.004749235792220654,0.2350158836270928
1983,3060,0.005325513500620542,15.76342286011235,0.036080413431983115,0.3185495843929607,0.00019214672883999682,0.001696440112301775,0.08394832125751879
1984,3060,0.003372758834633953,15.76342286011235,0.036080413431983115,0.3185495843929607,0.0001216905331599666,0.0010743909250303322,0.05316622371551474
1985,3060,0.013575354794040902,15.76342286011235,0.036080413431983115,0.3185495843929607,0.0004898044134548497,0.004324423627628716,0.21399405809452013
1986,3060,0.007414750853389716,15.76342286011235,0.036080413431983115,0.3185495843929607,0.00026752727628545056,0.0023619658027246447,0.116881853104361
1987,3060,0.010943609768467071,15.76342286011235,0.036080413431983115,0.3185495843929607,0.00039484996488458094,0.0034860823435039308,0.17250874839640265
1988,3060,0.0035268062882894383,15.76342286011235,0.036080413431983115,0.3185495843929607,0.00012724862897600076,0.001123462677369081,0.05559453886800972
1989,3060,0.003809843722202621,15.76342286011235,0.036080413431983115,0.3185495843929607,0.00013746073660831598,0.0012136241343097753,0.06005617762402432
1990,3060,0.005695167385441449,15.76342286011235,0.036080413431983115,0.3185495843929607,0.00020548399383107382,0.0018141932036807183,0.08977533175583402
1991,3060,0.004961810222597689,15.76342286011235,0.036080413431983115,0.3185495843929607,0.0001790241642023648,0.0015805825842452378,0.07821511269043556
1992,3060,0.008643272183648758,15.76342286011235,0.036080413431983115,0.3185495843929607,0.0003118528337912067,0.00275331076189655,0.13624755432590202
1993,3060,0.008276680440102187,15.76342286011235,0.036080413431983115,0.3185495843929607,0.00029862605212329485,0.0026365331143478987,0.13046881365535157
1994,3060,0.012211534506888515,15.76342286011235,0.036080413431983115,0.3185495843929607,0.0004405972136474657,0.003889979241969635,0.19249558220293722
1995,3060,0.00810100430770961,15.76342286011235,0.036080413431983115,0.3185495843929607,0.0002922875846364389,0.0025805715553864805,0.1276995564940183
1996,3060,0.004258223518461174,15.76342286011235,0.036080413431983115,0.3185495843929607,0.00015363846503187295,0.001356455332058138,0.06712417795437892
1997,3060,0.011096969567819734,15.76342286011235,0.036080413431983115,0.3185495843929607,0.000400383249849071,0.003534935043850309,0.17492622376334066
1998,3060,0.0075478284359317485,15.76342286011235,0.036080413431983115,0.3185495843929607,0.00027232877048209594,0.002404357611335429,0.11897961131117256
1999,3060,0.011190575519187087,15.76342286011235,0.036080413431983115,0.3185495843929607,0.0004037605912740992,0.003564753180755087,0.17640177395696735
2000,3060,0.007395857595717339,15.76342286011235,0.036080413431983115,0.3185495843929607,0.0002668455997375542,0.00235594736334528,0.11658403069446625
2001,3060,0.0114975642685456,15.76342286011235,0.036080413431983115,0.3185495843929607,0.0004148368722699218,0.0036625443192765564,0.18124096742640264
2002,3060,0.01522785132598585,15.76342286011235,0.036080413431983115,0.3185495843929607,0.0005494271715223417,0.004850825711090588,0.2400430597024375
2003,3060,0.010309510416545604,15.76342286011235,0.036080413431983115,0.3185495843929607,0.00037197139811030185,0.0032840902584855016,0.16251317217674138
2004,3060,0.00912547229208591,15.76342286011235,0.036080413431983115,0.3185495843929607,0.0003292508130605662,0.002906915406033445,0.14384867853838887
2005,3060,0.015132611220248181,15.76342286011235,0.036080413431983115,0.3185495843929607,0.0005459908691320209,0.004820487014990312,0.2385417496424528
2006,3060,0.012733935847047078,15.76342286011235,0.036080413431983115,0.3185495843929607,0.0004594456699778087,0.0040563899717634706,0.20073041543054604
2007,3060,0.015522808526958287,15.76342286011235,0.036080413431983115,0.3185495843929607,0.0005600693492781678,0.004944784204874069,0.24469259478700117
2008,3060,0.013484045938323952,15.76342286011235,0.036080413431983115,0.3185495843929607,0.00048650995219058087,0.004295337229588685,0.21255471799098086
2009,3060,0.018756195199508042,15.76342286011235,0.036080413431983115,0.3185495843929607,0.0006767312772092272,0.005974778185596531,0.2956618361766546
2010,3060,0.022161933049139246,15.76342286011235,0.036080413431983115,0.3185495843929607,0.0007996117068648741,0.007059674562147927,0.349347922051081
2011,3060,0.012489319912951808,15.76342286011235,0.036080413431983115,0.3185495843929607,0.0004506198259436006,0.003978467667621527,0.19687443102308091
2012,3060,0.012176916490225906,15.76342286011235,0.036080413431983115,0.3185495843929607,0.0004393481812940835,0.0038789516871492523,0.19194988376770608
2013,3060,0.01386803013545788,15.76342286011235,0.036080413431983115,0.3185495843929607,0.0005003642607745211,0.004417655235999162,0.2186076232620037
2014,3060,0.020857192994745418,15.76342286011235,0.036080413431983115,0.3185495843929607,0.0007525361462810767,0.0066440501600799244,0.3287807528511451
2015,3060,0.015106845465441868,15.76342286011235,0.036080413431983115,0.3185495843929607,0.000545061230046222,0.00481227934450519,0.23813559315413094
2016,3060,0.012948465406423838,15.76342286011235,0.036080413431983115,0.3185495843929607,0.00046718598517350333,0.004124728273742943,0.20411213559099547
1979,3066,0.0150235099078377,5.338966096098964,0.021961490708057647,0.6426799092384436,0.00032993867324338964,0.009655307984011992,0.08021001004235236
1980,3066,0.015845537775127552,5.338966096098964,0.021961490708057647,0.6426799092384436,0.0003479916306126402,0.010183608779153306,0.08459878895586141
1981,3066,0.027461858653377653,5.338966096098964,0.021961490708057647,0.6426799092384436,0.0006031033536421459,0.01764918482687172,0.14661793228624526
1982,3066,0.02273884888600824,5.338966096098964,0.021961490708057647,0.6426799092384436,0.000499379018521997,0.014613801338246461,0.1214019432667157
1983,3066,0.029302420682479475,5.338966096098964,0.021961490708057647,0.6426799092384436,0.0006435248395418692,0.018832077064682602,0.156444630557387
1984,3066,0.02872169202323664,5.338966096098964,0.021961490708057647,0.6426799092384436,0.0006307711724880049,0.018458854422668255,0.15334413993465648
1985,3066,0.012508861027794159,5.338966096098964,0.021961490708057647,0.6426799092384436,0.0002747132352302859,0.008039193670019054,0.06678438492820667
1986,3066,0.03709318021813486,5.338966096098964,0.021961490708057647,0.6426799092384436,0.0008146215326928765,0.023839041695956145,0.1980392315811108
1987,3066,0.017184084903015654,5.338966096098964,0.021961490708057647,0.6426799092384436,0.000377388120924052,0.01104386612581581,0.09174524668968664
1988,3066,0.026236471322248992,5.338966096098964,0.021961490708057647,0.6426799092384436,0.0005761920211557922,0.016861653008120012,0.14007563087076014
1989,3066,0.032532222011734856,5.338966096098964,0.021961490708057647,0.6426799092384436,0.0007144560914231835,0.020907805489826656,0.17368843035141684
1990,3066,0.027089955574662254,5.338966096098964,0.021961490708057647,0.6426799092384436,0.0005949358076346396,0.01741017018999741,0.1446323543579489
1991,3066,0.01815821026112009,5.338966096098964,0.021961490708057647,0.6426799092384436,0.00039878136592454583,0.011669916922549234,0.09694606894995647
1992,3066,0.020246739543571472,5.338966096098964,0.021961490708057647,0.6426799092384436,0.00044464858235460824,0.013012172732236921,0.10809665597967431
1993,3066,0.02039723486596864,5.338966096098964,0.021961490708057647,0.6426799092384436,0.00044795368397903976,0.013108893052375944,0.10890014540357427
1994,3066,0.017512658298612385,5.338966096098964,0.021961490708057647,0.6426799092384436,0.00038460408249836456,0.011255033645876085,0.0934994889088577
1995,3066,0.0205226115866707,5.338966096098964,0.021961490708057647,0.6426799092384436,0.00045070714366574483,0.013189470151857358,0.10956952746464264
1996,3066,0.016939950788133706,5.338966096098964,0.021961490708057647,0.6426799092384436,0.0003720265718285522,0.010886966035021471,0.09044182292743079
1997,3066,0.025720605456240244,5.338966096098964,0.021961490708057647,0.6426799092384436,0.0005648628377328369,0.0165301163801743,0.1373214405020047
1998,3066,0.01908190284322409,5.338966096098964,0.021961490708057647,0.6426799092384436,0.0004190670319835246,0.012263555587380057,0.10187763232902784
1999,3066,0.022935909434385403,5.338966096098964,0.021961490708057647,0.6426799092384436,0.0005037067619241067,0.014740448193591974,0.12245404285338005
2000,3066,0.01653572611870129,5.338966096098964,0.021961490708057647,0.6426799092384436,0.0003631491955068445,0.010627178961158706,0.0882836811221243
2001,3066,0.017368720467648768,5.338966096098964,0.021961490708057647,0.6426799092384436,0.0003814429931611191,0.011162527693736409,0.09273100970939692
2002,3066,0.01480586137595746,5.338966096098964,0.021961490708057647,0.6426799092384436,0.0003251587870328794,0.009515429645297318,0.07904799190977804
2003,3066,0.012642328455742698,5.338966096098964,0.021961490708057647,0.6426799092384436,0.0002776443789090061,0.00812497050449931,0.06749696300095745
2004,3066,0.02164414598646839,5.338966096098964,0.021961490708057647,0.6426799092384436,0.00047533771096566876,0.01391025777812713,0.11555736160077121
2005,3066,0.01713910765093288,5.338966096098964,0.021961490708057647,0.6426799092384436,0.0003764003534203622,0.011014960149529459,0.09150511466572102
2006,3066,0.020797065572222745,5.338966096098964,0.021961490708057647,0.6426799092384436,0.00045673456231923543,0.013365856214382075,0.11103482798844425
2007,3066,0.023454944309510218,5.338966096098964,0.021961490708057647,0.6426799092384436,0.0005151055415113183,0.015074021480028777,0.12522515245436439
2008,3066,0.02109098697025834,5.338966096098964,0.021961490708057647,0.6426799092384436,0.0004631895143710935,0.013554753591794828,0.1126040643674743
2009,3066,0.020925252340949173,5.338966096098964,0.021961490708057647,0.6426799092384436,0.0004595497348495168,0.013448239275272745,0.11171921280064312
2010,3066,0.019837675047932074,5.338966096098964,0.021961490708057647,0.6426799092384436,0.0004356649162346273,0.012749275199306723,0.10591267450633775
2011,3066,0.022754096668188815,5.338966096098964,0.021961490708057647,0.6426799092384436,0.0004997138825486742,0.01462360078151436,0.12148335065881849
2012,3066,0.023279560566966104,5.338966096098964,0.021961490708057647,0.6426799092384436,0.0005112538530790913,0.014961305872288628,0.12428878459911441
2013,3066,0.01805792510694157,5.338966096098964,0.021961490708057647,0.6426799092384436,0.00039657895444289817,0.011605465668763821,0.0964106499118553
2014,3066,0.025616284381522726,5.338966096098964,0.021961490708057647,0.6426799092384436,0.0005625717914197736,0.016463071321343187,0.13676447382097925
2015,3066,0.02363056029009641,5.338966096098964,0.021961490708057647,0.6426799092384436,0.0005189623302371484,0.015186886342492732,0.12616276022064724
2016,3066,0.034080994643932286,5.338966096098964,0.021961490708057647,0.6426799092384436,0.0007484694471940813,0.021903170544518284,0.18195727492528488
1979,3086,0.013304703681370357,3.6590314635373313,0.044664909061515226,0.4414554165540472,0.0005942533800188138,0.005873433505787516,0.0486823293831751
1980,3086,0.018697532469474858,3.6590314635373313,0.044664909061515226,0.4414554165540472,0.0008351235874238227,0.008254126984844845,0.06841485959631936
1981,3086,0.004330806743077917,3.6590314635373313,0.044664909061515226,0.4414554165540472,0.00019343508934257213,0.0019118580947805385,0.015846558135421736
1982,3086,0.017192428051772242,3.6590314635373313,0.044664909061515226,0.4414554165540472,0.0007678982354790506,0.007589690487170601,0.06290763517603645
1983,3086,0.012229642432502515,3.6590314635373313,0.044664909061515226,0.4414554165540472,0.0005462358671025727,0.005398841894347449,0.044748646448337925
1984,3086,0.010328846683278685,3.6590314635373313,0.044664909061515226,0.4414554165540472,0.00046133699781897563,0.004559725315089681,0.037793574996169914
1985,3086,0.020115999698621715,3.6590314635373313,0.044664909061515226,0.4414554165540472,0.0008984792972204066,0.008880317026356136,0.07360507581776433
1986,3086,0.00579551386862308,3.6590314635373313,0.044664909061515226,0.4414554165540472,0.0002588560999068002,0.0025584609890177594,0.02120596759265881
1987,3086,0.009778386061175398,3.6590314635373313,0.044664909061515226,0.4414554165540472,0.0004367507241907872,0.004316721491862474,0.035779422260455655
1988,3086,0.00794619569743907,3.6590314635373313,0.044664909061515226,0.4414554165540472,0.00035491610821111963,0.003507891131632942,0.029075380072354523
1989,3086,0.014181521142078357,3.6590314635373313,0.044664909061515226,0.4414554165540472,0.0006334163521648854,0.006260509323146228,0.051890632059684576
1990,3086,0.015559516710840509,3.6590314635373313,0.044664909061515226,0.4414554165540472,0.0006949643989308178,0.006868832930963755,0.05693276120240031
1991,3086,0.008816899996734148,3.6590314635373313,0.044664909061515226,0.4414554165540472,0.00039380603655860463,0.0038922682607736504,0.03226131449891244
1992,3086,0.014632632209464478,3.6590314635373313,0.044664909061515226,0.4414554165540472,0.0006535651869663295,0.006459654747311309,0.053541261648800305
1993,3086,0.02008857371283096,3.6590314635373313,0.044664909061515226,0.4414554165540472,0.0008972543180591401,0.008868209676374474,0.07350472327283743
1994,3086,0.00799212223684392,3.6590314635373313,0.044664909061515226,0.4414554165540472,0.00035696741291714733,0.0035281656512167964,0.02924342672504826
1995,3086,0.023646831989395226,3.6590314635373313,0.044664909061515226,0.4414554165540472,0.001056183600399267,0.010439022066062037,0.0865245022621782
1996,3086,0.009164637200709988,3.6590314635373313,0.044664909061515226,0.4414554165540472,0.0004093376871514911,0.004045778733006145,0.03353369586930254
1997,3086,0.01033698119473974,3.6590314635373313,0.044664909061515226,0.4414554165540472,0.0004617003250336435,0.004563316339235185,0.037823339429546424
1998,3086,0.0110673030772311,3.6590314635373313,0.044664909061515226,0.4414554165540472,0.0004943200855007547,0.004885720890088944,0.04049561017609212
1999,3086,0.014220371547517752,3.6590314635373313,0.044664909061515226,0.4414554165540472,0.0006351516019908389,0.00627766004506277,0.05203278691555851
2000,3086,0.009455504112532,3.6590314635373313,0.044664909061515226,0.4414554165540472,0.000422329231317025,0.00417418350672632,0.03459798705136122
2001,3086,0.01440956725159941,3.6590314635373313,0.044664909061515226,0.4414554165540472,0.0006436020109084756,0.006361181513418374,0.05272505994955939
2002,3086,0.017236139986004928,3.6590314635373313,0.044664909061515226,0.4414554165540472,0.0007698506250464564,0.007608987357305675,0.06306757851872592
2003,3086,0.018726820060602424,3.6590314635373313,0.044664909061515226,0.4414554165540472,0.0008364317150181663,0.008267056150585931,0.06852202381374635
2004,3086,0.016779222560562468,3.6590314635373313,0.044664909061515226,0.4414554165540472,0.0007494424497904473,0.00740727868492617,0.06139570328279349
2005,3086,0.01218845818161142,3.6590314635373313,0.044664909061515226,0.4414554165540472,0.0005443963762817553,0.005380660883714854,0.044597951978525195
2006,3086,0.018099079787266683,3.6590314635373313,0.044664909061515226,0.4414554165540472,0.0008083937527953748,0.00798993680673275,0.06622510240268134
2007,3086,0.022097530092933682,3.6590314635373313,0.044664909061515226,0.4414554165540472,0.000986984172084979,0.009755074351991631,0.08085555787650735
2008,3086,0.013862426280364187,3.6590314635373313,0.044664909061515226,0.4414554165540472,0.0006191640091844252,0.006119643168047943,0.050723053920819335
2009,3086,0.01443375297884536,3.6590314635373313,0.044664909061515226,0.4414554165540472,0.0006446822642165025,0.006371858433714398,0.05281355628652085
2010,3086,0.016068007463761327,3.6590314635373313,0.044664909061515226,0.4414554165540472,0.0007176760921686476,0.0070933089281082955,0.05879334486625537
2011,3086,0.019075081991427108,3.6590314635373313,0.044664909061515226,0.4414554165540472,0.0008519868024880386,0.008420798266328057,0.06979632517618613
2012,3086,0.01434782376067599,3.6590314635373313,0.044664909061515226,0.4414554165540472,0.0006408442435012404,0.006333924514913275,0.052499138573601965
2013,3086,0.010577639943412973,3.6590314635373313,0.044664909061515226,0.4414554165540472,0.00047244932615799146,0.004669556447378102,0.038703917362917305
2014,3086,0.014231569539593024,3.6590314635373313,0.044664909061515226,0.4414554165540472,0.0006356517592885526,0.006282603459318928,0.052073760720890365
2015,3086,0.01834282871729256,3.6590314635373313,0.044664909061515226,0.4414554165540472,0.0008192807765888223,0.008097541092171926,0.06711698740684958
2016,3086,0.015620593452469304,3.6590314635373313,0.044664909061515226,0.4414554165540472,0.0006976923860414416,0.006895795589381259,0.05715624292171041
1979,3095,0.023109691274091786,12.886675439494073,0.017720036242838175,0.6353664420499481,0.00040950456693770754,0.01468312232169243,0.2978070909561291
1980,3095,0.014783022106555459,12.886675439494073,0.017720036242838175,0.6353664420499481,0.00026195568750684065,0.00939263615858787,0.19050400790204616
1981,3095,0.01911357358788244,12.886675439494073,0.017720036242838175,0.6353664420499481,0.0003386932167074313,0.012144123245392725,0.24631041931592723
1982,3095,0.01833526362798253,12.886675439494073,0.017720036242838175,0.6353664420499481,0.000324901536009843,0.011649611215359084,0.23628059147137148
1983,3095,0.015133299921560985,12.886675439494073,0.017720036242838175,0.6353664420499481,0.00026816262308380077,0.009615190927636961,0.19501792441767754
1984,3095,0.020582465130780474,12.886675439494073,0.017720036242838175,0.6353664420499481,0.00036472202808438296,0.01307740763876111,0.2652395478850719
1985,3095,0.01981540483991349,12.886675439494073,0.017720036242838175,0.6353664420499481,0.00035112969192977806,0.012590043270915155,0.2553546908741452
1986,3095,0.01598242721409614,12.886675439494073,0.017720036242838175,0.6353664420499481,0.0002832091894823068,0.010154697914342528,0.20596035224339443
1987,3095,0.02273093029802605,12.886675439494073,0.017720036242838175,0.6353664420499481,0.00040279290871445,0.014442470307942178,0.29292612118842404
1988,3095,0.01917314622821289,12.886675439494073,0.017720036242838175,0.6353664420499481,0.0003397488460531685,0.012181973701923006,0.24707811259693951
1989,3095,0.018231852434119813,12.886675439494073,0.017720036242838175,0.6353664420499481,0.00032306908590668047,0.01158390721304639,0.23494796497925202
1990,3095,0.021600631291049974,12.886675439494073,0.017720036242838175,0.6353664420499481,0.0003827639693455899,0.013724316249427198,0.27836032473594086
1991,3095,0.01959489762413793,12.886675439494073,0.017720036242838175,0.6353664420499481,0.00034722229607442773,0.012449940385781497,0.25251308595237903
1992,3095,0.019041964589319768,12.886675439494073,0.017720036242838175,0.6353664420499481,0.00033742430265758743,0.012098625290757201,0.2453876173929029
1993,3095,0.02012734237019435,12.886675439494073,0.017720036242838175,0.6353664420499481,0.00035665723627185627,0.012788237909671553,0.25937452858427196
1994,3095,0.02366073054990173,12.886675439494073,0.017720036242838175,0.6353664420499481,0.00041926900287628705,0.015033234185793573,0.3049081552579057
1995,3095,0.02320427475905041,12.886675439494073,0.017720036242838175,0.6353664420499481,0.00041118058971914833,0.014743217494007275,0.2990259576287272
1996,3095,0.02470299406919853,12.886675439494073,0.017720036242838175,0.6353664420499481,0.00043773795021281447,0.01569545344972764,0.31833946695350845
1997,3095,0.01652032935751254,12.886675439494073,0.017720036242838175,0.6353664420499481,0.0002927408349587457,0.010496462885376048,0.21289212258380977
1998,3095,0.0238164358597722,12.886675439494073,0.017720036242838175,0.6353664420499481,0.0004220281066103942,0.01513216411453426,0.30691467905041236
1999,3095,0.02018948458168904,12.886675439494073,0.017720036242838175,0.6353664420499481,0.0003577583985117523,0.01282772098549005,0.26017533509489643
2000,3095,0.02435582593363137,12.886675439494073,0.017720036242838175,0.6353664420499481,0.0004315861182682058,0.01547487446663922,0.3138656238675202
2001,3095,0.024448712357356232,12.886675439494073,0.017720036242838175,0.6353664420499481,0.000433232069063078,0.015533891383196028,0.3150626210627978
2002,3095,0.020008147347304227,12.886675439494073,0.017720036242838175,0.6353664420499481,0.0003545450961462774,0.012712505392067794,0.2578385010102839
2003,3095,0.01409936587776431,12.886675439494073,0.017720036242838175,0.6353664420499481,0.00024984127435501944,0.008958263932915553,0.18169395196942614
2004,3095,0.019969581726856082,12.886675439494073,0.017720036242838175,0.6353664420499481,0.0003538617119542087,0.012688002091018207,0.2573415183764459
2005,3095,0.018526058119020614,12.886675439494073,0.017720036242838175,0.6353664420499481,0.0003282824213059717,0.011770835632292682,0.23873929815302272
2006,3095,0.02257925314442924,12.886675439494073,0.017720036242838175,0.6353664420499481,0.00040010518405550396,0.014346099734521108,0.2909715069384356
2007,3095,0.01719556391559982,12.886675439494073,0.017720036242838175,0.6353664420499481,0.0003047060158004691,0.01092548426409713,0.2215936511794107
2008,3095,0.019584589110309514,12.886675439494073,0.017720036242838175,0.6353664420499481,0.0003470396288357784,0.012443390702027515,0.2523802434804087
2009,3095,0.025497866872189603,12.886675439494073,0.017720036242838175,0.6353664420499481,0.0004518231250902626,0.016200488954446347,0.3285827347813353
2010,3095,0.03560568985939181,12.886675439494073,0.017720036242838175,0.6353664420499481,0.0006309341147596785,0.022622660482695692,0.4588389690172676
2011,3095,0.027392927656141857,12.886675439494073,0.017720036242838175,0.6353664420499481,0.0004854036708642779,0.017404546982214476,0.3530037680422412
2012,3095,0.02365852808784202,12.886675439494073,0.017720036242838175,0.6353664420499481,0.00041922997516876553,0.015031834815310946,0.30487977284417445
2013,3095,0.02669911891203874,12.886675439494073,0.017720036242838175,0.6353664420499481,0.00047310935477317263,0.016963724189010536,0.34406287993990137
2014,3095,0.027203171977631137,12.886675439494073,0.017720036242838175,0.6353664420499481,0.0004820411933637836,0.017283982591900345,0.3505584482004726
2015,3095,0.02423247496832894,12.886675439494073,0.017720036242838175,0.6353664420499481,0.0004294003346924577,0.015396501402691588,0.3122760400125195
2016,3095,0.02759699192409295,12.886675439494073,0.017720036242838175,0.6353664420499481,0.0004890196970882395,0.017534202570092087,0.3556334780321249
1979,3100,0.02265749984726101,15.155902977102661,0.03669044263011897,0.3893695528259729,0.0008313136982878594,0.008822140583682568,0.3433948693888062
1980,3100,0.015171007887153126,15.155902977102661,0.03669044263011897,0.3893695528259729,0.0005566309945246741,0.005907128556940121,0.229930323602552
1981,3100,0.02045846665594037,15.155902977102661,0.03669044263011897,0.3893695528259729,0.0007506301971399819,0.007965904013328579,0.3100665356977222
1982,3100,0.013456600676728202,15.155902977102661,0.03669044263011897,0.3893695528259729,0.0004937286351259162,0.005239590588055345,0.20394693425810664
1983,3100,0.008049732515074666,15.155902977102661,0.03669044263011897,0.3893695528259729,0.0002953482490321503,0.003134320749763317,0.12200096499010021
1984,3100,0.012106859918932329,15.155902977102661,0.03669044263011897,0.3893695528259729,0.0004442060492864734,0.004714042632761375,0.18349039428871136
1985,3100,0.016380728530356558,15.155902977102661,0.03669044263011897,0.3893695528259729,0.0006010161803826002,0.00637815694282859,0.24826473230034146
1986,3100,0.007633005296889262,15.155902977102661,0.03669044263011897,0.3893695528259729,0.0002800583429409097,0.002972059859168055,0.11568508770336436
1987,3100,0.016003195296511494,15.155902977102661,0.03669044263011897,0.3893695528259729,0.0005871643189252447,0.006231156996389394,0.24254287523755386
1988,3100,0.009505227386175423,15.155902977102661,0.03669044263011897,0.3893695528259729,0.000348751000098705,0.003701046136864316,0.14406030404017384
1989,3100,0.011511722289787536,15.155902977102661,0.03669044263011897,0.3893695528259729,0.00042237018624731134,0.004482314160231358,0.17447054612336999
1990,3100,0.011247955962811423,15.155902977102661,0.03669044263011897,0.3893695528259729,0.00041269248295963706,0.004379611583446119,0.17047292926309326
1991,3100,0.010546131866043165,15.155902977102661,0.03669044263011897,0.3893695528259729,0.00038694224620072624,0.00410634264872497,0.15983615134548085
1992,3100,0.007100830812916319,15.155902977102661,0.03669044263011897,0.3893695528259729,0.00026053262556748725,0.002764847318318117,0.10761950285738076
1993,3100,0.007555805615245716,15.155902977102661,0.03669044263011897,0.3893695528259729,0.0002772258524505037,0.0029420006536481995,0.11451505681851155
1994,3100,0.009917881515388936,15.155902977102661,0.03669044263011897,0.3893695528259729,0.00036389146275269513,0.003861721090627973,0.15031444998563465
1995,3100,0.011552280999251428,15.155902977102661,0.03669044263011897,0.3893695528259729,0.00042385830325004795,0.004498106486798512,0.17508524998888123
1996,3100,0.01185579798391629,15.155902977102661,0.03669044263011897,0.3893695528259729,0.00043499447576316076,0.004616286759392557,0.17968532396036463
1997,3100,0.014936752595195746,15.155902977102661,0.03669044263011897,0.3893695528259729,0.0005480360641743101,0.005815916678663558,0.2263799731257731
1998,3100,0.009522504826557041,15.155902977102661,0.03669044263011897,0.3893695528259729,0.0003493849170338221,0.003707773446099684,0.14432215925029032
1999,3100,0.011188491673955912,15.155902977102661,0.03669044263011897,0.3893695528259729,0.0004105107118808431,0.0043564579998853345,0.16957169427059673
2000,3100,0.009310674289174349,15.155902977102661,0.03669044263011897,0.3893695528259729,0.00034161276085467514,0.0036252930844840993,0.14111167617813072
2001,3100,0.013300934815482852,15.155902977102661,0.03669044263011897,0.3893695528259729,0.0004880171857744256,0.005178979041271972,0.201587677568225
2002,3100,0.014844005962518175,15.155902977102661,0.03669044263011897,0.3893695528259729,0.000544633149168917,0.005779803963771778,0.22497431415945887
2003,3100,0.011884840951420693,15.155902977102661,0.03669044263011897,0.3893695528259729,0.00043606007509618946,0.004627595206662486,0.1801254963580285
2004,3100,0.01832350142773592,15.155902977102661,0.03669044263011897,0.3893695528259729,0.0006722973779172477,0.007134613557123611,0.27770920983956765
2005,3100,0.013361038189503469,15.155902977102661,0.03669044263011897,0.3893695528259729,0.0004902224051708057,0.005202381465137712,0.20249859847347798
2006,3100,0.016470130473876847,15.155902977102661,0.03669044263011897,0.3893695528259729,0.0006042963772623526,0.006412967337598857,0.24961969948229937
2007,3100,0.0156367528360194,15.155902977102661,0.03669044263011897,0.3893695528259729,0.0005737193828513199,0.006088475459411137,0.23698910885964491
2008,3100,0.015122918134942088,15.155902977102661,0.03669044263011897,0.3893695528259729,0.0005548665602300784,0.005888403871626197,0.22920147998384863
2009,3100,0.015256785909587591,15.155902977102661,0.03669044263011897,0.3893695528259729,0.0005597782281357309,0.005940527907177725,0.2312303669881365
2010,3100,0.016830215859736267,15.155902977102661,0.03669044263011897,0.3893695528259729,0.0006175080694541719,0.006553173623270107,0.2550771186538573
2011,3100,0.017277336822996897,15.155902977102661,0.03669044263011897,0.3893695528259729,0.0006339131355054096,0.006727268912794017,0.2618536405920641
2012,3100,0.021430982178188143,15.155902977102661,0.03669044263011897,0.3893695528259729,0.000786312222115914,0.008344571947342512,0.32480588659663573
2013,3100,0.01873880538124708,15.155902977102661,0.03669044263011897,0.3893695528259729,0.0006875350637976106,0.0072963202717891106,0.28400351626499
2014,3100,0.014561614440517448,15.155902977102661,0.03669044263011897,0.3893695528259729,0.0005342720792317173,0.005669849303128509,0.2206944156504595
2015,3100,0.022095082190591125,15.155902977102661,0.03669044263011897,0.3893695528259729,0.000810678345521647,0.008603152272203584,0.33487092195170803
2016,3100,0.013818680485329691,15.155902977102661,0.03669044263011897,0.3893695528259729,0.0005070135035709336,0.0053805734412178206,0.20943458070723872
1979,3127,0.010827765141356312,13.13505213920788,0.028293146027491143,0.4985291379285955,0.0003063515402957724,0.005397956421613659,0.14222325968281274
1980,3127,0.008405780033859684,13.13505213920788,0.028293146027491143,0.4985291379285955,0.0002378259619729615,0.004190526273897468,0.11041035901545954
1981,3127,0.01748186967615376,13.13505213920788,0.028293146027491143,0.4985291379285955,0.0004946170915809876,0.008715221419032988,0.2296252696871168
1982,3127,0.009718275219918422,13.13505213920788,0.028293146027491143,0.4985291379285955,0.0002749605799325005,0.004844843367538763,0.1276500517168004
1983,3127,0.016224918276696244,13.13505213920788,0.028293146027491143,0.4985291379285955,0.00045905398208667675,0.008088594521443292,0.21311514751879204
1984,3127,0.02789181406134964,13.13505213920788,0.028293146027491143,0.4985291379285955,0.0007891471682093962,0.013904882019269314,0.36636043195291906
1985,3127,0.008725336209123162,13.13505213920788,0.028293146027491143,0.4985291379285955,0.0002468672115036776,0.004349834338471329,0.11460774603895117
1986,3127,0.015260465255510438,13.13505213920788,0.028293146027491143,0.4985291379285955,0.0004317665719216118,0.0076077865882189025,0.20044700679969993
1987,3127,0.00914515813934574,13.13505213920788,0.028293146027491143,0.4985291379285955,0.0002587452946810082,0.00455912780342871,0.12012212898160762
1988,3127,0.014791976595685513,13.13505213920788,0.028293146027491143,0.4985291379285955,0.00041851155385696153,0.007374231340507059,0.1942933838262719
1989,3127,0.02082224615671184,13.13505213920788,0.028293146027491143,0.4985291379285955,0.0005891268511322143,0.010380496426242565,0.2735012889238309
1990,3127,0.016192849265893622,13.13505213920788,0.028293146027491143,0.4985291379285955,0.000458146648881081,0.008072607185133638,0.21269391938984678
1991,3127,0.014844902275919038,13.13505213920788,0.028293146027491143,0.4985291379285955,0.00042000898785641297,0.007400616334248163,0.1949885653956423
1992,3127,0.024127315094326487,13.13505213920788,0.028293146027491143,0.4985291379285955,0.0006826376492150705,0.012028169594506173,0.31691354174307573
1993,3127,0.023699684667763638,13.13505213920788,0.028293146027491143,0.4985291379285955,0.0006705386391105295,0.011814983366599759,0.311296593793861
1994,3127,0.01830484283806329,13.13505213920788,0.028293146027491143,0.4985291379285955,0.0005179015914276001,0.009125497519978118,0.24043506507796727
1995,3127,0.016008741584264897,13.13505213920788,0.028293146027491143,0.4985291379285955,0.00045293766335997664,0.007980824141325237,0.2102756553924248
1996,3127,0.016067622519534443,13.13505213920788,0.028293146027491143,0.4985291379285955,0.0004546035902597932,0.008010178003225593,0.2110490595471956
1997,3127,0.023062780692677243,13.13505213920788,0.028293146027491143,0.4985291379285955,0.0006525186219379206,0.011497468176956642,0.3029308268734324
1998,3127,0.013781422726268512,13.13505213920788,0.028293146027491143,0.4985291379285955,0.0003899198056609001,0.0068704407911561955,0.18101970606200132
1999,3127,0.013372314140234359,13.13505213920788,0.028293146027491143,0.4985291379285955,0.0003783448366951354,0.006666488240441402,0.1756460434538451
2000,3127,0.014301093624904376,13.13505213920788,0.028293146027491143,0.4985291379285955,0.0004046229302822421,0.007129511876259711,0.1878456104108124
2001,3127,0.012817874614657335,13.13505213920788,0.028293146027491143,0.4985291379285955,0.0003626579982345718,0.00639008398172195,0.16836345137735323
2002,3127,0.015015791319056228,13.13505213920788,0.028293146027491143,0.4985291379285955,0.0004248439765083917,0.007485809501604789,0.19723320188726864
2003,3127,0.025360259372606213,13.13505213920788,0.028293146027491143,0.4985291379285955,0.0007175215217241985,0.01264282824267096,0.33310832912301797
2004,3127,0.01663980047082376,13.13505213920788,0.028293146027491143,0.4985291379285955,0.0004707923045893326,0.008295425384023607,0.21856464677028595
2005,3127,0.01986487317781232,13.13505213920788,0.028293146027491143,0.4985291379285955,0.0005620397576374359,0.009903218100395654,0.2609261449293169
2006,3127,0.017055122296754252,13.13505213920788,0.028293146027491143,0.4985291379285955,0.0004825430656587882,0.008502475415867666,0.22401992060843395
2007,3127,0.015110729387170244,13.13505213920788,0.028293146027491143,0.4985291379285955,0.00042753007313310945,0.007533138894858275,0.1984802183619419
2008,3127,0.02207105805109336,13.13505213920788,0.028293146027491143,0.4985291379285955,0.0006244596684208185,0.01100306554338356,0.28990449826859516
2009,3127,0.017595851336176013,13.13505213920788,0.028293146027491143,0.4985291379285955,0.000497841991332453,0.008772044597743552,0.2311224247344226
2010,3127,0.02025630605546517,13.13505213920788,0.028293146027491143,0.4985291379285955,0.0005731146252048291,0.010098358795448839,0.2660676361862873
2011,3127,0.02535116912018707,13.13505213920788,0.028293146027491143,0.4985291379285955,0.0007172643298850768,0.012638296486968889,0.3329889281835339
2012,3127,0.02003025971279672,13.13505213920788,0.028293146027491143,0.4985291379285955,0.0005667190630227304,0.009985668107106426,0.26309850568945997
2013,3127,0.0256382113566268,13.13505213920788,0.028293146027491143,0.4985291379285955,0.0007253856577967238,0.012781395405650285,0.3367592429253246
2014,3127,0.027158385312135627,13.13505213920788,0.028293146027491143,0.4985291379285955,0.0007683961615071239,0.013539246417191604,0.35672680709159893
2015,3127,0.0313708412390477,13.13505213920788,0.028293146027491143,0.4985291379285955,0.0008875797921816178,0.015639278438997282,0.41205763532570433
2016,3127,0.015834995646217875,13.13505213920788,0.028293146027491143,0.4985291379285955,0.00044802184416312883,0.00789420672861206,0.20799349343720158
1979,3146,0.013896796052388204,6.292497913403194,0.030414361626758587,0.4438799057032836,0.00042266218059064603,0.0061685085213118405,0.08744556016264252
1980,3146,0.009437101893369186,6.292497913403194,0.030414361626758587,0.4438799057032836,0.0002870234296934986,0.004188939898540993,0.05938294397259893
1981,3146,0.01884860848404556,6.292497913403194,0.030414361626758587,0.4438799057032836,0.0005732683945949516,0.008366518556536254,0.11860482955641043
1982,3146,0.0076258528931834645,6.292497913403194,0.030414361626758587,0.4438799057032836,0.00023193544760574512,0.0033849628631333886,0.04798566341827666
1983,3146,0.01914112660429597,6.292497913403194,0.030414361626758587,0.4438799057032836,0.0005821651464866272,0.008496361472169508,0.12044549921771874
1984,3146,0.016963458504809632,6.292497913403194,0.030414361626758587,0.4438799057032836,0.0005159327614057936,0.007529738361516464,0.10674252724561628
1985,3146,0.01469742579032911,6.292497913403194,0.030414361626758587,0.4438799057032836,0.00044701282296951767,0.006523891973892294,0.09248352111804421
1986,3146,0.010133774078315769,6.292497913403194,0.030414361626758587,0.4438799057032836,0.000308212269461768,0.004498178682301184,0.06376675224270136
1987,3146,0.01639469491294936,6.292497913403194,0.030414361626758587,0.4438799057032836,0.0004986341798428213,0.007277275631994065,0.1031635835306158
1988,3146,0.008296487586456978,6.292497913403194,0.030414361626758587,0.4438799057032836,0.0002523323736864161,0.003682644127544987,0.052205630826356035
1989,3146,0.01926672192922449,6.292497913403194,0.030414361626758587,0.4438799057032836,0.0005859850481176335,0.008552110713155554,0.12123580753776467
1990,3146,0.013383354726507552,6.292497913403194,0.030414361626758587,0.4438799057032836,0.00040704619043118947,0.005940602233995768,0.08421473169088355
1991,3146,0.018490461119639368,6.292497913403194,0.030414361626758587,0.4438799057032836,0.0005623755711382312,0.008207544138195754,0.11635118801319361
1992,3146,0.01451263994151339,6.292497913403194,0.030414361626758587,0.4438799057032836,0.00044139267934012883,0.006441869248744671,0.09132075654994486
1993,3146,0.01568979603259346,6.292497913403194,0.030414361626758587,0.4438799057032836,0.0004771951303853797,0.006964385183451339,0.09872800879681606
1994,3146,0.016219074299060127,6.292497913403194,0.030414361626758587,0.4438799057032836,0.0004932927909828807,0.00719932117046136,0.10205849118416722
1995,3146,0.015317006454378394,6.292497913403194,0.030414361626758587,0.4438799057032836,0.0004658569733428598,0.0067989113806260675,0.0963822311537593
1996,3146,0.007563157849683325,6.292497913403194,0.030414361626758587,0.4438799057032836,0.0002300286178805265,0.0033571337931364836,0.04759115498787131
1997,3146,0.01225502658254306,6.292497913403194,0.030414361626758587,0.4438799057032836,0.00037272881022700405,0.005439760043850448,0.07711472919935287
1998,3146,0.014836974157156785,6.292497913403194,0.030414361626758587,0.4438799057032836,0.00045125709746263816,0.00658583468980081,0.09336162892512619
1999,3146,0.01138445841656161,6.292497913403194,0.030414361626758587,0.4438799057032836,0.00034625103520610024,0.005053332328426321,0.07163668083143936
2000,3146,0.018332393073145582,6.292497913403194,0.030414361626758587,0.4438799057032836,0.0005575680324105339,0.008137380908623391,0.11535654516045574
2001,3146,0.016846495181920686,6.292497913403194,0.030414361626758587,0.4438799057032836,0.000512375396606382,0.007477820692781776,0.10600653578039287
2002,3146,0.01577391797225427,6.292497913403194,0.030414361626758587,0.4438799057032836,0.00047975364547896783,0.007001725222095556,0.09925734592660312
2003,3146,0.012478343888179736,6.292497913403194,0.030414361626758587,0.4438799057032836,0.0003795208635181513,0.005538886108418367,0.07851995287909849
2004,3146,0.0153375275168646,6.292497913403194,0.030414361626758587,0.4438799057032836,0.0004664811083582806,0.0068080202679073765,0.09651135989663456
2005,3146,0.016662101856464252,6.292497913403194,0.030414361626758587,0.4438799057032836,0.0005067671913243894,0.007395972200865859,0.10484624116471279
2006,3146,0.01690788853413111,6.292497913403194,0.030414361626758587,0.4438799057032836,0.0005142426362219888,0.007505071968171747,0.1063928533210738
2007,3146,0.0238933236272149,6.292497913403194,0.030414361626758587,0.4438799057032836,0.0007267001852632891,0.010605766238586188,0.15034868906851698
2008,3146,0.014953120590774896,6.292497913403194,0.030414361626758587,0.4438799057032836,0.0004547896170963577,0.006637389757802989,0.09409248011631736
2009,3146,0.012968153892827624,6.292497913403194,0.030414361626758587,0.4438799057032836,0.00039441812212791645,0.005756302927093996,0.08160208131130933
2010,3146,0.013409181138507273,6.292497913403194,0.030414361626758587,0.4438799057032836,0.00040783168426527063,0.005952066059318858,0.08437724433450247
2011,3146,0.01818417321236432,6.292497913403194,0.030414361626758587,0.4438799057032836,0.0005530600199644647,0.008071589090796449,0.11442387199576473
2012,3146,0.01285121822135467,6.292497913403194,0.030414361626758587,0.4438799057032836,0.0003908615983286702,0.005704397532267231,0.08086626384256336
2013,3146,0.017796704700298056,6.292497913403194,0.030414361626758587,0.4438799057032836,0.0005412754125194994,0.007899599604197486,0.11198572719207833
2014,3146,0.015871424771921633,6.292497913403194,0.030414361626758587,0.4438799057032836,0.000482719252545119,0.007045006531137334,0.09987090726005264
2015,3146,0.025155122496772053,6.292497913403194,0.030414361626758587,0.4438799057032836,0.0007650769923822356,0.011165853401821727,0.1582885558223399
2016,3146,0.021013741600024716,6.292497913403194,0.030414361626758587,0.4438799057032836,0.0006391195361544124,0.00932757763989214,0.13222892517094942
1979,3249,0.019514019720501485,18.317151458901698,0.03283960163015185,0.5755460078361128,0.000640832633824196,0.011231216146969807,0.3574412547924203
1980,3249,0.01339218525816504,18.317151458901698,0.03283960163015185,0.5755460078361128,0.00043979402883533226,0.00770781876153853,0.24530668573947959
1981,3249,0.013769157252929532,18.317151458901698,0.03283960163015185,0.5755460078361128,0.00045217363896912186,0.007924783488191249,0.2522117388633451
1982,3249,0.021278567537067555,18.317151458901698,0.03283960163015185,0.5755460078361128,0.0006987796811775799,0.012246794598430338,0.3897627444049353
1983,3249,0.01978917440136164,18.317151458901698,0.03283960163015185,0.5755460078361128,0.000649868603930315,0.011389580325076289,0.36248130475636153
1984,3249,0.015019255317810475,18.317151458901698,0.03283960163015185,0.5755460078361128,0.0004932263614184357,0.008644272438837126,0.27510997445624924
1985,3249,0.012355696757976882,18.317151458901698,0.03283960163015185,0.5755460078361128,0.00040575615939491953,0.007111271943087196,0.22632116889612322
1986,3249,0.014399303673006738,18.317151458901698,0.03283960163015185,0.5755460078361128,0.0004728673963731236,0.008287461744618902,0.26375422628118395
1987,3249,0.015608814253292013,18.317151458901698,0.03283960163015185,0.5755460078361128,0.0005125872419971459,0.008983590730537633,0.2859090147714134
1988,3249,0.02258546825104144,18.317151458901698,0.03283960163015185,0.5755460078361128,0.0007416977799946432,0.012998976086996171,0.4137014427245417
1989,3249,0.02961465672598923,18.317151458901698,0.03283960163015185,0.5755460078361128,0.0009725335292951833,0.017044597452079986,0.5424561526533266
1990,3249,0.01862358909077591,18.317151458901698,0.03283960163015185,0.5755460078361128,0.0006115912466647228,0.010718732352776256,0.3411311020840917
1991,3249,0.016355952279099466,18.317151458901698,0.03283960163015185,0.5755460078361128,0.0005371229571274007,0.009413603038593668,0.2995944551508333
1992,3249,0.018515853002829586,18.317151458901698,0.03283960163015185,0.5755460078361128,0.0006080532364553745,0.010656725277458869,0.33915768384358935
1993,3249,0.02099190625546651,18.317151458901698,0.03283960163015185,0.5755460078361128,0.0006893658388870129,0.012081807842203673,0.38451192629244607
1994,3249,0.014025479421221598,18.317151458901698,0.03283960163015185,0.5755460078361128,0.00046059115686481004,0.008072308688871644,0.25690683084222493
1995,3249,0.019613893297649943,18.317151458901698,0.03283960163015185,0.5755460078361128,0.0006441124423111295,0.011288697985585914,0.3592706542317909
1996,3249,0.019335331660557963,18.317151458901698,0.03283960163015185,0.5755460078361128,0.0006349645891195859,0.011128372947421333,0.35416819853453746
1997,3249,0.014405535569591944,18.317151458901698,0.03283960163015185,0.5755460078361128,0.0004730720493743821,0.008291048487819766,0.26386837687481135
1998,3249,0.02193735699694794,18.317151458901698,0.03283960163015185,0.5755460078361128,0.0007204140645981947,0.012625958242069002,0.4018298907210923
1999,3249,0.016544044534114084,18.317151458901698,0.03283960163015185,0.5755460078361128,0.0005432998318517976,0.009521858785072224,0.30303976947418243
2000,3249,0.022818880502102155,18.317151458901698,0.03283960163015185,0.5755460078361128,0.0007493629453350742,0.013133315576274207,0.417976890279584
2001,3249,0.019912122984225032,18.317151458901698,0.03283960163015185,0.5755460078361128,0.0006539061864125405,0.011460342891112422,0.36473337257032756
2002,3249,0.019686410287745443,18.317151458901698,0.03283960163015185,0.5755460078361128,0.0006464938713772834,0.01133043484973567,0.3605989589227138
2003,3249,0.013879787168924984,18.317151458901698,0.03283960163015185,0.5755460078361128,0.00045580668133878965,0.007988456094689676,0.25423816379051933
2004,3249,0.017758039556034163,18.317151458901698,0.03283960163015185,0.5755460078361128,0.0005831669447526406,0.01022056877347124,0.3252767001610452
2005,3249,0.01348380630652208,18.317151458901698,0.03283960163015185,0.5755460078361128,0.0004428028275643143,0.007760550890154184,0.24698492235905883
2006,3249,0.020820935716022743,18.317151458901698,0.03283960163015185,0.5755460078361128,0.0006837512344811874,0.011983406430769226,0.38138023302644447
2007,3249,0.015999003597869585,18.317151458901698,0.03283960163015185,0.5755460078361128,0.0005254009046334033,0.009208162650109444,0.2930561720936904
2008,3249,0.02049563887462541,18.317151458901698,0.03283960163015185,0.5755460078361128,0.0006730686157981522,0.011796183132341294,0.3754217215134672
2009,3249,0.0,18.317151458901698,0.03283960163015185,0.5755460078361128,0.0,0.0,0.0
2010,3249,0.0,18.317151458901698,0.03283960163015185,0.5755460078361128,0.0,0.0,0.0
2011,3249,0.0,18.317151458901698,0.03283960163015185,0.5755460078361128,0.0,0.0,0.0
2012,3249,0.0,18.317151458901698,0.03283960163015185,0.5755460078361128,0.0,0.0,0.0
2013,3249,0.0,18.317151458901698,0.03283960163015185,0.5755460078361128,0.0,0.0,0.0
2014,3249,0.0,18.317151458901698,0.03283960163015185,0.5755460078361128,0.0,0.0,0.0
2015,3249,0.0,18.317151458901698,0.03283960163015185,0.5755460078361128,0.0,0.0,0.0
2016,3249,0.0,18.317151458901698,0.03283960163015185,0.5755460078361128,0.0,0.0,0.0
1979,5776,0.0015086378114019894,0.30432215541098506,0.04529909836744272,0.3563071841194423,6.833993261954222e-05,0.0005375384904367611,0.0004591119105003646
1980,5776,0.002789140689984153,0.30432215541098506,0.04529909836744272,0.3563071841194423,0.0001263455584762292,0.000993790865361212,0.0008487973065204595
1981,5776,0.002950113462721012,0.30432215541098506,0.04529909836744272,0.3563071841194423,0.00013363747994291617,0.001051146620734981,0.0008977848876822231
1982,5776,0.0054490088726256965,0.30432215541098506,0.04529909836744272,0.3563071841194423,0.0002468351889261396,0.0019415210076471187,0.0016582541249710338
1983,5776,0.007358145541939282,0.30432215541098506,0.04529909836744272,0.3563071841194423,0.0003333173587062676,0.002621760118389413,0.002239246711150693
1984,5776,0.009789000178826763,0.30432215541098506,0.04529909836744272,0.3563071841194423,0.0004434328820195879,0.003487891089062481,0.002979009633739079
1985,5776,0.001222359811354496,0.30432215541098506,0.04529909836744272,0.3563071841194423,5.5371797334956044e-05,0.0004355355823644932,0.00037199117247916535
1986,5776,0.0016641640445641509,0.30432215541098506,0.04529909836744272,0.3563071841194423,7.53851307542728e-05,0.0005929536046314747,0.000506441988999225
1987,5776,0.0017434153113141321,0.30432215541098506,0.04529909836744272,0.3563071841194423,7.897514168252464e-05,0.0006211914003250592,0.0005305599053156302
1988,5776,0.003326531207040336,0.30432215541098506,0.04529909836744272,0.3563071841194423,0.00015068886437008815,0.0011852669672659916,0.0010123371469684208
1989,5776,0.005661523110404355,0.30432215541098506,0.04529909836744272,0.3563071841194423,0.0002564618922877571,0.002017241357295322,0.0017229269158673577
1990,5776,0.005093796140724977,0.30432215541098506,0.04529909836744272,0.3563071841194423,0.00023074437244240083,0.0018149561593801989,0.0015501550207695823
1991,5776,0.0106851472699927,0.30432215541098506,0.04529909836744272,0.3563071841194423,0.00048402753725401135,0.0038071947356726455,0.0032517270480879813
1992,5776,0.0008026584628107597,0.30432215541098506,0.04529909836744272,0.3563071841194423,3.6359704662324966e-05,0.0002859929766937419,0.0002442667534614384
1993,5776,0.002168040050302733,0.30432215541098506,0.04529909836744272,0.3563071841194423,9.821025950321896e-05,0.0007724882453815408,0.0006597826211254681
1994,5776,0.003440180091777759,0.30432215541098506,0.04529909836744272,0.3563071841194423,0.00015583705637915883,0.0012257608813650979,0.001046923020531768
1995,5776,0.0055302753230493905,0.30432215541098506,0.04529909836744272,0.3563071841194423,0.0002505164858578554,0.0019704768277609675,0.0016829853063265723
1996,5776,0.009419004311594216,0.30432215541098506,0.04529909836744272,0.3563071841194423,0.00042667240283427344,0.003356058903473021,0.0028664116939297133
1997,5776,0.012044563767963798,0.30432215541098506,0.04529909836744272,0.3563071841194423,0.0005456078789179286,0.0042915646001102405,0.0036654276068517986
1998,5776,0.009623647576005905,0.30432215541098506,0.04529909836744272,0.3563071841194423,0.00043594255819909316,0.0034289747687645607,0.0029286891732458187
1999,5776,0.0013120237183002073,0.30432215541098506,0.04529909836744272,0.3563071841194423,5.9433491475699044e-05,0.00046748347656546725,0.0003992778859034542
2000,5776,0.0012968202219062225,0.30432215541098506,0.04529909836744272,0.3563071841194423,5.8744786797018866e-05,0.0004620663615765564,0.0003946511251110536
2001,5776,0.00943979075760912,0.30432215541098506,0.04529909836744272,0.3563071841194423,0.00042761401009701214,0.003363465263520442,0.002872737469984303
2002,5776,0.005763899153089368,0.30432215541098506,0.04529909836744272,0.3563071841194423,0.00026109943471581504,0.0020537186767857108,0.0017540822138397078
2003,5776,0.007242014963081108,0.30432215541098506,0.04529909836744272,0.3563071841194423,0.00032805674819110317,0.0025803819588462963,0.002203905603083448
2004,5776,0.008351479373950406,0.30432215541098506,0.04529909836744272,0.3563071841194423,0.00037831448567424836,0.0029756920989638717,0.0025415402039509717
2005,5776,0.009001237428581117,0.30432215541098506,0.04529909836744272,0.3563071841194423,0.0004077479397060032,0.003207205561768267,0.002739275975631838
2006,5776,0.005910755646957767,0.30432215541098506,0.04529909836744272,0.3563071841194423,0.0002677519014774574,0.0021060447005856143,0.001798773898589839
2007,5776,0.010616127385780284,0.30432215541098506,0.04529909836744272,0.3563071841194423,0.0004809009987297636,0.0037826024550806693,0.003230722768158242
2008,5776,0.007592783023181026,0.30432215541098506,0.04529909836744272,0.3563071841194423,0.0003439462250497264,0.0027053631386195374,0.0023106520951823853
2009,5776,0.017594825775615133,0.30432215541098506,0.04529909836744272,0.3563071841194423,0.0007970297435676065,0.00626916282718161,0.0053544953041159546
2010,5776,0.01881573510592343,0.30432215541098506,0.04529909836744272,0.3563071841194423,0.0008523358354189707,0.006704181592728914,0.005726045063076757
2011,5776,0.008380178068947895,0.30432215541098506,0.04529909836744272,0.3563071841194423,0.00037961451068195686,0.00298591765016633,0.00255027385267009
2012,5776,0.02190901924525486,0.30432215541098506,0.04529909836744272,0.3563071841194423,0.0009924588179249954,0.007806340954095428,0.006667399959656712
2013,5776,0.01408426489303555,0.30432215541098506,0.04529909836744272,0.3563071841194423,0.0006380045008227374,0.005018324764429815,0.0042861538496278455
2014,5776,0.011130965135444195,0.30432215541098506,0.04529909836744272,0.3563071841194423,0.000504222684595062,0.003966042843941807,0.003387399301822905
2015,5776,0.02639719849971389,0.30432215541098506,0.04529909836744272,0.3563071841194423,0.0011957692914634508,0.009405511466075022,0.008033252344244552
2016,5776,0.03036870092577305,0.30432215541098506,0.04529909836744272,0.3563071841194423,0.001375674770528042,0.010820586312227695,0.009241868522762832
1979,5807,0.016312471129491718,6.655214960566057,0.046449250514355514,0.3299956950906241,0.0007577020580019527,0.005383045249022358,0.10856300190479516
1980,5807,0.0049678613160128345,6.655214960566057,0.046449250514355514,0.3299956950906241,0.000230753434788056,0.001639372848091478,0.033062184952345995
1981,5807,0.005739911072873266,6.655214960566057,0.046449250514355514,0.3299956950906241,0.00026661456735401347,0.0018941459442511834,0.038200342044504926
1982,5807,0.0070191653896159905,6.655214960566057,0.046449250514355514,0.3299956950906241,0.000326034971583967,0.0023162943617023803,0.04671405451165982
1983,5807,0.013499867740361285,6.655214960566057,0.046449250514355514,0.3299956950906241,0.0006270587385827078,0.004454898238612015,0.0898445217513155
1984,5807,0.006832783009790125,6.655214960566057,0.046449250514355514,0.3299956950906241,0.00031737764973197355,0.0022547889787190986,0.04547363970905681
1985,5807,0.007976089173003048,6.655214960566057,0.046449250514355514,0.3299956950906241,0.00037048336412165726,0.002632075090749942,0.053082587990978834
1986,5807,0.008567558569190207,6.655214960566057,0.046449250514355514,0.3299956950906241,0.0003979566742767292,0.002827257445269555,0.05701894396520058
1987,5807,0.013304289231934923,6.655214960566057,0.046449250514355514,0.3299956950906241,0.0006179742634495878,0.00439035817277907,0.0885429047360712
1988,5807,0.008819165381554347,6.655214960566057,0.046449250514355514,0.3299956950906241,0.0004096436221353496,0.002910286610205196,0.05869344138702675
1989,5807,0.014641369826019863,6.655214960566057,0.046449250514355514,0.3299956950906241,0.0006800806549221224,0.004831589012816315,0.09744146350930784
1990,5807,0.006655536124927254,6.655214960566057,0.046449250514355514,0.3299956950906241,0.000309144664774089,0.002196298269746128,0.0442940235892037
1991,5807,0.006795709445951089,6.655214960566057,0.046449250514355514,0.3299956950906241,0.00031565561047775426,0.0022425548622505495,0.04522690717235376
1992,5807,0.01297974763133912,6.655214960566057,0.046449250514355514,0.3299956950906241,0.0006028995493411834,0.0042832608417046345,0.08638301062045994
1993,5807,0.01752948062325787,6.655214960566057,0.046449250514355514,0.3299956950906241,0.0008142312368562456,0.005784653142849607,0.11666246169485858
1994,5807,0.004965570008818196,6.655214960566057,0.046449250514355514,0.3299956950906241,0.0002306470052861669,0.001638616726581117,0.033046935810424984
1995,5807,0.011486809606918138,6.655214960566057,0.046449250514355514,0.3299956950906241,0.0005335536970424462,0.0037905977206086094,0.0764471871451355
1996,5807,0.003755986118995872,6.655214960566057,0.046449250514355514,0.3299956950906241,0.00017446274016968117,0.0012394592500887783,0.02499689501081977
1997,5807,0.008921635203030562,6.655214960566057,0.046449250514355514,0.3299956950906241,0.0004144032685432596,0.0029441012101690516,0.059375400075921785
1998,5807,0.02155157857532427,6.655214960566057,0.046449250514355514,0.3299956950906241,0.0010010546722250542,0.007111928152264335,0.143430388158313
1999,5807,0.01015347076071127,6.655214960566057,0.046449250514355514,0.3299956950906241,0.0004716211069544616,0.0033506016412632434,0.06757353050835567
2000,5807,0.007280518073234511,6.655214960566057,0.046449250514355514,0.3299956950906241,0.00033817460785796275,0.002402539622196874,0.048453412801661884
2001,5807,0.01110163262549138,6.655214960566057,0.046449250514355514,0.3299956950906241,0.0005156625149397914,0.003663490974889778,0.07388375153587846
2002,5807,0.009584412286799987,6.655214960566057,0.046449250514355514,0.3299956950906241,0.0004451887673424396,0.0031628147946176797,0.06378632403934441
2003,5807,0.01218859745822617,6.655214960566057,0.046449250514355514,0.3299956950906241,0.0005661512167557842,0.004022184690407159,0.08111773615230422
2004,5807,0.013038474691929305,6.655214960566057,0.046449250514355514,0.3299956950906241,0.0006056273772905086,0.004302640518884722,0.08677385183268982
2005,5807,0.011881156303583149,6.655214960566057,0.046449250514355514,0.3299956950906241,0.0005518708055453479,0.0039207304328812715,0.07907164918043028
2006,5807,0.012224951178680762,6.655214960566057,0.046449250514355514,0.3299956950906241,0.0005678398198243085,0.004034181261657703,0.08135967797654586
2007,5807,0.016210896226204585,6.655214960566057,0.046449250514355514,0.3299956950906241,0.0007529839798731972,0.005349525968208357,0.10788699908882059
2008,5807,0.012459588085036626,6.655214960566057,0.046449250514355514,0.3299956950906241,0.0005787385282675453,0.00411161043066452,0.08292123702602634
2009,5807,0.011295752732419844,6.655214960566057,0.046449250514355514,0.3299956950906241,0.0005246792484163851,0.003727549774506703,0.07517566257565546
2010,5807,0.015343554498595341,6.655214960566057,0.046449250514355514,0.3299956950906241,0.0007126966066859215,0.005063306931924842,0.10211465344731234
2011,5807,0.015768625992432776,6.655214960566057,0.046449250514355514,0.3299956950906241,0.0007324408589896879,0.005203578694996936,0.1049435956124094
2012,5807,0.013632713486050704,6.655214960566057,0.046449250514355514,0.3299956950906241,0.000633229323904002,0.004498736762800627,0.09072863874547529
2013,5807,0.019593039224360155,6.655214960566057,0.046449250514355514,0.3299956950906241,0.0009100819872698987,0.006465618597780592,0.13039588776891928
2014,5807,0.012531639015053182,6.655214960566057,0.046449250514355514,0.3299956950906241,0.0005820852399656767,0.004135386927397258,0.08340075145339522
2015,5807,0.010220147518529898,6.655214960566057,0.046449250514355514,0.3299956950906241,0.00047471819238186413,0.0033726046843059907,0.06801727866451224
2016,5807,0.017655483819277,6.655214960566057,0.046449250514355514,0.3299956950906241,0.0008200839908737476,0.00582623365510358,0.11750104005008423
1979,5834,0.004841411156837009,2.4328622590736417,0.03721988876144957,0.4002296904336436,0.00018019678470591435,0.0019376764885628644,0.01177848648412682
1980,5834,0.006299672565087732,2.4328622590736417,0.03721988876144957,0.4002296904336436,0.00023447311210612106,0.0025213160005583806,0.015326235628123583
1981,5834,0.003155062786241161,2.4328622590736417,0.03721988876144957,0.4002296904336436,0.00011743108593928516,0.0012627498022360088,0.007675833177653849
1982,5834,0.0073583802187202185,2.4328622590736417,0.03721988876144957,0.4002296904336436,0.0002738780932052175,0.0029450422370314398,0.017901925522038467
1983,5834,0.003549121344580922,2.4328622590736417,0.03721988876144957,0.4002296904336436,0.00013209790164618826,0.0014204637370530593,0.008634523372103624
1984,5834,0.007163009857692334,2.4328622590736417,0.03721988876144957,0.4002296904336436,0.0002666064301004754,0.0028668492179173403,0.017426616344152136
1985,5834,0.00529184861334415,2.4328622590736417,0.03721988876144957,0.4002296904336436,0.0001969620167311004,0.0021179549323404353,0.012874338772136167
1986,5834,0.007444627363237753,2.4328622590736417,0.03721988876144957,0.4002296904336436,0.0002770882023301528,0.0029795609049824783,0.018111752944888048
1987,5834,0.01194512449566637,2.4328622590736417,0.03721988876144957,0.4002296904336436,0.0004445962049703687,0.004780793479091884,0.029060842565442783
1988,5834,0.008352931395788814,2.4328622590736417,0.03721988876144957,0.4002296904336436,0.00031089517738327934,0.0033430911467500195,0.02032153154544592
1989,5834,0.0036686300654816687,2.4328622590736417,0.03721988876144957,0.4002296904336436,0.00013654600294413715,0.0014682946754232859,0.008925271628813215
1990,5834,0.02016803455040533,2.4328622590736417,0.03721988876144957,0.4002296904336436,0.0007506520025031579,0.008071846224763753,0.04906605009737437
1991,5834,0.010510114951162584,2.4328622590736417,0.03721988876144957,0.4002296904336436,0.0003911853093523193,0.00420646005332581,0.02556966200320906
1992,5834,0.008634964065481351,2.4328622590736417,0.03721988876144957,0.4002296904336436,0.00032139240197633025,0.0034559689948332377,0.021007678183366678
1993,5834,0.00659015223597959,2.4328622590736417,0.03721988876144957,0.4002296904336436,0.0002452847331441785,0.0026375745893166954,0.016032932656464518
1994,5834,0.00987472447743682,2.4328622590736417,0.03721988876144957,0.4002296904336436,0.0003675361466001617,0.0039521579207220615,0.02402384449990673
1995,5834,0.006431672230772847,2.4328622590736417,0.03721988876144957,0.4002296904336436,0.00023938612497946958,0.0025741461858928786,0.015647372632979238
1996,5834,0.016362160142318748,2.4328622590736417,0.03721988876144957,0.4002296904336436,0.0006089977803941277,0.006548622288585934,0.03980688188716629
1997,5834,0.008960498012013322,2.4328622590736417,0.03721988876144957,0.4002296904336436,0.0003335087392543258,0.0035862573454793706,0.021799657435931607
1998,5834,0.010453753396713414,2.4328622590736417,0.03721988876144957,0.4002296904336436,0.00038908753856529884,0.00418390248583626,0.025432542104526952
1999,5834,0.015615229424124837,2.4328622590736417,0.03721988876144957,0.4002296904336436,0.0005811971021504407,0.006249678438467806,0.03798970233272955
2000,5834,0.006223886302119487,2.4328622590736417,0.03721988876144957,0.4002296904336436,0.000231652355828797,0.002490984087991477,0.01514185808919191
2001,5834,0.017652277773109962,2.4328622590736417,0.03721988876144957,0.4002296904336436,0.0006570158151013616,0.007064965668580488,0.042945560380883735
2002,5834,0.010723538048607392,2.4328622590736417,0.03721988876144957,0.4002296904336436,0.0003991288932983391,0.004291878313547535,0.02608889100219713
2003,5834,0.015208775620402766,2.4328622590736417,0.03721988876144957,0.4002296904336436,0.0005660689367892371,0.006087003558428545,0.0370008562135972
2004,5834,0.015002246013012359,2.4328622590736417,0.03721988876144957,0.4002296904336436,0.0005583819277762203,0.0060043442775973,0.036498398126395784
2005,5834,0.015853751930935096,2.4328622590736417,0.03721988876144957,0.4002296904336436,0.0005900748833210206,0.006345142227529933,0.038569994737487866
2006,5834,0.01820659464491563,2.4328622590736417,0.03721988876144957,0.4002296904336436,0.0006776474274085632,0.007286819738585416,0.04429413697786751
2007,5834,0.017124449627891614,2.4328622590736417,0.03721988876144957,0.4002296904336436,0.0006373701102511723,0.006853713173417584,0.041661427207105174
2008,5834,0.009735337085200791,2.4328622590736417,0.03721988876144957,0.4002296904336436,0.00036234816336638815,0.0038963709478770825,0.023684734173945
2009,5834,0.010012079508320964,2.4328622590736417,0.03721988876144957,0.4002296904336436,0.00037264848557049495,0.004007131482212326,0.024358010370638655
2010,5834,0.029619934716552224,2.4328622590736417,0.03721988876144957,0.4002296904336436,0.001102450675271472,0.01185477730227043,0.07206122128812503
2011,5834,0.017525777811914674,2.4328622590736417,0.03721988876144957,0.4002296904336436,0.0006523075006173452,0.007014336628271429,0.04263780339951744
2012,5834,0.02158388933644165,2.4328622590736417,0.03721988876144957,0.4002296904336436,0.0008033499601417958,0.008638513347478062,0.05251062977065092
2013,5834,0.02111075114781808,2.4328622590736417,0.03721988876144957,0.4002296904336436,0.0007857398093924328,0.008449149396712917,0.051359549728222174
2014,5834,0.01987816547247511,2.4328622590736417,0.03721988876144957,0.4002296904336436,0.0007398631076672113,0.007955832013437455,0.048360838557605465
2015,5834,0.01588000748551947,2.4328622590736417,0.03721988876144957,0.4002296904336436,0.0005910521121420212,0.006355650480013401,0.038633870885327236
2016,5834,0.021064963118790657,2.4328622590736417,0.03721988876144957,0.4002296904336436,0.000784035584045426,0.008430823668029703,0.051248153760483986
1979,5837,0.018432585833024977,4.696518994290253,0.034402132188839696,0.5059714001237168,0.0006341202544098591,0.009326361261836233,0.08656898947868723
1980,5837,0.02317866010972604,4.696518994290253,0.034402132188839696,0.5059714001237168,0.0007973953290549809,0.011727739108709829,0.10885901746752615
1981,5837,0.010457444670828722,4.696518994290253,0.034402132188839696,0.5059714001237168,0.0003597583939233269,0.005291167921815509,0.04911358752828648
1982,5837,0.011098797292091485,4.696518994290253,0.034402132188839696,0.5059714001237168,0.00038182229157966734,0.005615674005568845,0.05212571229608488
1983,5837,0.02567328644550815,4.696518994290253,0.034402132188839696,0.5059714001237168,0.0008832157940203178,0.012989948688611,0.12057507743718353
1984,5837,0.011763870306365082,4.696518994290253,0.034402132188839696,0.5059714001237168,0.0004047022213319377,0.005952181929785357,0.055249240340210705
1985,5837,0.01582057558382239,4.696518994290253,0.034402132188839696,0.5059714001237168,0.0005442615325381876,0.008004758778909703,0.07430163373002646
1986,5837,0.012902181650212726,4.696518994290253,0.034402132188839696,0.5059714001237168,0.0004438625586550401,0.00652813491420866,0.06059534118800723
1987,5837,0.013746552410069677,4.696518994290253,0.034402132188839696,0.5059714001237168,0.00047291071315202994,0.006955362369797008,0.06456094449989869
1988,5837,0.012521765595544665,4.696518994290253,0.034402132188839696,0.5059714001237168,0.0004307754352555926,0.00633565527039872,0.05880870996152572
1989,5837,0.020462250765487102,4.696518994290253,0.034402132188839696,0.5059714001237168,0.0007039450557154736,0.010353313669496104,0.09610134938604044
1990,5837,0.01884484879299682,4.696518994290253,0.034402132188839696,0.5059714001237168,0.0006483029792553728,0.009534954528912334,0.08850519030083731
1991,5837,0.018871679904557192,4.696518994290253,0.034402132188839696,0.5059714001237168,0.0006492260267020462,0.009548530303995412,0.08863120312591852
1992,5837,0.015720797337594978,4.696518994290253,0.034402132188839696,0.5059714001237168,0.0005408289481219016,0.00795427383996413,0.07383302330140246
1993,5837,0.016458457899320187,4.696518994290253,0.034402132188839696,0.5059714001237168,0.000566206044276866,0.008327508987196282,0.07729746014088372
1994,5837,0.020965167320882258,4.696518994290253,0.034402132188839696,0.5059714001237168,0.0007212464575341337,0.010607775063174788,0.09846330654099682
1995,5837,0.0141626103411451,4.696518994290253,0.034402132188839696,0.5059714001237168,0.0004872239930951018,0.007165875783715817,0.06651496847591952
1996,5837,0.01665355075561695,4.696518994290253,0.034402132188839696,0.5059714001237168,0.0005729176545082855,0.00842622039285089,0.0782137174461318
1997,5837,0.01134943646727313,4.696518994290253,0.034402132188839696,0.5059714001237168,0.00039044481361596805,0.005742490259961356,0.053302843943038726
1998,5837,0.020240031688495645,4.696518994290253,0.034402132188839696,0.5059714001237168,0.0006963002456539315,0.010240877171976536,0.09505769327005642
1999,5837,0.017367801561450683,4.696518994290253,0.034402132188839696,0.5059714001237168,0.0005974894051465629,0.008787610873118077,0.08156820992241705
2000,5837,0.014795071709215582,4.696518994290253,0.034402132188839696,0.5059714001237168,0.0005089820126837969,0.007485883147642599,0.06948533530421734
2001,5837,0.018885938881370096,4.696518994290253,0.034402132188839696,0.5059714001237168,0.0006497165659072414,0.00955574493845777,0.08869817068135948
2002,5837,0.017168406565847588,4.696518994290253,0.034402132188839696,0.5059714001237168,0.000590629792150032,0.008686722708015116,0.0806317475382007
2003,5837,0.013029526115025777,4.696518994290253,0.034402132188839696,0.5059714001237168,0.0004482434797670557,0.006592567571368124,0.061193416885819446
2004,5837,0.0182052797111652,4.696518994290253,0.034402132188839696,0.5059714001237168,0.0006263004391583066,0.009211350865102151,0.08550144195985433
2005,5837,0.013825748267867763,4.696518994290253,0.034402132188839696,0.5059714001237168,0.00047563521952080824,0.0069954332088511045,0.06493288935031652
2006,5837,0.01806642540731437,4.696518994290253,0.034402132188839696,0.5059714001237168,0.000621523555042241,0.009141094558569542,0.08484931008437996
2007,5837,0.022084874089095288,4.696518994290253,0.034402132188839696,0.5059714001237168,0.0007597667577869368,0.011174314664415538,0.10372203064594467
2008,5837,0.0157867744371983,4.696518994290253,0.034402132188839696,0.5059714001237168,0.0005430987010238913,0.007987656365426523,0.07414288600287762
2009,5837,0.01916275718967436,4.696518994290253,0.034402132188839696,0.5059714001237168,0.0006592397059418156,0.009695807085490355,0.08999825312427773
2010,5837,0.019611213436983462,4.696518994290253,0.034402132188839696,0.5059714001237168,0.0006746675570426543,0.00992271312083557,0.09210443640787307
2011,5837,0.02588710152297796,4.696518994290253,0.034402132188839696,0.5059714001237168,0.0008905714885794012,0.013098133002725958,0.12157926400978612
2012,5837,0.018163100528394937,4.696518994290253,0.034402132188839696,0.5059714001237168,0.0006248493853370267,0.009190009404939806,0.08530334662681015
2013,5837,0.023705295389168792,4.696518994290253,0.034402132188839696,0.5059714001237168,0.0008155127055536769,0.01199420149840402,0.11133237006049239
2014,5837,0.02438734749092442,4.696518994290253,0.034402132188839696,0.5059714001237168,0.0008389767521179499,0.01233930035528664,0.11453564071148328
2015,5837,0.022125056145704074,4.696518994290253,0.034402132188839696,0.5059714001237168,0.0007611491062100116,0.011194645635857736,0.10391074643803748
2016,5837,0.02191812632359304,4.696518994290253,0.034402132188839696,0.5059714001237168,0.0007540302791159348,0.011089945064036863,0.10293889659800791
1979,5855,0.0034689940694468987,14.900892232894645,0.04024497055206728,0.3028787948199257,0.00013960956417018646,0.0010506847429915462,0.05169110678537888
1980,5855,0.0114709598669218,14.900892232894645,0.04024497055206728,0.3028787948199257,0.0004616484420482134,0.00347431049992101,0.17092753678486122
1981,5855,0.005256228788727418,14.900892232894645,0.04024497055206728,0.3028787948199257,0.00021153677281726322,0.0015920002408275583,0.07832249873226561
1982,5855,0.00549670310022088,14.900892232894645,0.04024497055206728,0.3028787948199257,0.00022121465440184623,0.0016648348104778493,0.08190578053260922
1983,5855,0.006643808737742432,14.900892232894645,0.04024497055206728,0.3028787948199257,0.00026737988700401146,0.0020122687835015195,0.09899867801706379
1984,5855,0.013561504143541065,14.900892232894645,0.04024497055206728,0.3028787948199257,0.0005457823348985485,0.004107492030941146,0.2020785117588596
1985,5855,0.004924781000951831,14.900892232894645,0.04024497055206728,0.3028787948199257,0.00019819766635868687,0.0014916117343203579,0.07338363096579026
1986,5855,0.003189889168150233,14.900892232894645,0.04024497055206728,0.3028787948199257,0.00012837699563656452,0.0009661497868584778,0.04753219472948456
1987,5855,0.010823461532615163,14.900892232894645,0.04024497055206728,0.3028787948199257,0.00043558989065153024,0.0032781969847783064,0.16127923388437926
1988,5855,0.007793314099992317,14.900892232894645,0.04024497055206728,0.3028787948199257,0.0003136416964572015,0.002360429582258807,0.11612733354108384
1989,5855,0.0059150664262193065,14.900892232894645,0.04024497055206728,0.3028787948199257,0.00023805167413671783,0.0017915481904531084,0.08813976736750714
1990,5855,0.012773518518345102,14.900892232894645,0.04024497055206728,0.3028787948199257,0.0005140698766170847,0.0038688278944463673,0.19033682287674444
1991,5855,0.003900816463277333,14.900892232894645,0.04024497055206728,0.3028787948199257,0.0001569882436936155,0.0011814745892111634,0.05812564573959677
1992,5855,0.010062500772311779,14.900892232894645,0.04024497055206728,0.3028787948199257,0.0004049650472618418,0.003047718106792363,0.14994023960163697
1993,5855,0.006559546595482004,14.900892232894645,0.04024497055206728,0.3028787948199257,0.00026398875957008646,0.001986747567404736,0.09774309691592831
1994,5855,0.0071139530154104855,14.900892232894645,0.04024497055206728,0.3028787948199257,0.0002863008296139852,0.0021546655157131042,0.10600424723250754
1995,5855,0.01052883532717135,14.900892232894645,0.04024497055206728,0.3028787948199257,0.0004237326676895766,0.003188960954751116,0.15688904054807432
1996,5855,0.0062163415122356075,14.900892232894645,0.04024497055206728,0.3028787948199257,0.0002501764811015154,0.0018827980254149952,0.09262903495669211
1997,5855,0.00549202520509281,14.900892232894645,0.04024497055206728,0.3028787948199257,0.0002210263926501714,0.0016634179752391656,0.08183607572142908
1998,5855,0.0077282890915504185,14.900892232894645,0.04024497055206728,0.3028787948199257,0.0003110247669073094,0.0023407348860687693,0.11515840289784804
1999,5855,0.011113680836834094,14.900892232894645,0.04024497055206728,0.3028787948199257,0.00044726975800346255,0.0033660982578736136,0.16560376046045122
2000,5855,0.006815901686166792,14.900892232894645,0.04024497055206728,0.3028787948199257,0.00027430576264556825,0.0020643920883172974,0.10156301649557627
2001,5855,0.012429632379225192,14.900892232894645,0.04024497055206728,0.3028787948199257,0.0005002301890749398,0.003764672075074452,0.18521261257733246
2002,5855,0.014239819462442384,14.900892232894645,0.04024497055206728,0.3028787948199257,0.0005730811149327482,0.004312939357237871,0.21218601522572972
2003,5855,0.00903925864991198,14.900892232894645,0.04024497055206728,0.3028787948199257,0.00036378469817822706,0.002737799765950929,0.13469301900759914
2004,5855,0.010961984721285248,14.900892232894645,0.04024497055206728,0.3028787948199257,0.00044116475230033625,0.003320152721217315,0.16334335299050912
2005,5855,0.008680629286863323,14.900892232894645,0.04024497055206728,0.3028787948199257,0.00034935167002322725,0.002629178536683714,0.12934912151725947
2006,5855,0.007254096737343714,14.900892232894645,0.04024497055206728,0.3028787948199257,0.0002919409095762451,0.002197112077313819,0.10809251373015133
2007,5855,0.010365312338070474,14.900892232894645,0.04024497055206728,0.3028787948199257,0.00041715168980862585,0.0031394333088868914,0.15445240210988137
2008,5855,0.011371505317653135,14.900892232894645,0.04024497055206728,0.3028787948199257,0.0004576458966416269,0.0034441878258991577,0.16944557526413775
2009,5855,0.01777281934449481,14.900892232894645,0.04024497055206728,0.3028787948199257,0.0007152665911464053,0.00538301010361285,0.2648308657270224
2010,5855,0.017281874242663163,14.900892232894645,0.04024497055206728,0.3028787948199257,0.000695508519980509,0.005234313242847335,0.25751534567236156
2011,5855,0.01166489033840573,14.900892232894645,0.04024497055206728,0.3028787948199257,0.0004694531681622327,0.0035330479274029223,0.17381727384111773
2012,5855,0.010727506856351205,14.900892232894645,0.04024497055206728,0.3028787948199257,0.0004317281975309541,0.0032491343480741427,0.1598494235941277
2013,5855,0.015064069123833396,14.900892232894645,0.04024497055206728,0.3028787948199257,0.000606253018282981,0.004562587101310713,0.22446807060311708
2014,5855,0.014190469965785563,14.900892232894645,0.04024497055206728,0.3028787948199257,0.0005710950458930351,0.004297992441165484,0.21145066369429882
2015,5855,0.015597772376327574,14.900892232894645,0.04024497055206728,0.3028787948199257,0.0006277318899631516,0.004724234499217624,0.23242072525287819
2016,5855,0.004657397445454657,14.900892232894645,0.04024497055206728,0.3028787948199257,0.00018743682304159606,0.0014106269252767071,0.06939937742047866
1979,5867,0.006611808815810913,10.900122589515462,0.03949816427360092,0.41202490024755656,0.00026115431075254223,0.0027242298677904067,0.07206952663077801
1980,5867,0.01911346988331368,10.900122589515462,0.03949816427360092,0.41202490024755656,0.0007549469732896476,0.007875225522056996,0.2083391648391309
1981,5867,0.004685091348573618,10.900122589515462,0.03949816427360092,0.41202490024755656,0.00018505250772278724,0.001930374295546735,0.05106807004253075
1982,5867,0.009342107583419464,10.900122589515462,0.03949816427360092,0.41202490024755656,0.00036899609999155493,0.0038491809451603465,0.1018301179037142
1983,5867,0.014513035100566438,10.900122589515462,0.03949816427360092,0.41202490024755656,0.0005732382445107094,0.0059797318396001735,0.15819386174211503
1984,5867,0.017165805100582916,10.900122589515462,0.03949816427360092,0.41202490024755656,0.0006780177897514406,0.007072739134236674,0.18710937994408358
1985,5867,0.02311249677172646,10.900122589515462,0.03949816427360092,0.41202490024755656,0.0009129011942627227,0.009522924176842567,0.2519290481615988
1986,5867,0.018031434837087967,10.900122589515462,0.03949816427360092,0.41202490024755656,0.000712208575284031,0.007429400140071486,0.1965448501891186
1987,5867,0.011044386938707004,10.900122589515462,0.03949816427360092,0.41202490024755656,0.00043623300960626165,0.00455056242671617,0.12038517155794974
1988,5867,0.01050483713615005,10.900122589515462,0.03949816427360092,0.41202490024755656,0.00041492178287107814,0.004328254473139052,0.11450401256693007
1989,5867,0.011851243982706924,10.900122589515462,0.03949816427360092,0.41202490024755656,0.00046810238167548253,0.004883007619784275,0.12918001224976292
1990,5867,0.007971916566823542,10.900122589515462,0.03949816427360092,0.41202490024755656,0.00031487607013183693,0.0032846281282273133,0.08689486785176584
1991,5867,0.016470330040264155,10.900122589515462,0.03949816427360092,0.41202490024755656,0.0006505478015707777,0.006786186091884173,0.17952861652865842
1992,5867,0.011340626639141923,10.900122589515462,0.03949816427360092,0.41202490024755656,0.0004479339339584024,0.004672620559737234,0.12361422060857169
1993,5867,0.012956144032255602,10.900122589515462,0.03949816427360092,0.41202490024755656,0.000511743905338466,0.005338253952483089,0.14122355823900523
1994,5867,0.017765269983828328,10.900122589515462,0.03949816427360092,0.41202490024755656,0.0007016955521861229,0.007319733592957778,0.19364362065956814
1995,5867,0.009012342131707584,10.900122589515462,0.03949816427360092,0.41202490024755656,0.00035597097000808085,0.0037133093678136686,0.09823563405426776
1996,5867,0.017712208397529627,10.900122589515462,0.03949816427360092,0.41202490024755656,0.000699599716933879,0.007297870898156079,0.19306524286411816
1997,5867,0.009062601009389923,10.900122589515462,0.03949816427360092,0.41202490024755656,0.0003579561034149847,0.0037340172768772885,0.09878346198221673
1998,5867,0.012814616776212116,10.900122589515462,0.03949816427360092,0.41202490024755656,0.0005061538385300685,0.005279941198929462,0.1396808937983735
1999,5867,0.014169038568992471,10.900122589515462,0.03949816427360092,0.41202490024755656,0.000559651012997052,0.005837996702992904,0.15444425737759068
2000,5867,0.014295313496718243,10.900122589515462,0.03949816427360092,0.41202490024755656,0.0005646386408360016,0.005890025117492884,0.1558206695697838
2001,5867,0.009368070185375348,10.900122589515462,0.03949816427360092,0.41202490024755656,0.00037002157510857854,0.0038598781836413866,0.10211311344777613
2002,5867,0.01215816938253263,10.900122589515462,0.03949816427360092,0.41202490024755656,0.00048022537153753894,0.005009468527030904,0.13252553673369918
2003,5867,0.012627620791384771,10.900122589515462,0.03949816427360092,0.41202490024755656,0.0004987678404028542,0.005202894196934282,0.13764261464000827
2004,5867,0.016621072512392702,10.900122589515462,0.03949816427360092,0.41202490024755656,0.0006565018524979198,0.0068482957439260075,0.1811717279543062
2005,5867,0.00938248429835382,10.900122589515462,0.03949816427360092,0.41202490024755656,0.0003705909061108605,0.0038658171571034987,0.10227022904626061
2006,5867,0.011971800575543605,10.900122589515462,0.03949816427360092,0.41202490024755656,0.0004728641457836114,0.004932679937921994,0.13049409389065705
2007,5867,0.013737221280641313,10.900122589515462,0.03949816427360092,0.41202490024755656,0.000542595022805577,0.0056600772278348485,0.1497373959982909
2008,5867,0.01529129418631335,10.900122589515462,0.03949816427360092,0.41202490024755656,0.0006039780497269635,0.0063003939617718,0.1666769811831606
2009,5867,0.018127750587266303,10.900122589515462,0.03949816427360092,0.41202490024755656,0.00071601287060671,0.007469084627430983,0.1975947036733636
2010,5867,0.013428820286069986,10.900122589515462,0.03949816427360092,0.41202490024755656,0.0005304137496598568,0.00553300833881035,0.14637578735073495
2011,5867,0.016014938939012586,10.900122589515462,0.03949816427360092,0.41202490024755656,0.0006325606890448072,0.00659855361881737,0.17456479769884187
2012,5867,0.01412762131678131,10.900122589515462,0.03949816427360092,0.41202490024755656,0.0005580151075654543,0.005820931763782073,0.15399280425116812
2013,5867,0.013399033102951268,10.900122589515462,0.03949816427360092,0.41202490024755656,0.0005292372106077859,0.005520735277657204,0.14605110340314456
2014,5867,0.015829205326850285,10.900122589515462,0.03949816427360092,0.41202490024755656,0.0006252245523204914,0.00652202674579358,0.17254027855727927
2015,5867,0.01926243136554858,10.900122589515462,0.03949816427360092,0.41202490024755656,0.0007608306783854008,0.007936601361915558,0.20996286325660726
2016,5867,0.02218202904277015,10.900122589515462,0.03949816427360092,0.41202490024755656,0.000876149427053122,0.009139548303635774,0.24178683585038696
1979,5869,0.02746490197302792,16.465093497708477,0.02351299615247188,0.8156188083066183,0.0006457821344198228,0.02240089061749912,0.4522121788913027
1980,5869,0.03351273779016311,16.465093497708477,0.02351299615247188,0.8156188083066183,0.0007879848747189041,0.027333619259505008,0.5517903610792237
1981,5869,0.02738752079024109,16.465093497708477,0.02351299615247188,0.8156188083066183,0.0006439626709666824,0.02233777706940917,0.45093809048175426
1982,5869,0.032761058704615084,16.465093497708477,0.02351299615247188,0.8156188083066183,0.0007703106472725198,0.026720535659521316,0.5394138946554035
1983,5869,0.037188090955425565,16.465093497708477,0.02351299615247188,0.8156188083066183,0.0008744034395526956,0.030331306428262327,0.6123053945823689
1984,5869,0.030291060593409257,16.465093497708477,0.02351299615247188,0.8156188083066183,0.0007122335911871245,0.024705958743540025,0.49874514481523624
1985,5869,0.043520050880445714,16.465093497708477,0.02351299615247188,0.8156188083066183,0.0010232867889073006,0.03549577203655253,0.7165617067715688
1986,5869,0.0273050560488872,16.465093497708477,0.02351299615247188,0.8156188083066183,0.0006420236778205138,0.022270517275338797,0.44958030080509814
1987,5869,0.02852907031330758,16.465093497708477,0.02351299615247188,0.8156188083066183,0.0006708039205104008,0.02326884633103565,0.4697338101113086
1988,5869,0.030060599806678776,16.465093497708477,0.02351299615247188,0.8156188083066183,0.000706814767595435,0.0245179905913055,0.4949505864141634
1989,5869,0.021994770162179798,16.465093497708477,0.02351299615247188,0.8156188083066183,0.0005171629461978369,0.01793934822865505,0.362145947180899
1990,5869,0.0354947803362305,16.465093497708477,0.02351299615247188,0.8156188083066183,0.0008345886334786222,0.028950210438941505,0.5844248769166595
1991,5869,0.02408075299681706,16.465093497708477,0.02351299615247188,0.8156188083066183,0.0005662106525627852,0.019640715062389957,0.39649184958781647
1992,5869,0.023274378323332682,16.465093497708477,0.02351299615247188,0.8156188083066183,0.0005472503679676962,0.01898302071215399,0.38321481519471207
1993,5869,0.023600568096098173,16.465093497708477,0.02351299615247188,0.8156188083066183,0.0005549200668397069,0.019249067225898787,0.38858556030129215
1994,5869,0.025218151940842044,16.465093497708477,0.02351299615247188,0.8156188083066183,0.0005929543095574703,0.02056839903368482,0.41521922954538276
1995,5869,0.020234075486540687,16.465093497708477,0.02351299615247188,0.8156188083066183,0.00047576373906385675,0.016503292535518473,0.3331559447255835
1996,5869,0.04090719657692609,16.465093497708477,0.02351299615247188,0.8156188083066183,0.000961850755721674,0.03336467892323703,0.6735408163682283
1997,5869,0.024018025568262054,16.465093497708477,0.02351299615247188,0.8156188083066183,0.000564735742776517,0.019589553391863784,0.3954590366117875
1998,5869,0.01867402190817896,16.465093497708477,0.02351299615247188,0.8156188083066183,0.0004390822052781875,0.015230883495040606,0.3074695166964231
1999,5869,0.022653600646488282,16.465093497708477,0.02351299615247188,0.8156188083066183,0.0005326540248405135,0.01847670276314281,0.3729936527041788
2000,5869,0.03402999571378408,16.465093497708477,0.02351299615247188,0.8156188083066183,0.0008001471582868397,0.0277555045507559,0.5603070611540736
2001,5869,0.025791414364052887,16.465093497708477,0.02351299615247188,0.8156188083066183,0.0006064334267087835,0.021035962648151014,0.4246580489422722
2002,5869,0.023455474612728427,16.465093497708477,0.02351299615247188,0.8156188083066183,0.0005515084843234854,0.0191307262518997,0.3861965825317011
2003,5869,0.02029167619657211,16.465093497708477,0.02351299615247188,0.8156188083066183,0.0004771181043372053,0.016550272757991917,0.33410434580178533
2004,5869,0.02568816312508004,16.465093497708477,0.02351299615247188,0.8156188083066183,0.0006040056807240771,0.020951748995663797,0.42295800763883
2005,5869,0.02792897389294836,16.465093497708477,0.02351299615247188,0.8156188083066183,0.0006566938556873824,0.022779396403793194,0.45985316644245383
2006,5869,0.02414268796305653,16.465093497708477,0.02351299615247188,0.8156188083066183,0.0005676669291856774,0.019691230385746702,0.39751161459772677
2007,5869,0.02364408489507808,16.465093497708477,0.02351299615247188,0.8156188083066183,0.0005559432771666894,0.019284560345624098,0.3893020684652173
2008,5869,0.0341007896727673,16.465093497708477,0.02351299615247188,0.8156188083066183,0.0008018117363720303,0.0278132454352171,0.5614726903078052
2009,5869,0.0,16.465093497708477,0.02351299615247188,0.8156188083066183,0.0,0.0,0.0
2010,5869,0.0,16.465093497708477,0.02351299615247188,0.8156188083066183,0.0,0.0,0.0
2011,5869,0.0,16.465093497708477,0.02351299615247188,0.8156188083066183,0.0,0.0,0.0
2012,5869,0.0,16.465093497708477,0.02351299615247188,0.8156188083066183,0.0,0.0,0.0
2013,5869,0.0,16.465093497708477,0.02351299615247188,0.8156188083066183,0.0,0.0,0.0
2014,5869,0.0,16.465093497708477,0.02351299615247188,0.8156188083066183,0.0,0.0,0.0
2015,5869,0.0,16.465093497708477,0.02351299615247188,0.8156188083066183,0.0,0.0,0.0
2016,5869,0.0,16.465093497708477,0.02351299615247188,0.8156188083066183,0.0,0.0,0.0
1979,5870,0.019411097002832448,6.944857005666809,0.04561690312878633,0.4827392259260142,0.0008854741316016825,0.00937049794152211,0.13480729300779892
1980,5870,0.023302624999684832,6.944857005666809,0.04561690312878633,0.4827392259260142,0.0010629935872570576,0.011249091154392044,0.16183339847948774
1981,5870,0.0262509664625838,6.944857005666809,0.04561690312878633,0.4827392259260142,0.0011974877941607041,0.012672371229957465,0.18230920834319958
1982,5870,0.013348660858433052,6.944857005666809,0.04561690312878633,0.4827392259260142,0.0006089245692781623,0.0064439222099488555,0.0927045408789591
1983,5870,0.022629528880641545,6.944857005666809,0.04561690312878633,0.4827392259260142,0.001032289026798298,0.010924161254911283,0.15715884218166282
1984,5870,0.011400692933341195,6.944857005666809,0.04561690312878633,0.4827392259260142,0.0005200643051412641,0.005503561681661309,0.07917618218757068
1985,5870,0.014569625039926506,6.944857005666809,0.04561690312878633,0.4827392259260142,0.0006646211740690671,0.0070333295138063955,0.10118396252847216
1986,5870,0.014664310698849704,6.944857005666809,0.04561690312878633,0.4827392259260142,0.0006689404405998519,0.007079037995501274,0.1018415408901811
1987,5870,0.027499761027574187,6.944857005666809,0.04561690312878633,0.4827392259260142,0.0012544539348596253,0.013275213351601535,0.1909819080265117
1988,5870,0.01253370417896222,6.944857005666809,0.04561690312878633,0.4827392259260142,0.000571748769376584,0.006050510653337871,0.08704478327422113
1989,5870,0.014962440923935281,6.944857005666809,0.04561690312878633,0.4827392259260142,0.0006825402181973439,0.007222957149584234,0.1039120126724677
1990,5870,0.01819219196217656,6.944857005666809,0.04561690312878633,0.4827392259260142,0.0008298714584388934,0.00878208466571857,0.1263421717969573
1991,5870,0.01770697657513244,6.944857005666809,0.04561690312878633,0.4827392259260142,0.0008077374351315053,0.008547852165369501,0.12297242031698662
1992,5870,0.01917551851805813,6.944857005666809,0.04561690312878633,0.4827392259260142,0.0008747277706825062,0.009256774966137332,0.13317123411742962
1993,5870,0.014677929994041246,6.944857005666809,0.04561690312878633,0.4827392259260142,0.0006695617106692868,0.007085612563519698,0.10193612494780434
1994,5870,0.012765563847601757,6.944857005666809,0.04561690312878633,0.4827392259260142,0.0005823254894203862,0.006162438410300383,0.088655015518304
1995,5870,0.016296885606846744,6.944857005666809,0.04561690312878633,0.4827392259260142,0.0007434134520284401,0.007867145942853999,0.11317954017726019
1996,5870,0.025369274577188825,6.944857005666809,0.04561690312878633,0.4827392259260142,0.0011572677408352044,0.012246743971696644,0.17618598427607468
1997,5870,0.013908555888283805,6.944857005666809,0.04561690312878633,0.4827392259260142,0.0006344652466171531,0.006714205503258831,0.09659293179945613
1998,5870,0.017387909852381946,6.944857005666809,0.04561690312878633,0.4827392259260142,0.0007931825993481767,0.008393826142610177,0.1207565475522177
1999,5870,0.015889887909963277,6.944857005666809,0.04561690312878633,0.4827392259260142,0.0007248474775160678,0.007670672189706804,0.1103529993707688
2000,5870,0.025249889165557482,6.944857005666809,0.04561690312878633,0.4827392259260142,0.001151821748077827,0.012189111950498871,0.17535686966373235
2001,5870,0.014728025021065287,6.944857005666809,0.04561690312878633,0.4827392259260142,0.0006718468906642764,0.007109795398088026,0.10228402774718132
2002,5870,0.0148388787910381,6.944857005666809,0.04561690312878633,0.4827392259260142,0.000676903696350587,0.007163308861195682,0.10305389132818157
2003,5870,0.0192166991114188,6.944857005666809,0.04561690312878633,0.4827392259260142,0.0008766063018206258,0.009276654453899438,0.13345722744972802
2004,5870,0.014553144268605198,6.944857005666809,0.04561690312878633,0.4827392259260142,0.0006638693723202152,0.007025373599016083,0.10106950592830258
2005,5870,0.012643340209270588,6.944857005666809,0.04561690312878633,0.4827392259260142,0.0005767500255505855,0.006103436265742534,0.0878061898273817
2006,5870,0.015069509440927885,6.944857005666809,0.04561690312878633,0.4827392259260142,0.0006874243523651383,0.00727464332259829,0.10465558821279014
2007,5870,0.014362507535848456,6.944857005666809,0.04561690312878633,0.4827392259260142,0.0006551731149492627,0.006933345770212029,0.09974556107927948
2008,5870,0.019977603767594426,6.944857005666809,0.04561690312878633,0.4827392259260142,0.0009113164158116317,0.009643972978625157,0.13874160148181378
2009,5870,0.023511720457125816,6.944857005666809,0.04561690312878633,0.4827392259260142,0.0010725318744838122,0.011350029733661749,0.16328553653194985
2010,5870,0.01242486602314244,6.944857005666809,0.04561690312878633,0.4827392259260142,0.0005667839097658374,0.005997970206246216,0.08628891784529229
2011,5870,0.014292101042356009,6.944857005666809,0.04561690312878633,0.4827392259260142,0.0006519613887559802,0.006899357794043321,0.09925659804970403
2012,5870,0.01993628382832368,6.944857005666809,0.04561690312878633,0.4827392259260142,0.0009094315281446307,0.009624026223126287,0.13845464041209563
2013,5870,0.013646344453236705,6.944857005666809,0.04561690312878633,0.4827392259260142,0.0006225039729853494,0.006587625758075245,0.09477191087780333
2014,5870,0.0210320339707374,6.944857005666809,0.04561690312878633,0.4827392259260142,0.0009594162562444712,0.010152987798683406,0.14606446846509794
2015,5870,0.0,6.944857005666809,0.04561690312878633,0.4827392259260142,0.0,0.0,0.0
2016,5870,0.0,6.944857005666809,0.04561690312878633,0.4827392259260142,0.0,0.0,0.0
1979,5877,0.016007687075889183,18.9687091928839,0.02352623398500405,0.5281137255847129,0.0003766005917060942,0.008453879259642095,0.30364516099322797
1980,5877,0.01515614668097345,18.9687091928839,0.02352623398500405,0.5281137255847129,0.00035656705312762395,0.00800416908919727,0.2874925388760779
1981,5877,0.011583789663161368,18.9687091928839,0.02352623398500405,0.5281137255847129,0.00027252294604860564,0.006117558315401837,0.21972953747204255
1982,5877,0.0197108451789986,18.9687091928839,0.02352623398500405,0.5281137255847129,0.00046372195572331006,0.010409567881904428,0.373889290146382
1983,5877,0.009936810998171845,18.9687091928839,0.02352623398500405,0.5281137255847129,0.00023377574060775248,0.005247766276675682,0.1884884781289721
1984,5877,0.022274893477314917,18.9687091928839,0.02352623398500405,0.5281137255847129,0.0005240443559383513,0.011763676981307402,0.4225259766736531
1985,5877,0.017353952226973304,18.9687091928839,0.02352623398500405,0.5281137255847129,0.0004082731406563561,0.009164860364205997,0.3291820731406565
1986,5877,0.011830179350203385,18.9687091928839,0.02352623398500405,0.5281137255847129,0.000278319567477448,0.006247680090971248,0.22440323179366822
1987,5877,0.0195207678626834,18.9687091928839,0.02352623398500405,0.5281137255847129,0.00045925015230443704,0.010309185442236064,0.3702837688090352
1988,5877,0.011831503028755177,18.9687091928839,0.02352623398500405,0.5281137255847129,0.0002783507086487784,0.0062483791437827115,0.22442834026718203
1989,5877,0.012657531822002424,18.9687091928839,0.02352623398500405,0.5281137255847129,0.0002977840553170637,0.00668461628722476,0.24009704023123787
1990,5877,0.018981989228444462,18.9687091928839,0.02352623398500405,0.5281137255847129,0.00044657472008921095,0.010024649050442695,0.36006383357681765
1991,5877,0.011876035364156507,18.9687091928839,0.02352623398500405,0.5281137255847129,0.00027939838679132877,0.006271897281340495,0.2252730611870898
1992,5877,0.017341844117001126,18.9687091928839,0.02352623398500405,0.5281137255847129,0.0004079882824280345,0.009158465905138802,0.32895239792371883
1993,5877,0.016201881302862854,18.9687091928839,0.02352623398500405,0.5281137255847129,0.0003811692505284138,0.008556435896336204,0.3073287748116284
1994,5877,0.01628589698391392,18.9687091928839,0.02352623398500405,0.5281137255847129,0.00038314582309923064,0.00860080573066362,0.30892244383312817
1995,5877,0.013661565005549044,18.9687091928839,0.02352623398500405,0.5281137255847129,0.00032140517492189,0.007214859992398245,0.25914225370993915
1996,5877,0.015871518991663457,18.9687091928839,0.02352623398500405,0.5281137255847129,0.00037339706949531004,0.008381967025375915,0.301062228202198
1997,5877,0.02408503374802121,18.9687091928839,0.02352623398500405,0.5281137255847129,0.000566630139492666,0.012719636903501023,0.45686200106700886
1998,5877,0.026320683674573787,18.9687091928839,0.02352623398500405,0.5281137255847129,0.0006192265627732992,0.013900314315315894,0.499269394380877
1999,5877,0.01617909502535858,18.9687091928839,0.02352623398500405,0.5281137255847129,0.00038063317523220105,0.008544402150431216,0.3068965485400615
2000,5877,0.02213710649722923,18.9687091928839,0.02352623398500405,0.5281137255847129,0.0005208027472047683,0.011690909785917284,0.419912335517842
2001,5877,0.022119714682054016,18.9687091928839,0.02352623398500405,0.5281137255847129,0.0005203935832915322,0.01168172492961042,0.41958243523344696
2002,5877,0.01880668411139311,18.9687091928839,0.02352623398500405,0.5281137255847129,0.0004424504508866923,0.009932068011962641,0.35673852179144605
2003,5877,0.018198980837191042,18.9687091928839,0.02352623398500405,0.5281137255847129,0.0004281534814643614,0.009611131571773759,0.3452111751075436
2004,5877,0.018408632286630637,18.9687091928839,0.02352623398500405,0.5281137255847129,0.0004330857905191725,0.009721851379811538,0.3491879924838299
2005,5877,0.014967244131887625,18.9687091928839,0.02352623398500405,0.5281137255847129,0.0003521228875574671,0.007904407060227107,0.2839093013566744
2006,5877,0.018836989209624646,18.9687091928839,0.02352623398500405,0.5281137255847129,0.00044316341571862597,0.009948072550293908,0.35731337038686184
2007,5877,0.017148104823510885,18.9687091928839,0.02352623398500405,0.5281137255847129,0.0004034303264772937,0.00905614952506152,0.32527741360626766
2008,5877,0.013471800346083774,18.9687091928839,0.02352623398500405,0.5281137255847129,0.0003169407271412254,0.007114642671103726,0.2555426630694558
2009,5877,0.021687896579185253,18.9687091928839,0.02352623398500405,0.5281137255847129,0.0005102345295644812,0.011453675862529475,0.4113914032159066
2010,5877,0.019260741034824714,18.9687091928839,0.02352623398500405,0.5281137255847129,0.00045313270030985527,0.010171861705423639,0.3653513955290357
2011,5877,0.027299148438411237,18.9687091928839,0.02352623398500405,0.5281137255847129,0.0006422461537534207,0.014417054987099456,0.5178296079415934
2012,5877,0.01960876842498812,18.9687091928839,0.02352623398500405,0.5281137255847129,0.00046132047412402984,0.010355659747048359,0.3719530258842037
2013,5877,0.024490558245585728,18.9687091928839,0.02352623398500405,0.5281137255847129,0.0005761706037090201,0.01293379995672569,0.4645542773319006
2014,5877,0.02441394354788464,18.9687091928839,0.02352623398500405,0.5281137255847129,0.0005743681484042141,0.012893338683288222,0.46310099541130795
2015,5877,0.031070447830872608,18.9687091928839,0.02352623398500405,0.5281137255847129,0.0007309706256879706,0.016408729959547595,0.5893662893964928
2016,5877,0.02505598396850523,18.9687091928839,0.02352623398500405,0.5281137255847129,0.0005894729415675644,0.013232409041798138,0.4752796734401368
1979,5878,0.017731595800153394,3.217056409493905,0.018168827711342785,0.6301083928957114,0.0003221623091401563,0.011172827333111002,0.05704354391943868
1980,5878,0.015596348100811187,3.217056409493905,0.018168827711342785,0.6301083928957114,0.0002833673615697667,0.009827389836844218,0.05017433162241272
1981,5878,0.01931985123293277,3.217056409493905,0.018168827711342785,0.6301083928957114,0.000351019048459929,0.012173600411367495,0.06215305123937509
1982,5878,0.015799643222258918,3.217056409493905,0.018168827711342785,0.6301083928957114,0.0002870609956059071,0.009955487799103187,0.050828343495884984
1983,5878,0.016875499037049112,3.217056409493905,0.018168827711342785,0.6301083928957114,0.0003066080345470764,0.010633393577548141,0.05428943234054707
1984,5878,0.025389021058641617,3.217056409493905,0.018168827711342785,0.6301083928957114,0.00046128874937411335,0.015997835256456042,0.08167791292747874
1985,5878,0.01428938399696294,3.217056409493905,0.018168827711342785,0.6301083928957114,0.0002596213559420384,0.009003860785796016,0.04596975437514926
1986,5878,0.01951347742102417,3.217056409493905,0.018168827711342785,0.6301083928957114,0.0003545370093117657,0.012295605897568292,0.0627759576088204
1987,5878,0.014926057702012746,3.217056409493905,0.018168827711342785,0.6301083928957114,0.00027118897079743057,0.009405034230883907,0.04801796959873597
1988,5878,0.017968294481768655,3.217056409493905,0.018168827711342785,0.6301083928957114,0.000326462846705926,0.011321973158984127,0.05780501693024782
1989,5878,0.01990181045961624,3.217056409493905,0.018168827711342785,0.6301083928957114,0.0003615925653845672,0.01254029780442385,0.06402524689964126
1990,5878,0.0185239282592979,3.217056409493905,0.018168827711342785,0.6301083928957114,0.0003365580610804574,0.011672082665581653,0.059592522135579584
1991,5878,0.019302258727801336,3.217056409493905,0.018168827711342785,0.6301083928957114,0.00035069941326518504,0.012162515226232119,0.062096455157982955
1992,5878,0.01865491088281584,3.217056409493905,0.018168827711342785,0.6301083928957114,0.0003389378618003346,0.011754615915983807,0.0600139006241003
1993,5878,0.025844194406263756,3.217056409493905,0.018168827711342785,0.6301083928957114,0.00046955871550585516,0.01628464380301519,0.08314223126287734
1994,5878,0.016439505455882783,3.217056409493905,0.018168827711342785,0.6301083928957114,0.000298686542287614,0.01035867036280658,0.05288681639575773
1995,5878,0.026100195193677858,3.217056409493905,0.018168827711342785,0.6301083928957114,0.00047420994970635003,0.016445952047752725,0.08396580023686337
1996,5878,0.02143138267773345,3.217056409493905,0.018168827711342785,0.6301083928957114,0.0003893830994875953,0.013504094096599613,0.06894596700771904
1997,5878,0.015937483503186158,3.217056409493905,0.018168827711342785,0.6301083928957114,0.0002895653919217572,0.010042342116994544,0.0512717834551284
1998,5878,0.015724519135338063,3.217056409493905,0.018168827711342785,0.6301083928957114,0.0002856960790136701,0.009908151481425728,0.05058666507054887
1999,5878,0.01897431553373153,3.217056409493905,0.018168827711342785,0.6301083928957114,0.0003447410698730233,0.011955875467255708,0.061041443403550784
2000,5878,0.012571644476564926,3.217056409493905,0.018168827711342785,0.6301083928957114,0.00022841204254296228,0.007921498697184573,0.04044368944121184
2001,5878,0.01895007995747301,3.217056409493905,0.018168827711342785,0.6301083928957114,0.0003443007378634971,0.01194060442724855,0.06096347618761053
2002,5878,0.01400579725248624,3.217056409493905,0.018168827711342785,0.6301083928957114,0.00025446891724042065,0.008825170397987275,0.04505743982118298
2003,5878,0.016849720756436433,3.217056409493905,0.018168827711342785,0.6301083928957114,0.00030613967340793,0.010617150466579671,0.05420650215767631
2004,5878,0.02569918882949541,3.217056409493905,0.018168827711342785,0.6301083928957114,0.0004669241341643672,0.016193274572076772,0.08267574014272237
2005,5878,0.028534349749879836,3.217056409493905,0.018168827711342785,0.6301083928957114,0.0005184356844607638,0.01797973326322093,0.09179661275359173
2006,5878,0.023614422690970797,3.217056409493905,0.018168827711342785,0.6301083928957114,0.0004290463773750721,0.01487964593096763,0.0759689298744859
2007,5878,0.01931611044097065,3.217056409493905,0.018168827711342785,0.6301083928957114,0.00035095108265526524,0.012171243306956087,0.06214101690061677
2008,5878,0.016550302549498026,3.217056409493905,0.018168827711342785,0.6301083928957114,0.0003006995955924269,0.010428484541401996,0.05324325689592594
2009,5878,0.02046127157266832,3.217056409493905,0.018168827711342785,0.6301083928957114,0.00037175731795880654,0.01289281894725674,0.06582506485924805
2010,5878,0.0331207575033483,3.217056409493905,0.018168827711342785,0.6301083928957114,0.0006017653367474991,0.02086966728192337,0.10655134521344
2011,5878,0.020563959704555948,3.217056409493905,0.018168827711342785,0.6301083928957114,0.0003736230409350725,0.012957523601009917,0.0661554183721161
2012,5878,0.025234494718762882,3.217056409493905,0.018168827711342785,0.6301083928957114,0.00045848118692799224,0.015900466912774996,0.08118079297533623
2013,5878,0.02624618215742181,3.217056409493905,0.018168827711342785,0.6301083928957114,0.000476862361698716,0.016537939658861155,0.08443544853427841
2014,5878,0.02746853614722328,3.217056409493905,0.018168827711342785,0.6301083928957114,0.0004990711007416914,0.01730815516692462,0.08836783027183967
2015,5878,0.02775938234119211,3.217056409493905,0.018168827711342785,0.6301083928957114,0.0005043554351304107,0.01749141979478615,0.089303498884324
2016,5878,0.037686142517425136,3.217056409493905,0.018168827711342785,0.6301083928957114,0.0006847130305042073,0.023746354696093493,0.1212384463347833
1979,5881,0.013421354386326323,3.030951074181061,0.024657738397952583,0.3059853240073867,0.0003309402454042479,0.0041067374705180204,0.04067946849420046
1980,5881,0.006527895909741653,3.030951074181061,0.024657738397952583,0.3059853240073867,0.00016096314963147436,0.0019974403450287942,0.019785733119773618
1981,5881,0.007503962873367713,3.030951074181061,0.024657738397952583,0.3059853240073867,0.00018503075347944963,0.00229610251114682,0.022744144331648668
1982,5881,0.00675457452832499,3.030951074181061,0.024657738397952583,0.3059853240073867,0.00016655253170891156,0.002066800675581563,0.02047278492226266
1983,5881,0.01296200825009877,3.030951074181061,0.024657738397952583,0.3059853240073867,0.0003196138085430386,0.003966184294192892,0.03928721282918064
1984,5881,0.0042745105039899076,3.030951074181061,0.024657738397952583,0.3059853240073867,0.00010539976178668359,0.0013079374815363298,0.012955832203666438
1985,5881,0.002580441726993072,3.030951074181061,0.024657738397952583,0.3059853240073867,6.362785705535615e-05,0.0007895772979161556,0.007821192624291283
1986,5881,0.0036566999810653702,3.030951074181061,0.024657738397952583,0.3059853240073867,9.016595153290806e-05,0.0011188965285040921,0.011083278735567949
1987,5881,0.008088355560307221,3.030951074181061,0.024657738397952583,0.3059853240073867,0.00019944055547568064,0.002474918096807553,0.024515409973871527
1988,5881,0.003459811845512473,3.030951074181061,0.024657738397952583,0.3059853240073867,8.53111353927841e-05,0.0010586516485537286,0.010486520429620389
1989,5881,0.004061866432498592,3.030951074181061,0.024657738397952583,0.3059853240073867,0.00010015643989997522,0.0012428715164228097,0.012311318426761602
1990,5881,0.006445242362734626,3.030951074181061,0.024657738397952583,0.3059853240073867,0.0001589251000917122,0.0019721495726674892,0.01953521426268779
1991,5881,0.012831950075156905,3.030951074181061,0.024657738397952583,0.3059853240073867,0.0003164068680888069,0.003926388401393496,0.03889301286413457
1992,5881,0.01438819850282564,3.030951074181061,0.024657738397952583,0.3059853240073867,0.00035478043470048764,0.0044025775807697,0.0436099257076697
1993,5881,0.007670133788384309,3.030951074181061,0.024657738397952583,0.3059853240073867,0.00018912815243127729,0.0023469483724187774,0.02324780024501587
1994,5881,0.008778757955056272,3.030951074181061,0.024657738397952583,0.3059853240073867,0.00021646431711472273,0.0026861710972603168,0.02660798585385334
1995,5881,0.010788644410097562,3.030951074181061,0.024657738397952583,0.3059853240073867,0.00026602357153271915,0.0033011668554241837,0.032699853363742704
1996,5881,0.0035197523240307117,3.030951074181061,0.024657738397952583,0.3059853240073867,8.678913203153491e-05,0.0010769925552942896,0.010668197087372171
1997,5881,0.008144274836570065,3.030951074181061,0.024657738397952583,0.3059853240073867,0.0002008193983611727,0.0024920285746730976,0.02468489856432782
1998,5881,0.005924640444768253,3.030951074181061,0.024657738397952583,0.3059853240073867,0.000146088234189025,0.0018128530261196814,0.017957295320206894
1999,5881,0.006829779316191368,3.030951074181061,0.024657738397952583,0.3059853240073867,0.00016840691169439423,0.0020898122369637636,0.020700726954829815
2000,5881,0.005809121113883901,3.030951074181061,0.024657738397952583,0.3059853240073867,0.00014323978874817214,0.0017775058062299166,0.01760716188017429
2001,5881,0.01150511076419546,3.030951074181061,0.024657738397952583,0.3059853240073867,0.00028369001146299994,0.00352039504492322,0.03487142782931031
2002,5881,0.008805550037185706,3.030951074181061,0.024657738397952583,0.3059853240073867,0.0002171249492670068,0.0026943690811915243,0.026689191343963095
2003,5881,0.008040195306079493,3.030951074181061,0.024657738397952583,0.3059853240073867,0.00019825303252575443,0.0024601817658134037,0.024369438599587165
2004,5881,0.008880112270971423,3.030951074181061,0.024657738397952583,0.3059853240073867,0.00021896348532206197,0.0027171840304551615,0.026915185826549254
2005,5881,0.010621584113266448,3.030951074181061,0.024657738397952583,0.3059853240073867,0.0002619042424367732,0.0032500488563695453,0.032193501777609435
2006,5881,0.013620603627707204,3.030951074181061,0.024657738397952583,0.3059853240073867,0.0003358532810742082,0.0041677048142001755,0.0412833831963936
2007,5881,0.009517555737851034,3.030951074181061,0.024657738397952583,0.3059853240073867,0.00023468139957186337,0.0029122323762047113,0.02884724578721771
2008,5881,0.009165265734708971,3.030951074181061,0.024657738397952583,0.3059853240073867,0.00022599472483417248,0.0028044368054487238,0.027779472023771026
2009,5881,0.013660975023736123,3.030951074181061,0.024657738397952583,0.3059853240073867,0.0003368487483962494,0.004180057868894715,0.041405746922553645
2010,5881,0.01616180628059562,3.030951074181061,0.024657738397952583,0.3059853240073867,0.0003985135913053138,0.004945275531312668,0.04898564410687751
2011,5881,0.024069164522781787,3.030951074181061,0.024657738397952583,0.3059853240073867,0.0005934911622600345,0.007364811105090482,0.07295246006496614
2012,5881,0.02204078977356805,3.030951074181061,0.024657738397952583,0.3059853240073867,0.0005434760283209095,0.006744158200243915,0.06680455543999503
2013,5881,0.01731129877773992,3.030951074181061,0.024657738397952583,0.3059853240073867,0.00042685747659030725,0.005297003365495427,0.052469699625860095
2014,5881,0.015966698059233134,3.030951074181061,0.024657738397952583,0.3059853240073867,0.0003937026638236678,0.004885575278982563,0.04839428063375732
2015,5881,0.019103206998924056,3.030951074181061,0.024657738397952583,0.3059853240073867,0.0004710418807414062,0.005845300983145955,0.057900885773692026
2016,5881,0.020166754045695245,3.030951074181061,0.024657738397952583,0.3059853240073867,0.0004972665455946052,0.006170730770849336,0.061124444837545255
1979,5892,0.04791102143806028,14.104063629876487,0.0164142883933423,0.8727512138430231,0.000786425323103927,0.04181440211652621,0.6757400949347787
1980,5892,0.02706104468630963,14.104063629876487,0.0164142883933423,0.8727512138430231,0.00044418779170620946,0.02361755959783702,0.381670696146642
1981,5892,0.04493369596458988,14.104063629876487,0.0164142883933423,0.8727512138430231,0.0007375546441415394,0.03921593769554917,0.6337477070101001
1982,5892,0.03611965264331755,14.104063629876487,0.0164142883933423,0.8727512138430231,0.0005928783951547627,0.031523470688043745,0.5094338791703872
1983,5892,0.022842255313547662,14.104063629876487,0.0164142883933423,0.8727512138430231,0.00037493936627092686,0.019935606051810967,0.32216862239216054
1984,5892,0.02793348491218183,14.104063629876487,0.0164142883933423,0.8727512138430231,0.0004585082771796285,0.024378982863972467,0.39397564860560735
1985,5892,0.0410317808167578,14.104063629876487,0.0164142883933423,0.8727512138430231,0.0006735074836186727,0.03581053651396624,0.5787148474866974
1986,5892,0.03036405115703015,14.104063629876487,0.0164142883933423,0.8727512138430231,0.0004984042924816918,0.026500262504489714,0.428256509579578
1987,5892,0.02392338102810185,14.104063629876487,0.0164142883933423,0.8727512138430231,0.00039268527553907754,0.02087915983150504,0.33741688826212846
1988,5892,0.03136022711274033,14.104063629876487,0.0164142883933423,0.8727512138430231,0.000514755811909232,0.027369676279037004,0.4423066386454674
1989,5892,0.038467123553154674,14.104063629876487,0.0164142883933423,0.8727512138430231,0.0006314104596638109,0.03357222877406529,0.542542758252014
1990,5892,0.029599962200889063,14.104063629876487,0.0164142883933423,0.8727512138430231,0.00048586231599742413,0.02583340294053353,0.4174797503232782
1991,5892,0.022432974623729108,14.104063629876487,0.0164142883933423,0.8727512138430231,0.000368221314994419,0.019578405832969315,0.31639610150047986
1992,5892,0.02463288232330156,14.104063629876487,0.0164142883933423,0.8727512138430231,0.0004043312344139355,0.021498377948113784,0.347423739675105
1993,5892,0.022853285845670392,14.104063629876487,0.0164142883933423,0.8727512138430231,0.00037512042460632135,0.019945232962110412,0.3223241977190909
1994,5892,0.027119009690971425,14.104063629876487,0.0164142883933423,0.8727512138430231,0.00044513924600944957,0.02366814862601602,0.38248823826069805
1995,5892,0.022859636292287967,14.104063629876487,0.0164142883933423,0.8727512138430231,0.0003752246626685288,0.019950775322104347,0.3224137648222633
1996,5892,0.03138505179521636,14.104063629876487,0.0164142883933423,0.8727512138430231,0.0005151632914066668,0.02739134205080123,0.44265676754670086
1997,5892,0.02257088675384561,14.104063629876487,0.0164142883933423,0.8727512138430231,0.0003704850444710914,0.019698768811932166,0.3183412229589748
1998,5892,0.028779040522712237,14.104063629876487,0.0164142883933423,0.8727512138430231,0.0004723874708234832,0.025116942549434654,0.4059014187391273
1999,5892,0.024870056314272616,14.104063629876487,0.0164142883933423,0.8727512138430231,0.00040822427670113434,0.021705371836625766,0.3507688567351125
2000,5892,0.029387889983361438,14.104063629876487,0.0164142883933423,0.8727512138430231,0.00048238130145871003,0.025648316655263917,0.41448867027313957
2001,5892,0.023687770774543208,14.104063629876487,0.0164142883933423,0.8727512138430231,0.0003888179008887375,0.020673530696717873,0.334093826254086
2002,5892,0.02543378438940596,14.104063629876487,0.0164142883933423,0.8727512138430231,0.0004174774719017968,0.022197366198475784,0.35871971337674097
2003,5892,0.0281906261301141,14.104063629876487,0.0164142883933423,0.8727512138430231,0.000462729067288584,0.024603403174051925,0.397602384705188
2004,5892,0.026689252176067886,14.104063629876487,0.0164142883933423,0.8727512138430231,0.0004380850822206168,0.023293077233225795,0.37642691092508096
2005,5892,0.021909743133137836,14.104063629876487,0.0164142883933423,0.8727512138430231,0.0003596328424113755,0.019121754914434887,0.30901641126402546
2006,5892,0.016942682739217146,14.104063629876487,0.0164142883933423,0.8727512138430231,0.0002781020806384129,0.014786746926409,0.23896067541472868
2007,5892,0.02144403398268373,14.104063629876487,0.0164142883933423,0.8727512138430231,0.00035198855810840337,0.018715306688078262,0.30244801977300506
2008,5892,0.024895252254827173,14.104063629876487,0.0164142883933423,0.8727512138430231,0.00040863785013573833,0.021727361624328673,0.3511242218839085
2009,5892,0.033596904839517536,14.104063629876487,0.0164142883933423,0.8727512138430231,0.0005514692851595184,0.02932173948005747,0.4738528836234606
2010,5892,0.01859973958876996,14.104063629876487,0.0164142883933423,0.8727512138430231,0.000305301489651136,0.016232945303263115,0.26233191065914424
2011,5892,0.022871305576576958,14.104063629876487,0.0164142883933423,0.8727512138430231,0.00037541620566619214,0.019960959704132242,0.32257834915039035
2012,5892,0.0318871936418868,14.104063629876487,0.0164142883933423,0.8727512138430231,0.0005234055924922808,0.027829586957004236,0.4497390081033644
2013,5892,0.027797455742788548,14.104063629876487,0.0164142883933423,0.8727512138430231,0.0004562754551633003,0.02426026324126642,0.39205708454496524
2014,5892,0.02901697662936718,14.104063629876487,0.0164142883933423,0.8727512138430231,0.0004762930226973064,0.02532460157533484,0.40925728472723366
2015,5892,0.0,14.104063629876487,0.0164142883933423,0.8727512138430231,0.0,0.0,0.0
2016,5892,0.0,14.104063629876487,0.0164142883933423,0.8727512138430231,0.0,0.0,0.0
1979,5897,0.049218326214212765,8.887719124512502,0.020874575829373285,0.8747351073277312,0.0010274116827534152,0.043052997863480685,0.4374386591705538
1980,5897,0.047010764552609184,8.887719124512502,0.020874575829373285,0.8747351073277312,0.0009813297694502541,0.041121966176485295,0.4178184711721791
1981,5897,0.03249176622566986,8.887719124512502,0.020874575829373285,0.8747351073277312,0.0006782518379080154,0.02842168861667888,0.28877769207307546
1982,5897,0.02926166828662985,8.887719124512502,0.020874575829373285,0.8747351073277312,0.0006108249135432222,0.02559620854929363,0.2600694888462211
1983,5897,0.03280265904795678,8.887719124512502,0.020874575829373285,0.8747351073277312,0.0006847415937016515,0.02869363748294945,0.29154082015538857
1984,5897,0.03027757374590153,8.887719124512502,0.020874575829373285,0.8747351073277312,0.0006320315090882632,0.02648485672024447,0.2690985712252867
1985,5897,0.02611717660010134,8.887719124512502,0.020874575829373285,0.8747351073277312,0.000545184983387949,0.022845611276386953,0.23212212994699108
1986,5897,0.04202785190365886,8.887719124512502,0.020874575829373285,0.8747351073277312,0.0008773135815085973,0.03676323754570102,0.37353174312632803
1987,5897,0.027003927270997742,8.887719124512502,0.020874575829373285,0.8747351073277312,0.0005636955275093236,0.02362128321966646,0.24000332084339135
1988,5897,0.030801969834014495,8.887719124512502,0.020874575829373285,0.8747351073277312,0.0006429780549942041,0.026943564388662206,0.2737592563664278
1989,5897,0.027988040453143483,8.887719124512502,0.020874575829373285,0.8747351073277312,0.0005842384727547106,0.024482121569673346,0.24874984239303288
1990,5897,0.02717427069052709,8.887719124512502,0.020874575829373285,0.8747351073277312,0.0005672513741373237,0.023770288589031036,0.24151728531087718
1991,5897,0.027326604494536163,8.887719124512502,0.020874575829373285,0.8747351073277312,0.0005704312776804879,0.02390354031543055,0.24287118537407834
1992,5897,0.01959259345482953,8.887719124512502,0.020874575829373285,0.8747351073277312,0.00040898707776692173,0.017138329338538913,0.1741334675472869
1993,5897,0.022521864447223275,8.887719124512502,0.020874575829373285,0.8747351073277312,0.0004701343672224285,0.019700665514462465,0.2001680053672645
1994,5897,0.037038063556756984,8.887719124512502,0.020874575829373285,0.8747351073277312,0.0007731538662886708,0.03239849450053115,0.3291839058082986
1995,5897,0.02992338467721472,8.887719124512502,0.020874575829373285,0.8747351073277312,0.0006246379625160253,0.026175035107232403,0.2659506382658256
1996,5897,0.03251717681342274,8.887719124512502,0.020874575829373285,0.8747351073277312,0.0006787822731489317,0.028443916149884153,0.2890035342398118
1997,5897,0.030433091115399723,8.887719124512502,0.020874575829373285,0.8747351073277312,0.0006352778682106379,0.026620893223143798,0.27048076592436965
1998,5897,0.023736166834945716,8.887719124512502,0.020874575829373285,0.8747351073277312,0.0004954824144947297,0.020762858443915174,0.21096038392156644
1999,5897,0.0281776778651585,8.887719124512502,0.020874575829373285,0.8747351073277312,0.0005881970732919042,0.024648004071625654,0.2504352864465218
2000,5897,0.033676415236887566,8.887719124512502,0.020874575829373285,0.8747351073277312,0.0007029808835238714,0.029457942696652088,0.2993065197459098
2001,5897,0.0330914266580739,8.887719124512502,0.020874575829373285,0.8747351073277312,0.0006907694950761082,0.02894623264937802,0.2941073055663663
2002,5897,0.02929773677376122,8.887719124512502,0.020874575829373285,0.8747351073277312,0.0006115778279128967,0.025627758921255638,0.2603900554290908
2003,5897,0.026292512356371797,8.887719124512502,0.020874575829373285,0.8747351073277312,0.0005488450429278172,0.02299898361796658,0.2336804649012069
2004,5897,0.021172055995689467,8.887719124512502,0.020874575829373285,0.8747351073277312,0.00044195768834575706,0.01851994067373816,0.18817128697813887
2005,5897,0.02537255211748306,8.887719124512502,0.020874575829373285,0.8747351073277312,0.0005296412631611259,0.022194262099664998,0.22550411669224438
2006,5897,0.022316512666554808,8.887719124512502,0.020874575829373285,0.8747351073277312,0.0004658477359051677,0.019521037102559494,0.19834289641896466
2007,5897,0.02462753861706896,8.887719124512502,0.020874575829373285,0.8747351073277312,0.0005140894223528248,0.02154257263541966,0.21888264595659396
2008,5897,0.025065780286145728,8.887719124512502,0.020874575829373285,0.8747351073277312,0.000523237531305559,0.021925918008855013,0.22277761482000585
2009,5897,0.0,8.887719124512502,0.020874575829373285,0.8747351073277312,0.0,0.0,0.0
2010,5897,0.0,8.887719124512502,0.020874575829373285,0.8747351073277312,0.0,0.0,0.0
2011,5897,0.0,8.887719124512502,0.020874575829373285,0.8747351073277312,0.0,0.0,0.0
2012,5897,0.0,8.887719124512502,0.020874575829373285,0.8747351073277312,0.0,0.0,0.0
2013,5897,0.0,8.887719124512502,0.020874575829373285,0.8747351073277312,0.0,0.0,0.0
2014,5897,0.0,8.887719124512502,0.020874575829373285,0.8747351073277312,0.0,0.0,0.0
2015,5897,0.0,8.887719124512502,0.020874575829373285,0.8747351073277312,0.0,0.0,0.0
2016,5897,0.0,8.887719124512502,0.020874575829373285,0.8747351073277312,0.0,0.0,0.0
1979,5907,0.03294728305901118,4.033270115406953,0.017603629301330068,0.9556699917025112,0.0005799917574568249,0.0314867297276255,0.13288529214576358
1980,5907,0.03320089125898934,4.033270115406953,0.017603629301330068,0.9556699917025112,0.000584456182197018,0.03172909547399432,0.13390816251975765
1981,5907,0.04756797425424456,4.033270115406953,0.017603629301330068,0.9556699917025112,0.0008373689853869338,0.04545928556085917,0.19185448901009194
1982,5907,0.026159852791176084,4.033270115406953,0.017603629301330068,0.9556699917025112,0.0004605083511132285,0.02500018629988216,0.10550975248609568
1983,5907,0.035920922941908136,4.033270115406953,0.017603629301330068,0.9556699917025112,0.0006323386116309935,0.034328548129839896,0.1448787850194341
1984,5907,0.035842350543865815,4.033270115406953,0.017603629301330068,0.9556699917025112,0.0006309554522625399,0.03425345884685474,0.14456188131451414
1985,5907,0.029620352341547262,4.033270115406953,0.017603629301330068,0.9556699917025112,0.000521425702395382,0.02830728187647193,0.11946688190698694
1986,5907,0.03340517588274716,4.033270115406953,0.017603629301330068,0.9556699917025112,0.0005880523329856124,0.03192432415868591,0.13473209758779722
1987,5907,0.030023537604194142,4.033270115406953,0.017603629301330068,0.9556699917025112,0.0005285232262987772,0.02869259393308025,0.12109303697779311
1988,5907,0.03613787975285498,4.033270115406953,0.017603629301330068,0.9556699917025112,0.0006361578389053004,0.034535887243557266,0.14575383044136
1989,5907,0.027956173429815687,4.033270115406953,0.017603629301330068,0.9556699917025112,0.0004921301137421685,0.026716876029705922,0.11275479883560952
1990,5907,0.03052820834914528,4.033270115406953,0.017603629301330068,0.9556699917025112,0.0005374072630121231,0.029174892619720203,0.1231285104115247
1991,5907,0.032424460353027776,4.033270115406953,0.017603629301330068,0.9556699917025112,0.0005707881803503748,0.030987083756536457,0.13077660695006452
1992,5907,0.022520655874381682,4.033270115406953,0.017603629301330068,0.9556699917025112,0.0003964452776354365,0.02152231501260545,0.09083188831750769
1993,5907,0.028814010712664432,4.033270115406953,0.017603629301330068,0.9556699917025112,0.000507231163270298,0.027536685378688086,0.11621468831240526
1994,5907,0.024018172187765037,4.033270115406953,0.017603629301330068,0.9556699917025112,0.0004228069996889315,0.022953446415390898,0.09687177611161117
1995,5907,0.038539137052586915,4.033270115406953,0.017603629301330068,0.9556699917025112,0.0006784286822668944,0.03683069678726768,0.1554387497477716
1996,5907,0.022925494271830046,4.033270115406953,0.017603629301330068,0.9556699917025112,0.000403571902711062,0.021909206920535787,0.09246471092750541
1997,5907,0.024499611944493974,4.033270115406953,0.017603629301330068,0.9556699917025112,0.00043128208669731026,0.0234135439437093,0.09881355269479478
1998,5907,0.029397387785267255,4.033270115406953,0.017603629301330068,0.9556699917025112,0.0005175007169992932,0.028094201340821863,0.11856760562534782
1999,5907,0.025053774207492188,4.033270115406953,0.017603629301330068,0.9556699917025112,0.00044103735374791694,0.023943140188990648,0.10104863878923176
2000,5907,0.020213771918943538,4.033270115406953,0.017603629301330068,0.9556699917025112,0.00035583574764271736,0.019317695242053224,0.08152760220032723
2001,5907,0.026278111537407892,4.033270115406953,0.017603629301330068,0.9556699917025112,0.0004625901342435333,0.025113202634912266,0.10598672195315792
2002,5907,0.028590824569778364,4.033270115406953,0.017603629301330068,0.9556699917025112,0.0005033022771457381,0.02732339307936804,0.11531451831212994
2003,5907,0.030384010776269475,4.033270115406953,0.017603629301330068,0.9556699917025112,0.0005348688623930659,0.02903708732644646,0.1225469226501305
2004,5907,0.026238376140550752,4.033270115406953,0.017603629301330068,0.9556699917025112,0.00046189064704711897,0.025075228708527506,0.10582645836449019
2005,5907,0.0209712137400818,4.033270115406953,0.017603629301330068,0.9556699917025112,0.0003691694726793597,0.020041559660975563,0.08458256966168361
2006,5907,0.02411015115378708,4.033270115406953,0.017603629301330068,0.9556699917025112,0.0004244261633103032,0.02304134795308599,0.0972427521265139
2007,5907,0.030946890283894732,4.033270115406953,0.017603629301330068,0.9556699917025112,0.0005447775845866161,0.029575014380828202,0.12481716774681043
2008,5907,0.027378967910500932,4.033270115406953,0.017603629301330068,0.9556699917025112,0.0004819692017494699,0.026165258035851745,0.11042677306410936
2009,5907,0.02939667579052528,4.033270115406953,0.017603629301330068,0.9556699917025112,0.0005174881833077911,0.02809352090881271,0.1185647339582327
2010,5907,0.03374336266242155,4.033270115406953,0.017603629301330068,0.9556699917025112,0.0005940056476896109,0.032247519115611224,0.13609609621968363
2011,5907,0.023019943942149627,4.033270115406953,0.017603629301330068,0.9556699917025112,0.00040523455969500077,0.021999469636186406,0.09284565196021542
2012,5907,0.03364418868200982,4.033270115406953,0.017603629301330068,0.9556699917025112,0.0005922598257021056,0.03215274151857405,0.13569610076826308
2013,5907,0.028714492174604537,4.033270115406953,0.017603629301330068,0.9556699917025112,0.0005054792758176814,0.02744157849824614,0.11581330316691929
2014,5907,0.028754611377364774,4.033270115406953,0.017603629301330068,0.9556699917025112,0.0005061855193909375,0.027479919216415127,0.11597511474846611
2015,5907,0.034704546093349865,4.033270115406953,0.017603629301330068,0.9556699917025112,0.0006109259644982536,0.03316609327707108,0.13997280862707115
2016,5907,0.03658387330478242,4.033270115406953,0.017603629301330068,0.9556699917025112,0.0006440089440642147,0.03496210989762714,0.14755264290601314
1979,5912,0.009186130058595905,2.801559836590141,0.04165086904911772,0.4426000141800833,0.0003826103001387421,0.0040657812941946375,0.025735493025855725
1980,5912,0.01797314383281871,2.801559836590141,0.04165086904911772,0.4426000141800833,0.0007485970601816898,0.007954913715266238,0.05035283789928268
1981,5912,0.008879078155135075,2.801559836590141,0.04165086904911772,0.4426000141800833,0.0003698213215164127,0.003929880117368853,0.024875268745371312
1982,5912,0.008986806239364452,2.801559836590141,0.04165086904911772,0.4426000141800833,0.0003743082898455628,0.0039775605689763675,0.025177075419421133
1983,5912,0.008800925750116588,2.801559836590141,0.04165086904911772,0.4426000141800833,0.0003665662059291141,0.0038952898617994622,0.02465632010633859
1984,5912,0.004085130785361933,2.801559836590141,0.04165086904911772,0.4426000141800833,0.0001701492473896293,0.0018080789435286865,0.01144473833548793
1985,5912,0.012626563656913722,2.801559836590141,0.04165086904911772,0.4426000141800833,0.0005259073494144624,0.005588517253595738,0.035374073615358215
1986,5912,0.014040292252389064,2.801559836590141,0.04165086904911772,0.4426000141800833,0.0005847903740155989,0.006214233549999914,0.039334718868280924
1987,5912,0.01257165285518711,2.801559836590141,0.04165086904911772,0.4426000141800833,0.0005236202668023652,0.0055642137319729,0.03522023771864598
1988,5912,0.018018638185717285,2.801559836590141,0.04165086904911772,0.4426000141800833,0.0007504919395167427,0.007975049516504261,0.05048029305115499
1989,5912,0.006367652269129099,2.801559836590141,0.04165086904911772,0.4426000141800833,0.0002652182508118134,0.0028183229846103787,0.017839358850564157
1990,5912,0.005021907874449387,2.801559836590141,0.04165086904911772,0.4426000141800833,0.0002091668272554245,0.002222696496442371,0.014069175404113166
1991,5912,0.014390939843762,2.801559836590141,0.04165086904911772,0.4426000141800833,0.0005993951509262616,0.006369430178913787,0.04031707907706841
1992,5912,0.01150802793400001,2.801559836590141,0.04165086904911772,0.4426000141800833,0.0004793193644926231,0.005093453326773199,0.032240428858251846
1993,5912,0.011642647996691508,2.801559836590141,0.04165086904911772,0.4426000141800833,0.0004849264070951707,0.00515303616842938,0.03261757501908759
1994,5912,0.009381315317375492,2.801559836590141,0.04165086904911772,0.4426000141800833,0.00039073993579248883,0.0041521702924982255,0.026282316207547066
1995,5912,0.013587514888227363,2.801559836590141,0.04165086904911772,0.4426000141800833,0.0005659318033124953,0.006013834282201524,0.03806623598992836
1996,5912,0.0057529694404856255,2.801559836590141,0.04165086904911772,0.4426000141800833,0.00023961617680924282,0.002546264355936524,0.016117288125594983
1997,5912,0.012615807004844944,2.801559836590141,0.04165086904911772,0.4426000141800833,0.0005254593255077387,0.005583756359237566,0.035343938210946155
1998,5912,0.015976733169907668,2.801559836590141,0.04165086904911772,0.4426000141800833,0.0006654448210925197,0.007071302327552541,0.04475977396873081
1999,5912,0.0247089899643982,2.801559836590141,0.04165086904911772,0.4426000141800833,0.0010291509053431134,0.01093619930861818,0.06922371388696685
2000,5912,0.011669673646460776,2.801559836590141,0.04165086904911772,0.4426000141800833,0.0004860520488946778,0.005164997721400484,0.03269328899403892
2001,5912,0.01364411697418496,2.801559836590141,0.04165086904911772,0.4426000141800833,0.000568289329382622,0.0060388863662489784,0.038224810120614384
2002,5912,0.013025739484132432,2.801559836590141,0.04165086904911772,0.4426000141800833,0.0005425333695215221,0.0057651924803830855,0.0364923885806318
2003,5912,0.013906955813341094,2.801559836590141,0.04165086904911772,0.4426000141800833,0.0005792367954533363,0.006155218840186561,0.03896116885589019
2004,5912,0.015517095377037776,2.801559836590141,0.04165086904911772,0.4426000141800833,0.0006463005075716703,0.006867866633910625,0.043472071188847584
2005,5912,0.01590234740750481,2.801559836590141,0.04165086904911772,0.4426000141800833,0.0006623465894435594,0.007038379188058239,0.04455137780436882
2006,5912,0.010685747317986504,2.801559836590141,0.04165086904911772,0.4426000141800833,0.00044507066223341675,0.004729511914465614,0.029936760510021806
2007,5912,0.01471073689392449,2.801559836590141,0.04165086904911772,0.4426000141800833,0.0006127149759848736,0.006510972357850454,0.04121300964866365
2008,5912,0.01614359402480619,2.801559836590141,0.04165086904911772,0.4426000141800833,0.0006723947207093219,0.0071451549442967275,0.0452272446381136
2009,5912,0.014848291157522982,2.801559836590141,0.04165086904911772,0.4426000141800833,0.0006184442306051622,0.0065718538768696775,0.041598376148912916
2010,5912,0.01732884143867371,2.801559836590141,0.04165086904911772,0.4426000141800833,0.0007217613055351234,0.007669745466481399,0.04854778618922718
2011,5912,0.01826112565383785,2.801559836590141,0.04165086904911772,0.4426000141800833,0.0007605917532974845,0.008082374473332916,0.051159636202718003
2012,5912,0.020422307926417603,2.801559836590141,0.04165086904911772,0.4426000141800833,0.0008506068731239783,0.009038913777822458,0.05721431765712804
2013,5912,0.026755500321209342,2.801559836590141,0.04165086904911772,0.4426000141800833,0.0011143898402223172,0.01184198482156248,0.0749571351077747
2014,5912,0.020519301311301943,2.801559836590141,0.04165086904911772,0.4426000141800833,0.0008546467318964266,0.009081843051347642,0.05748605042863494
2015,5912,0.020188058208497943,2.801559836590141,0.04165086904911772,0.4426000141800833,0.0008408501687981138,0.008935234849349537,0.05655805305567175
2016,5912,0.02196895343089841,2.801559836590141,0.04165086904911772,0.4426000141800833,0.000915026002496515,0.009723459100037227,0.06154733758392417
1979,5914,0.012486325186621412,5.78543786989423,0.04555568641542429,0.4031257505586655,0.0005688231146827392,0.005033559212576326,0.07223885859049366
1980,5914,0.01388473079294898,5.78543786989423,0.04555568641542429,0.4031257505586655,0.0006325284419661692,0.005597292522212573,0.08032924734281358
1981,5914,0.015761182808492594,5.78543786989423,0.04555568641542429,0.4031257505586655,0.000718011501559865,0.006353738649365913,0.09118534389457895
1982,5914,0.011796388548821285,5.78543786989423,0.04555568641542429,0.4031257505586655,0.0005373925775646045,0.004755427987625228,0.0682472730383373
1983,5914,0.009333939499175796,5.78543786989423,0.04555568641542429,0.4031257505586655,0.000425214020844995,0.003762751366274417,0.054000927053833234
1984,5914,0.010523781943150344,5.78543786989423,0.04555568641542429,0.4031257505586655,0.00047941811010646156,0.004242407494548213,0.06088468658841109
1985,5914,0.013902332784740084,5.78543786989423,0.04555568641542429,0.4031257505586655,0.0006333303127844915,0.005604388338364689,0.0804310825727074
1986,5914,0.017954792500071478,5.78543786989423,0.04555568641542429,0.4031257505586655,0.0008179428967872681,0.007238039202716413,0.10387633647600643
1987,5914,0.012332772215644869,5.78543786989423,0.04555568641542429,0.4031257505586655,0.0005618279036887751,0.004971658055900894,0.0713504874171712
1988,5914,0.013444271687411288,5.78543786989423,0.04555568641542429,0.4031257505586655,0.0006124630250754758,0.005419732114702292,0.07778099855349607
1989,5914,0.01094745470527536,5.78543786989423,0.04555568641542429,0.4031257505586655,0.0004987188136005854,0.0044132008947711234,0.06333581903085185
1990,5914,0.008052966997364736,5.78543786989423,0.04555568641542429,0.4031257505586655,0.00036685843924570883,0.003246358365036822,0.04658994023156238
1991,5914,0.02382959198443743,5.78543786989423,0.04555568641542429,0.4031257505586655,0.0010855734198505398,0.009606322154233099,0.13786462389089232
1992,5914,0.009860747751009707,5.78543786989423,0.04555568641542429,0.4031257505586655,0.00044921313236659854,0.003975121338195461,0.05704874346416592
1993,5914,0.013215704983530115,5.78543786989423,0.04555568641542429,0.4031257505586655,0.000602050511988458,0.005327590990647474,0.07645864008906503
1994,5914,0.014485383943964654,5.78543786989423,0.04555568641542429,0.4031257505586655,0.0006598916085582757,0.0058394312745411936,0.08380428882937095
1995,5914,0.018449317041680298,5.78543786989423,0.04555568641542429,0.4031257505586655,0.000840471301729531,0.007437394779722149,0.10673737748662218
1996,5914,0.0177222233829645,5.78543786989423,0.04555568641542429,0.4031257505586655,0.0008073480510184305,0.007144284602825896,0.10253082229852785
1997,5914,0.017376992119239952,5.78543786989423,0.04555568641542429,0.4031257505586655,0.0007916208038273944,0.007005112990520621,0.10053350827150441
1998,5914,0.012441022925479378,5.78543786989423,0.04555568641542429,0.4031257505586655,0.0005667593390802431,0.005015296704551439,0.0719767651732907
1999,5914,0.018560063587433187,5.78543786989423,0.04555568641542429,0.4031257505586655,0.000845516436639441,0.007482039564100562,0.10737809474638092
2000,5914,0.009845196450825605,5.78543786989423,0.04555568641542429,0.4031257505586655,0.00044850468221205943,0.003968852208636582,0.05695877238315472
2001,5914,0.014596186924747071,5.78543786989423,0.04555568641542429,0.4031257505586655,0.0006649393144046938,0.005884098809333243,0.08444533259048671
2002,5914,0.015147618122633485,5.78543786989423,0.04555568641542429,0.4031257505586655,0.000690060141135289,0.006106394924862668,0.08763560352537991
2003,5914,0.01706438035575544,5.78543786989423,0.04555568641542429,0.4031257505586655,0.0007773795603603212,0.006879091138732459,0.0987249123364667
2004,5914,0.013174366140233642,5.78543786989423,0.04555568641542429,0.4031257505586655,0.0006001672926064675,0.005310926238416356,0.07621947677956
2005,5914,0.010277263898647134,5.78543786989423,0.04555568641542429,0.4031257505586655,0.0004681878113753297,0.004143029722831603,0.05945847175812995
2006,5914,0.01033403690386445,5.78543786989423,0.04555568641542429,0.4031257505586655,0.00047077414459787103,0.004165916383171304,0.05978692845250191
2007,5914,0.015349067811458075,5.78543786989423,0.04555568641542429,0.4031257505586655,0.0006992373199878668,0.00618760448186989,0.0888010781839841
2008,5914,0.021811128345028567,5.78543786989423,0.04555568641542429,0.4031257505586655,0.0009936209232526937,0.008792627484621025,0.12618692791245176
2009,5914,0.018949940795370452,5.78543786989423,0.04555568641542429,0.4031257505586655,0.0008632775604647523,0.007639209106175988,0.1096337051097898
2010,5914,0.01958812533639219,5.78543786989423,0.04555568641542429,0.4031257505586655,0.00089235049529071,0.007896477728270315,0.11332588212139803
2011,5914,0.012728546786669888,5.78543786989423,0.04555568641542429,0.4031257505586655,0.0005798576859375899,0.005131204976897389,0.07364021660832049
2012,5914,0.012647041575943749,5.78543786989423,0.04555568641542429,0.4031257505586655,0.0005761446601165269,0.005098348127648971,0.07316867327559178
2013,5914,0.013235033171967637,5.78543786989423,0.04555568641542429,0.4031257505586655,0.0006029310208798959,0.005335382681118289,0.07657046212240792
2014,5914,0.011858754518694671,5.78543786989423,0.04555568641542429,0.4031257505586655,0.0005402337021311503,0.004780569316039755,0.06860808748223547
2015,5914,0.01351862733850171,5.78543786989423,0.04555568641542429,0.4031257505586655,0.0006158503477997658,0.005449706792356396,0.07821117855315524
2016,5914,0.01150763529576243,5.78543786989423,0.04555568641542429,0.4031257505586655,0.0005242382249168216,0.004639024115759621,0.06657670903303546
1979,5924,0.009660602948313946,1.1858605934574522,0.04687626225076486,0.4121474008991395,0.00045285295730567674,0.003981592396266157,0.011456128345444388
1980,5924,0.0036386281551293157,1.1858605934574522,0.04687626225076486,0.4121474008991395,0.00017056528763285855,0.0014996511369749783,0.004314905743412645
1981,5924,0.01863306957069201,1.1858605934574522,0.04687626225076486,0.4121474008991395,0.0008734486557325053,0.007679571194333557,0.02209622293903482
1982,5924,0.010283454639500991,1.1858605934574522,0.04687626225076486,0.4121474008991395,0.0004820499165250931,0.004238299101934531,0.012194743621591436
1983,5924,0.006830212878072125,1.1858605934574522,0.04687626225076486,0.4121474008991395,0.0003201748501010604,0.0028150544852852573,0.008099680297031342
1984,5924,0.0038059506977893578,1.1858605934574522,0.04687626225076486,0.4121474008991395,0.00017840874302305545,0.0015686126880441501,0.004513326953150292
1985,5924,0.002528094989216238,1.1858605934574522,0.04687626225076486,0.4121474008991395,0.00011850764370934492,0.0010419477790316106,0.002997968224228779
1986,5924,0.005587444864479951,1.1858605934574522,0.04687626225076486,0.4121474008991395,0.0002619185307790515,0.002302850878562656,0.006625930682902988
1987,5924,0.019220621662979474,1.1858605934574522,0.04687626225076486,0.4121474008991395,0.0009009909016965581,0.007921729262062686,0.022792977811882
1988,5924,0.013987042453001742,1.1858605934574522,0.04687626225076486,0.4121474008991395,0.0006556602701394911,0.0057647231932705925,0.016586682464031225
1989,5924,0.00963391095356463,1.1858605934574522,0.04687626225076486,0.4121474008991395,0.0004516017363598118,0.003970591360005413,0.011424475360710402
1990,5924,0.012804373906658513,1.1858605934574522,0.04687626225076486,0.4121474008991395,0.0006002211892053751,0.005277289425770067,0.01518420243980118
1991,5924,0.003309747328346325,1.1858605934574522,0.04687626225076486,0.4121474008991395,0.0001551485837473307,0.0013641037590108086,0.00392489893098699
1992,5924,0.020181051235899833,1.1858605934574522,0.04687626225076486,0.4121474008991395,0.0009460122502301629,0.008317567814288484,0.023931913395199424
1993,5924,0.009979299297646002,1.1858605934574522,0.04687626225076486,0.4121474008991395,0.0004677922509553276,0.004112942268319408,0.011834057787396024
1994,5924,0.007443423460622138,1.1858605934574522,0.04687626225076486,0.4121474008991395,0.00034891987018361906,0.0030677876330870925,0.008826862562368492
1995,5924,0.005374346894301718,1.1858605934574522,0.04687626225076486,0.4121474008991395,0.000251929294443871,0.0022150231040168156,0.006373226197522851
1996,5924,0.002998973563708506,1.1858605934574522,0.04687626225076486,0.4121474008991395,0.0001405806712555108,0.0012360191596476906,0.0035563645700225793
1997,5924,0.016584448741983403,1.1858605934574522,0.04687626225076486,0.4121474008991395,0.0007774169685135815,0.006835237444353463,0.019666844227333134
1998,5924,0.010197378297725549,1.1858605934574522,0.04687626225076486,0.4121474008991395,0.000478014979354441,0.004202822961392876,0.012092669079850963
1999,5924,0.010643515746459723,1.1858605934574522,0.04687626225076486,0.4121474008991395,0.0004989282354011913,0.004386697351332439,0.012621725899570465
2000,5924,0.020668976165885616,1.1858605934574522,0.04687626225076486,0.4121474008991395,0.0009688843472068626,0.008518664806016018,0.02451052434223505
2001,5924,0.011046560180047984,1.1858605934574522,0.04687626225076486,0.4121474008991395,0.0005178214519687857,0.004552811067082707,0.013099680410775163
2002,5924,0.011696717875656435,1.1858605934574522,0.04687626225076486,0.4121474008991395,0.0005482984146124803,0.004820771871502304,0.01387067680153033
2003,5924,0.01381980423776877,1.1858605934574522,0.04687626225076486,0.4121474008991395,0.0006478207677038804,0.005695796397531312,0.016388361254866285
2004,5924,0.01865874170193696,1.1858605934574522,0.04687626225076486,0.4121474008991395,0.0008746520692892796,0.007690151896501705,0.022126666507828276
2005,5924,0.018692996252187764,1.1858605934574522,0.04687626225076486,0.4121474008991395,0.0008762577945701183,0.007704269820356542,0.02216728762911731
2006,5924,0.022960004553129063,1.1858605934574522,0.04687626225076486,0.4121474008991395,0.0010762791947112333,0.009462906201204551,0.027227364625159435
2007,5924,0.012840196057188537,1.1858605934574522,0.04687626225076486,0.4121474008991395,0.0006019003977280068,0.005292053432005634,0.015226682516487636
2008,5924,0.01680680142729899,1.1858605934574522,0.04687626225076486,0.4121474008991395,0.0007878400313025967,0.006926879525689227,0.019930523514698335
2009,5924,0.01425486010891686,1.1858605934574522,0.04687626225076486,0.4121474008991395,0.0006682145608135532,0.005875103544070908,0.016904276868413108
2010,5924,0.02077655412398548,1.1858605934574522,0.04687626225076486,0.4121474008991395,0.0009739271997831536,0.008563002781840913,0.0246380968034703
2011,5924,0.01793224862533956,1.1858605934574522,0.04687626225076486,0.4121474008991395,0.0008405967893073349,0.007390729663210866,0.02126514699687175
2012,5924,0.02663530493175961,1.1858605934574522,0.04687626225076486,0.4121474008991395,0.0012485635391102541,0.010977671699780754,0.031585758513296654
2013,5924,0.025206178831202262,1.1858605934574522,0.04687626225076486,0.4121474008991395,0.001181571449231115,0.010388661091878922,0.029891014187564183
2014,5924,0.021400703641425992,1.1858605934574522,0.04687626225076486,0.4121474008991395,0.0010031849962463834,0.008820244383226473,0.025378251120628487
2015,5924,0.01961738690433095,1.1858605934574522,0.04687626225076486,0.4121474008991395,0.0009195897732021379,0.008085255025052817,0.023263486076454353
2016,5924,0.029679068878736763,1.1858605934574522,0.04687626225076486,0.4121474008991395,0.0013912438161181784,0.012232151099477895,0.035195238233803376
1979,5926,0.019489344418854592,13.01570822601444,0.03717155626363766,0.4633910395702955,0.0007244492626068661,0.009031187570796566,0.25366762047211433
1980,5926,0.007985422411296827,13.01570822601444,0.03717155626363766,0.4633910395702955,0.00029683057845043316,0.0037003731925787722,0.10393592816691617
1981,5926,0.011935067875683596,13.01570822601444,0.03717155626363766,0.4633910395702955,0.0004436450470513072,0.00553060351025506,0.15534336112757566
1982,5926,0.012691774137250249,13.01570822601444,0.03717155626363766,0.4633910395702955,0.000471772996428179,0.005881254411451783,0.16519242904092538
1983,5926,0.011758197463323662,13.01570822601444,0.03717155626363766,0.4633910395702955,0.00043707049856689715,0.0054486433460023635,0.15304126744648391
1984,5926,0.009622629144222166,13.01570822601444,0.03717155626363766,0.4633910395702955,0.00035768810063857375,0.0044590401225405325,0.12524533330833873
1985,5926,0.020996729847115342,13.01570822601444,0.03717155626363766,0.4633910395702955,0.0007804811248644482,0.00972969647143143,0.27328730939050205
1986,5926,0.009384262247732448,13.01570822601444,0.03717155626363766,0.4633910395702955,0.0003488276321343175,0.004348583038577017,0.12214281933288798
1987,5926,0.011175402060089564,13.01570822601444,0.03717155626363766,0.4633910395702955,0.0004154070864453915,0.005178581178240925,0.14545577252252645
1988,5926,0.0165318263171081,13.01570822601444,0.03717155626363766,0.4633910395702955,0.0006145137120870696,0.007660700183080292,0.21517342778662588
1989,5926,0.012021164849599631,13.01570822601444,0.03717155626363766,0.4633910395702955,0.00044684540556135606,0.005570500076501868,0.15646397421920955
1990,5926,0.013114226144936354,13.01570822601444,0.03717155626363766,0.4633910395702955,0.0004874761950005697,0.006077014886462006,0.17069094111246175
1991,5926,0.0216139526721082,13.01570822601444,0.03717155626363766,0.4633910395702955,0.0008034242578308716,0.010015711997951385,0.2813209015910455
1992,5926,0.018220492002538877,13.01570822601444,0.03717155626363766,0.4633910395702955,0.0006772840436235339,0.008443212730538744,0.23715260763947557
1993,5926,0.020222785298257936,13.01570822601444,0.03717155626363766,0.4633910395702955,0.0007517124015216594,0.009371057502366633,0.2632138729594597
1994,5926,0.0209174787022128,13.01570822601444,0.03717155626363766,0.4633910395702955,0.0007775352364727457,0.009692972201007906,0.272255799611873
1995,5926,0.018642665035199818,13.01570822601444,0.03717155626363766,0.4633910395702955,0.0006929768722600807,0.008638843931022043,0.24264748865348204
1996,5926,0.00994992346675122,13.01570822601444,0.03717155626363766,0.4633910395702955,0.0003698541399632317,0.004610705378902727,0.12950530071440797
1997,5926,0.02041814515710674,13.01570822601444,0.03717155626363766,0.4633910395702955,0.000758974231506514,0.009461585510448886,0.26575661988131105
1998,5926,0.011281315499240444,13.01570822601444,0.03717155626363766,0.4633910395702955,0.00041934405380786375,0.005227660516913517,0.14683431094372804
1999,5926,0.016693483217848016,13.01570822601444,0.03717155626363766,0.4633910395702955,0.0006205227506683286,0.007735610542367873,0.2172775068393784
2000,5926,0.013286103627581336,13.01570822601444,0.03717155626363766,0.4633910395702955,0.0004938651485171601,0.006156661371823589,0.1729280482771907
2001,5926,0.01991350504954083,13.01570822601444,0.03717155626363766,0.4633910395702955,0.0007402159733552397,0.009227739806395054,0.2591883714820887
2002,5926,0.017381495379001504,13.01570822601444,0.03717155626363766,0.4633910395702955,0.0006460972334267124,0.008054429212961794,0.22623247238490185
2003,5926,0.015562460039243057,13.01570822601444,0.03717155626363766,0.4633910395702955,0.0005784808589493361,0.0072115045358560215,0.20255643914979685
2004,5926,0.014244661227637609,13.01570822601444,0.03717155626363766,0.4633910395702955,0.0005294962262795893,0.006600848374601673,0.18540435431735178
2005,5926,0.017926023047400697,13.01570822601444,0.03717155626363766,0.4633910395702955,0.0006663381742897205,0.008306758455296085,0.23331988563777767
2006,5926,0.01935944596390504,13.01570822601444,0.03717155626363766,0.4633910395702955,0.0007196207348801492,0.008970993790718917,0.25197690008348084
2007,5926,0.015321479309974231,13.01570822601444,0.03717155626363766,0.4633910395702955,0.0005695232302128675,0.007099836225203732,0.19941990428954162
2008,5926,0.01571748442524833,13.01570822601444,0.03717155626363766,0.4633910395702955,0.000584243356635967,0.007283341447245752,0.20457419132595853
2009,5926,0.021880508837027846,13.01570822601444,0.03717155626363766,0.4633910395702955,0.0008133325653126017,0.01013923173631737,0.28479031885948497
2010,5926,0.021831780990385737,13.01570822601444,0.03717155626363766,0.4633910395702955,0.0008115212754195386,0.010116651688805862,0.2841560914251093
2011,5926,0.014921605723380645,13.01570822601444,0.03717155626363766,0.4633910395702955,0.0005546593066904614,0.006914538388215428,0.1942152663591496
2012,5926,0.013923242369824456,13.01570822601444,0.03717155626363766,0.4633910395702955,0.0005175485871221936,0.00645190575594214,0.18122086024571696
2013,5926,0.016537222237481674,13.01570822601444,0.03717155626363766,0.4633910395702955,0.0006147142868448299,0.007663200604231641,0.21524365951181915
2014,5926,0.01850830337152455,13.01570822601444,0.03717155626363766,0.4633910395702955,0.0006879824401190994,0.008576581940013166,0.24089867644232288
2015,5926,0.025473779751420324,13.01570822601444,0.03717155626363766,0.4633910395702955,0.0009469000372774344,0.011804321280795407,0.3315592846582416
2016,5926,0.011570838823504744,13.01570822601444,0.03717155626363766,0.4633910395702955,0.0004301060863453896,0.005361823031124198,0.15060266205697792
1979,5929,0.005268808311637665,18.182459110279936,0.029177703352586105,0.4073975727699283,0.00015373172593860385,0.0021464997175512086,0.09579989168625491
1980,5929,0.011003519109753465,18.182459110279936,0.029177703352586105,0.4073975727699283,0.00032105741641889896,0.004482806977241084,0.20007103628227627
1981,5929,0.005590714267050937,18.182459110279936,0.029177703352586105,0.4073975727699283,0.0001631242024130831,0.0022776434224467605,0.10165293355791233
1982,5929,0.010800653339423531,18.182459110279936,0.029177703352586105,0.4073975727699283,0.0003151382591518183,0.004400159954810567,0.1963824377083768
1983,5929,0.014381417643785213,18.182459110279936,0.029177703352586105,0.4073975727699283,0.0004196167378000128,0.005858954641068717,0.26148953825598303
1984,5929,0.01832495066292202,18.182459110279936,0.029177703352586105,0.4073975727699283,0.0005346799743935148,0.007465540421203119,0.3331926661264768
1985,5929,0.011506854846215532,18.182459110279936,0.029177703352586105,0.4073975727699283,0.0003357435972241446,0.004687864734564094,0.20922291772924043
1986,5929,0.014412182319879929,18.182459110279936,0.029177703352586105,0.4073975727699283,0.0004205143803928428,0.005871488095436757,0.2620489157211162
1987,5929,0.008849517629102927,18.182459110279936,0.029177703352586105,0.4073975727699283,0.0002582086001954463,0.003605272002281223,0.16090599243686543
1988,5929,0.009513707996909988,18.182459110279936,0.029177703352586105,0.4073975727699283,0.0002775881497169658,0.0038758615459829854,0.1729826066409591
1989,5929,0.008219162943045465,18.182459110279936,0.029177703352586105,0.4073975727699283,0.00023981629815874914,0.0033484670331972626,0.14944459413265226
1990,5929,0.020307221685595463,18.182459110279936,0.029177703352586105,0.4073975727699283,0.000592518090257508,0.008273112824412444,0.36923522794172947
1991,5929,0.011430144419869549,18.182459110279936,0.029177703352586105,0.4073975727699283,0.0003335053631601711,0.004656613093064594,0.20782813353887244
1992,5929,0.018350514050958264,18.182459110279936,0.029177703352586105,0.4073975727699283,0.0005354258553463234,0.00747595488344086,0.33365747138416607
1993,5929,0.022636636950479256,18.182459110279936,0.029177703352586105,0.4073975727699283,0.0006604850778412731,0.00922211094929932,0.41158972574634095
1994,5929,0.012787458577379065,18.182459110279936,0.029177703352586105,0.4073975727699283,0.0003731086730042491,0.005209579586320231,0.23250744270759327
1995,5929,0.013514886022356324,18.182459110279936,0.029177703352586105,0.4073975727699283,0.0003943333352043252,0.005505931761770197,0.2457338624815877
1996,5929,0.015374924509337915,18.182459110279936,0.029177703352586105,0.4073975727699283,0.00044860498640186716,0.006263706926625147,0.27955393621467745
1997,5929,0.01438309073392617,18.182459110279936,0.029177703352586105,0.4073975727699283,0.00041966555472782775,0.005859636253931167,0.2615199591490588
1998,5929,0.016852114849574544,18.182459110279936,0.029177703352586105,0.4073975727699283,0.0004917060079445973,0.006865510685756734,0.30641288917413045
1999,5929,0.011442546723111144,18.182459110279936,0.029177703352586105,0.4073975727699283,0.0003338672338850432,0.004661665761301976,0.20805363791043605
2000,5929,0.013106819835270057,18.182459110279936,0.029177703352586105,0.4073975727699283,0.0003824269010493012,0.005339686587621772,0.23831421572060382
2001,5929,0.020138698595410332,18.182459110279936,0.029177703352586105,0.4073975727699283,0.0005876009735240251,0.008204456926515334,0.36617106374530034
2002,5929,0.01838897560091889,18.182459110279936,0.029177703352586105,0.4073975727699283,0.0005365480750415552,0.007491624025539789,0.3343567969436431
2003,5929,0.011113805217858356,18.182459110279936,0.029177703352586105,0.4073975727699283,0.0003242753117650947,0.004527737269993258,0.20207630893332534
2004,5929,0.0125131236074899,18.182459110279936,0.029177703352586105,0.4073975727699283,0.0003651042086335824,0.005097816185461474,0.22751935833506368
2005,5929,0.0176845747311981,18.182459110279936,0.029177703352586105,0.4073975727699283,0.0005159952754235384,0.007204652820958513,0.32154905693269925
2006,5929,0.012512636877032073,18.182459110279936,0.029177703352586105,0.4073975727699283,0.00036509000695667123,0.0050976178926543615,0.2275105083784165
2007,5929,0.011223884260980616,18.182459110279936,0.029177703352586105,0.4073975727699283,0.0003274871654306525,0.004572583204974103,0.20407781663379457
2008,5929,0.0202537990664051,18.182459110279936,0.029177703352586105,0.4073975727699283,0.0005909593409224534,0.008251348579023278,0.3682638733527367
2009,5929,0.01950477359488173,18.182459110279936,0.029177703352586105,0.4073975727699283,0.0005691044979108136,0.007946197419981805,0.35464474834420484
2010,5929,0.01582622457629949,18.182459110279936,0.029177703352586105,0.4073975727699283,0.0004617728858786743,0.006447565478496199,0.2877596812286729
2011,5929,0.01868809635379653,18.182459110279936,0.029177703352586105,0.4073975727699283,0.0005452757316356212,0.007613485094227253,0.339795547801877
2012,5929,0.01452360246752911,18.182459110279936,0.029177703352586105,0.4073975727699283,0.0004237653644084519,0.0059168803931467,0.2640748079998088
2013,5929,0.024047309651239586,18.182459110279936,0.029177703352586105,0.4073975727699283,0.0007016452674316495,0.009796815583561878,0.43723922444590385
2014,5929,0.01421332809507829,18.182459110279936,0.029177703352586105,0.4073975727699283,0.0004147122708111721,0.005790475366917524,0.258433256909754
2015,5929,0.026194236595327904,18.182459110279936,0.029177703352586105,0.4073975727699283,0.0007642876649259327,0.010671468409497818,0.47627563581954796
2016,5929,0.013799404966277832,18.182459110279936,0.029177703352586105,0.4073975727699283,0.00040263494454825804,0.005621844088930883,0.25090711654554054
1979,5934,0.00872613263398258,17.004850109370533,0.046412728742260885,0.41613614008414,0.0004050036269100239,0.00363125915216776,0.14838657747536044
1980,5934,0.013416050381305882,17.004850109370533,0.046412728742260885,0.41613614008414,0.0006226755071400556,0.0055829034208509844,0.2281379257938699
1981,5934,0.008261617222528904,17.004850109370533,0.046412728742260885,0.41613614008414,0.0003834441991216248,0.0034379575018358317,0.14048756253009811
1982,5934,0.015038665218758802,17.004850109370533,0.046412728742260885,0.41613614008414,0.0006979854894439257,0.006258132096151897,0.25573024788999743
1983,5934,0.007877644534510614,17.004850109370533,0.046412728742260885,0.41613614008414,0.00036562297890819514,0.003278172589546169,0.133958164524255
1984,5934,0.019359130672286548,17.004850109370533,0.046412728742260885,0.41613614008414,0.0008985100805788182,0.008056033913349806,0.32919911532995033
1985,5934,0.014588890261166922,17.004850109370533,0.046412728742260885,0.41613614008414,0.0006771102063421519,0.006070964481393104,0.24808189215319904
1986,5934,0.0134424919007106,17.004850109370533,0.046412728742260885,0.41613614008414,0.0006239027302077201,0.005593906692674024,0.22858755986801116
1987,5934,0.01132804742884558,17.004850109370533,0.046412728742260885,0.41613614008414,0.0005257655924944758,0.004714009931729866,0.19263174855935936
1988,5934,0.018900314827916632,17.004850109370533,0.046412728742260885,0.41613614008414,0.0008772151852514258,0.007865104058864264,0.3213970206686357
1989,5934,0.017642814100698713,17.004850109370533,0.046412728742260885,0.41613614008414,0.0008188511451058648,0.0073418125600868,0.30001340928987047
1990,5934,0.012713144327322243,17.004850109370533,0.046412728742260885,0.41613614008414,0.00059005171912522,0.005290398808704459,0.21618511370490903
1991,5934,0.013661229265017193,17.004850109370533,0.046412728742260885,0.41613614008414,0.000634054928163079,0.005684931215148748,0.23230715596136353
1992,5934,0.0194762317501534,17.004850109370533,0.046412728742260885,0.41613614008414,0.0009039450611412787,0.008104763903893012,0.3311904016067219
1993,5934,0.019558058826124984,17.004850109370533,0.046412728742260885,0.41613614008414,0.0009077428790221202,0.008138815107442198,0.33258185876850677
1994,5934,0.024434386884638042,17.004850109370533,0.046412728742260885,0.41613614008414,0.0011340665704601624,0.01016803144349581,0.4155030864876391
1995,5934,0.011735231469042777,17.004850109370533,0.046412728742260885,0.41613614008414,0.0005446641149003262,0.004883453926521394,0.1995558521298406
1996,5934,0.007816030378276946,17.004850109370533,0.046412728742260885,0.41613614008414,0.0003627632977882386,0.003252532712396549,0.13291042503288614
1997,5934,0.008939081584519384,17.004850109370533,0.046412728742260885,0.41613614008414,0.0004148871687872378,0.0037198749064791146,0.15200774246018656
1998,5934,0.011587223053569377,17.004850109370533,0.046412728742260885,0.41613614008414,0.0005377946404613873,0.004821862275806323,0.19703899120979
1999,5934,0.015609479210342288,17.004850109370533,0.046412728742260885,0.41613614008414,0.0007244785243975772,0.00649566842731547,0.26543685425720615
2000,5934,0.014905614503421684,17.004850109370533,0.046412728742260885,0.41613614008414,0.0006918102426840203,0.006202764885036075,0.2534677404187452
2001,5934,0.010420044563485284,17.004850109370533,0.046412728742260885,0.41613614008414,0.00048362270180731274,0.004336157124153494,0.17719129593502858
2002,5934,0.014822506382661338,17.004850109370533,0.046412728742260885,0.41613614008414,0.0006879529680188913,0.006168180592453218,0.2520544992823441
2003,5934,0.016325325097098276,17.004850109370533,0.046412728742260885,0.41613614008414,0.0007577028853608461,0.006793557771525215,0.2776097062629011
2004,5934,0.009709134643087557,17.004850109370533,0.046412728742260885,0.41613614008414,0.00045062743251171074,0.00404032181393166,0.16510237929740068
2005,5934,0.010478507771336572,17.004850109370533,0.046412728742260885,0.41613614008414,0.00048633613881471696,0.004360485777805666,0.1781854540214527
2006,5934,0.010760037715052602,17.004850109370533,0.046412728742260885,0.41613614008414,0.000499402711725233,0.004477640561901759,0.1829728285156433
2007,5934,0.014758599387521885,17.004850109370533,0.046412728742260885,0.41613614008414,0.0006849868699887509,0.00614158658217151,0.25096777040905743
2008,5934,0.01298731248483974,17.004850109370533,0.046412728742260885,0.41613614008414,0.000602776611449845,0.005404490087507771,0.22084730212825635
2009,5934,0.02100793661504113,17.004850109370533,0.046412728742260885,0.41613614008414,0.0009750356635485143,0.008742161654115491,0.3572368132459314
2010,5934,0.011096590630649559,17.004850109370533,0.046412728742260885,0.41613614008414,0.0005150230509042516,0.0046176923931323405,0.1886958603992412
2011,5934,0.01836564563870133,17.004850109370533,0.046412728742260885,0.41613614008414,0.0008523997292055316,0.007642608886242293,0.3123050512479308
2012,5934,0.01525132248372589,17.004850109370533,0.046412728742260885,0.41613614008414,0.0007078554933979143,0.006346626469556151,0.2593464528054315
2013,5934,0.022070095827459075,17.004850109370533,0.046412728742260885,0.41613614008414,0.001024333370955562,0.009184164488925903,0.3752986714453856
2014,5934,0.01710246917073811,17.004850109370533,0.046412728742260885,0.41613614008414,0.0007937722624443474,0.00711695550661896,0.2908249247485321
2015,5934,0.0,17.004850109370533,0.046412728742260885,0.41613614008414,0.0,0.0,0.0
2016,5934,0.0,17.004850109370533,0.046412728742260885,0.41613614008414,0.0,0.0,0.0
1979,5940,0.027252217250618882,3.5010834361516325,0.017663493300735175,0.8390816036392283,0.0004813693568364862,0.022866834153373934,0.09541228641454755
1980,5940,0.02040496632837125,3.5010834361516325,0.017663493300735175,0.8390816036392283,0.0003604229860429124,0.017121431869014207,0.07143948962749237
1981,5940,0.026002969624155818,3.5010834361516325,0.017663493300735175,0.8390816036392283,0.00045930327975549654,0.021818613451618805,0.09103856624188597
1982,5940,0.038100840225732034,3.5010834361516325,0.017663493300735175,0.8390816036392283,0.000672993936079599,0.03196971411660925,0.13339422061777026
1983,5940,0.02586900843176823,3.5010834361516325,0.017663493300735175,0.8390816036392283,0.0004569370571311999,0.021706209079484808,0.09056955693013068
1984,5940,0.029415724022758005,3.5010834361516325,0.017663493300735175,0.8390816036392283,0.0005195844442122607,0.02468219288522476,0.10298690413848571
1985,5940,0.02314968535363698,3.5010834361516325,0.017663493300735175,0.8390816036392283,0.000408904312158094,0.019424475110273273,0.08104897994374048
1986,5940,0.02162504858421347,3.5010834361516325,0.017663493300735175,0.8390816036392283,0.0003819739007953273,0.018145180444818065,0.0757110994041641
1987,5940,0.025660116136759604,3.5010834361516325,0.017663493300735175,0.8390816036392283,0.00045324728947773984,0.02153093139760109,0.08983820757613627
1988,5940,0.03045079735275668,3.5010834361516325,0.017663493300735175,0.8390816036392283,0.000537867455042462,0.025550703874844243,0.10661078222934639
1989,5940,0.031164059176692037,3.5010834361516325,0.017663493300735175,0.8390816036392283,0.0005504661504912143,0.026149188749886563,0.10910797138676577
1990,5940,0.019953844877198784,3.5010834361516325,0.017663493300735175,0.8390816036392283,0.00035245460531230965,0.016742904158328357,0.06986007578709977
1991,5940,0.02506188597903581,3.5010834361516325,0.017663493300735175,0.8390816036392283,0.00044268045509448785,0.021028967477512858,0.08774375387992311
1992,5940,0.020982293632346816,3.5010834361516325,0.017663493300735175,0.8390816036392283,0.0003706206030090163,0.017605856589058735,0.07346076068867931
1993,5940,0.039873075111999966,3.5010834361516325,0.017663493300735175,0.8390816036392283,0.0007042977951205218,0.03345676380700434,0.13959896282305298
1994,5940,0.03785225352750464,3.5010834361516325,0.017663493300735175,0.8390816036392283,0.0006686030266008076,0.031761129591217234,0.1325238978461587
1995,5940,0.03247162847272503,3.5010834361516325,0.017663493300735175,0.8390816036392283,0.0005735623919919401,0.027246346091671345,0.11368588059072733
1996,5940,0.03659917417830241,3.5010834361516325,0.017663493300735175,0.8390816036392283,0.0006464692679108844,0.030709693761401424,0.12813676249248312
1997,5940,0.02816323811139444,3.5010834361516325,0.017663493300735175,0.8390816036392283,0.0004974611677076253,0.023631254998182277,0.09860184646019746
1998,5940,0.01946737963319061,3.5010834361516325,0.017663493300735175,0.8390816036392283,0.00034386192973373075,0.01633472012127123,0.0681569203790393
1999,5940,0.020881547668975597,3.5010834361516325,0.017663493300735175,0.8390816036392283,0.00036884107735993266,0.017521322504553034,0.0731080406650612
2000,5940,0.02943998043019997,3.5010834361516325,0.017663493300735175,0.8390816036392283,0.0005200128971026118,0.02470254599047969,0.10307182784480133
2001,5940,0.02122556822038454,3.5010834361516325,0.017663493300735175,0.8390816036392283,0.00037491768206505976,0.017809983820514103,0.0743124853192948
2002,5940,0.028038826027171997,3.5010834361516325,0.017663493300735175,0.8390816036392283,0.0004952636156914317,0.023526863107040812,0.09816626937286917
2003,5940,0.021277818373385157,3.5010834361516325,0.017663493300735175,0.8390816036392283,0.0003758406022925485,0.017853825962684255,0.07449541746450164
2004,5940,0.027087266029280046,3.5010834361516325,0.017663493300735175,0.8390816036392283,0.0004784557420434196,0.022728426618050693,0.09483477842574517
2005,5940,0.025959201019198987,3.5010834361516325,0.017663493300735175,0.8390816036392283,0.00045853017329505904,0.021781888020382577,0.09088532870404815
2006,5940,0.027497160222521324,3.5010834361516325,0.017663493300735175,0.8390816036392283,0.00048569590537974716,0.023072361295037994,0.09626985219627694
2007,5940,0.025093005528715268,3.5010834361516325,0.017663493300735175,0.8390816036392283,0.00044323013505177285,0.02105507931916243,0.08785270601984636
2008,5940,0.02355348204457084,3.5010834361516325,0.017663493300735175,0.8390816036392283,0.0004160367723032633,0.01976329348524627,0.08246270584994186
2009,5940,0.02391366209032064,3.5010834361516325,0.017663493300735175,0.8390816036392283,0.0004223988101284233,0.020065513935632863,0.08372372624214881
2010,5940,0.0301436365031838,3.5010834361516325,0.017663493300735175,0.8390816036392283,0.0005324419214337834,0.025292970856609445,0.10553538646667253
2011,5940,0.02989433445257064,3.5010834361516325,0.017663493300735175,0.8390816036392283,0.0005280383763329183,0.025083786092190405,0.10466255918667214
2012,5940,0.025864154143214812,3.5010834361516325,0.017663493300735175,0.8390816036392283,0.00045685131343785676,0.021702135935260877,0.09055256166088199
2013,5940,0.032190874976509014,3.5010834361516325,0.017663493300735175,0.8390816036392283,0.0005686033044923705,0.02701077099783909,0.11270293917548378
2014,5940,0.03848265625168437,3.5010834361516325,0.017663493300735175,0.8390816036392283,0.0006797381408961215,0.0322900889199605,0.13473099038188924
2015,5940,0.025431789181835272,3.5010834361516325,0.017663493300735175,0.8390816036392283,0.00044921423783905664,0.02133934645010912,0.08903881585622375
2016,5940,0.03636485765518789,3.5010834361516325,0.017663493300735175,0.8390816036392283,0.0006423304195745995,0.030513083077427325,0.12731640079459022
1979,5951,0.004729876745357336,0.4127929017200209,0.02409814182404374,0.5540021651834016,0.00011398124061986749,0.002620361957978585,0.0019524595464941031
1980,5951,0.015509968958806953,0.4127929017200209,0.02409814182404374,0.5540021651834016,0.00037376143165584596,0.008592556385106401,0.006402405092093374
1981,5951,0.011787904005006363,0.4127929017200209,0.02409814182404374,0.5540021651834016,0.00028406658252085656,0.0065305243417476165,0.004865963099423633
1982,5951,0.017344343363346056,0.4127929017200209,0.02409814182404374,0.5540021651834016,0.00041796644621482505,0.009608803776978078,0.007159621825384006
1983,5951,0.011798961559295808,0.4127929017200209,0.02409814182404374,0.5540021651834016,0.00028433304903235067,0.006536650250765602,0.004870527579344699
1984,5951,0.010330446760612242,0.4127929017200209,0.02409814182404374,0.5540021651834016,0.00024894457114296703,0.005723089872691039,0.004264335094377318
1985,5951,0.008729937716682084,0.4127929017200209,0.02409814182404374,0.5540021651834016,0.00021037527721167343,0.0048364043969581156,0.0036036563219042513
1986,5951,0.008104627975758616,0.4127929017200209,0.02409814182404374,0.5540021651834016,0.00019530647439094365,0.004489981446576243,0.0033455328994746584
1987,5951,0.006049821947364482,0.4127929017200209,0.02409814182404374,0.5540021651834016,0.00014578946729780178,0.0033516144578139865,0.0024973235565420525
1988,5951,0.008443871508207534,0.4127929017200209,0.02409814182404374,0.5540021651834016,0.00020348161314878726,0.004677923098077409,0.0034855702216239973
1989,5951,0.010135001280492113,0.4127929017200209,0.02409814182404374,0.5540021651834016,0.00024423469824416384,0.005614812653529179,0.004183656587510467
1990,5951,0.012834019155431085,0.4127929017200209,0.02409814182404374,0.5540021651834016,0.00030927601378007234,0.007110074400114072,0.0052977920079007295
1991,5951,0.008744086189990575,0.4127929017200209,0.02409814182404374,0.5540021651834016,0.00021071622912805516,0.00484424268180506,0.003609496711256172
1992,5951,0.01905134551234889,0.4127929017200209,0.02409814182404374,0.5540021651834016,0.0004591020260954428,0.010554486663498367,0.007864260195713197
1993,5951,0.00956687818506866,0.4127929017200209,0.02409814182404374,0.5540021651834016,0.00023054398731713472,0.005300071228573889,0.0039491394064164595
1994,5951,0.005812159760305327,0.4127929017200209,0.02409814182404374,0.5540021651834016,0.00014006225020783784,0.0032199490916009917,0.0023992182927167773
1995,5951,0.003983832284689857,0.4127929017200209,0.02409814182404374,0.5540021651834016,9.600295539966038e-05,0.0022070517114457185,0.0016444976887630266
1996,5951,0.006619754512286936,0.4127929017200209,0.02409814182404374,0.5540021651834016,0.00015952378307744407,0.0036673583327895554,0.0027325876738011263
1997,5951,0.014554352877618441,0.4127929017200209,0.02409814182404374,0.5540021651834016,0.0003507328598020283,0.008063143007043888,0.006007933557009253
1998,5951,0.014243287578081671,0.4127929017200209,0.02409814182404374,0.5540021651834016,0.0003432367640972526,0.007890812157587095,0.005879528009389062
1999,5951,0.010698494513872269,0.4127929017200209,0.02409814182404374,0.5540021651834016,0.0002578138380990478,0.005926989124887981,0.004416262594417059
2000,5951,0.010106181182722137,0.4127929017200209,0.02409814182404374,0.5540021651834016,0.00024354018744072013,0.005598846256963814,0.004171759855724144
2001,5951,0.006538919395193739,0.4127929017200209,0.02409814182404374,0.5540021651834016,0.00015757580696136903,0.00362257550289707,0.0026992195112553476
2002,5951,0.01898316390160499,0.4127929017200209,0.02409814182404374,0.5540021651834016,0.0004574589759699445,0.010516713903520554,0.007836115310770277
2003,5951,0.015151376146035837,0.4127929017200209,0.02409814182404374,0.5540021651834016,0.00036512001119660487,0.008393895190411997,0.00625438052437364
2004,5951,0.018258771489460267,0.4127929017200209,0.02409814182404374,0.5540021651834016,0.0004400024648858199,0.01011539893874995,0.0075370912649770925
2005,5951,0.02941826438431308,0.4127929017200209,0.02409814182404374,0.5540021651834016,0.0007089255073503914,0.016297782164847195,0.012143650718767341
2006,5951,0.013425964884373464,0.4127929017200209,0.02409814182404374,0.5540021651834016,0.00032354080590826274,0.007438013615619217,0.005542143003011628
2007,5951,0.019773815566348392,0.4127929017200209,0.02409814182404374,0.5540021651834016,0.0004765122119203473,0.01095473663769426,0.008162490705709471
2008,5951,0.013034931781454713,0.4127929017200209,0.02409814182404374,0.5540021651834016,0.0003141176347362308,0.007221380429943846,0.005380727313789213
2009,5951,0.02589146370826436,0.4127929017200209,0.02409814182404374,0.5540021651834016,0.000623936164473836,0.01434392695414592,0.010687812433913058
2010,5951,0.02162386394720395,0.4127929017200209,0.02409814182404374,0.5540021651834016,0.0005210949401835471,0.011979667446382286,0.008926177545165264
2011,5951,0.022710150939110267,0.4127929017200209,0.02409814182404374,0.5540021651834016,0.0005472724381761193,0.01258147279190895,0.009374589104654985
2012,5951,0.030196975419585638,0.4127929017200209,0.02409814182404374,0.5540021651834016,0.0007276909963183374,0.016729189764440402,0.012465097106618903
2013,5951,0.01933850588773294,0.4127929017200209,0.02409814182404374,0.5540021651834016,0.0004660220575476933,0.01071357413321601,0.00798279796032699
2014,5951,0.01809114534078328,0.4127929017200209,0.02409814182404374,0.5540021651834016,0.0004359629861815836,0.010022533689441546,0.007467896380660566
2015,5951,0.029843731469067436,0.4127929017200209,0.02409814182404374,0.5540021651834016,0.0007191784735002643,0.016533491851015377,0.01231928051126945
2016,5951,0.029349330456041507,0.4127929017200209,0.02409814182404374,0.5540021651834016,0.0007072643277704145,0.016259592619330146,0.012115195282489158
1979,5959,0.010567620459635642,8.334524620599494,0.02570086191101713,0.4421075312446098,0.000271596954161135,0.004672024592539542,0.08807609290198419
1980,5959,0.02348963990283459,8.334524620599494,0.02570086191101713,0.4421075312446098,0.0006037039914822697,0.010384946707267077,0.1957749820991912
1981,5959,0.024756064842284316,8.334524620599494,0.02570086191101713,0.4421075312446098,0.0006362522039717354,0.0109448427107538,0.20633003193717617
1982,5959,0.01195261794997087,8.334524620599494,0.02570086191101713,0.4421075312446098,0.000307192583407346,0.00528434241377163,0.09961938858465166
1983,5959,0.012061910368149336,8.334524620599494,0.02570086191101713,0.4421075312446098,0.0003100014927548719,0.005332661414956265,0.10053028893480494
1984,5959,0.008549505200688437,8.334524620599494,0.02570086191101713,0.4421075312446098,0.00021972965257041632,0.003779800637639317,0.0712560615890812
1985,5959,0.009756344187559985,8.334524620599494,0.02570086191101713,0.4421075312446098,0.0002507464547208338,0.004313353242734843,0.08131449083826146
1986,5959,0.014222832560589422,8.334524620599494,0.02570086191101713,0.4421075312446098,0.0003655390556232269,0.006288021390667641,0.11854054815089668
1987,5959,0.014391854024845998,8.334524620599494,0.02570086191101713,0.4421075312446098,0.0003698830529360831,0.006362747052957465,0.11994926170615289
1988,5959,0.019369740993140584,8.334524620599494,0.02570086191101713,0.4421075312446098,0.000497819038516874,0.008563508371324899,0.16143758320196547
1989,5959,0.007921108587355976,8.334524620599494,0.02570086191101713,0.4421075312446098,0.00020357931798580792,0.003501981762276429,0.06601867454376045
1990,5959,0.012144681843350573,8.334524620599494,0.02570086191101713,0.4421075312446098,0.00031212879100919006,0.005369255307514959,0.10122014983275299
1991,5959,0.01447681801448154,8.334524620599494,0.02570086191101713,0.4421075312446098,0.0003720667007011153,0.006400310272659927,0.12065739616963467
1992,5959,0.018318901163099883,8.334524620599494,0.02570086191101713,0.4421075312446098,0.0004708115491544012,0.0080989241683321,0.15267933276618467
1993,5959,0.010311961622190727,8.334524620599494,0.02570086191101713,0.4421075312446098,0.0002650263016836321,0.004558995895075904,0.08594529802682571
1994,5959,0.012298614928870116,8.334524620599494,0.02570086191101713,0.4421075312446098,0.0003160850039836646,0.005437310283930869,0.10250310892394048
1995,5959,0.011884425383140343,8.334524620599494,0.02570086191101713,0.4421075312446098,0.0003054399756638768,0.005254193966400953,0.09905103595746076
1996,5959,0.017974943552050128,8.334524620599494,0.02570086191101713,0.4421075312446098,0.0004619715420895681,0.007946857918058098,0.14981260958844791
1997,5959,0.01008913935894378,8.334524620599494,0.02570086191101713,0.4421075312446098,0.000259299577465222,0.004460484494365459,0.08408818038777632
1998,5959,0.012643721762330898,8.334524620599494,0.02570086191101713,0.4421075312446098,0.00032495454705498857,0.00558988461408786,0.10537941032415649
1999,5959,0.019220826416358226,8.334524620599494,0.02570086191101713,0.4421075312446098,0.000493991805542453,0.008497672115417316,0.16019645099540678
2000,5959,0.01740642255724251,8.334524620599494,0.02570086191101713,0.4421075312446098,0.00044736006250850347,0.0076955105045829735,0.1450742573598961
2001,5959,0.01413448517936134,8.334524620599494,0.02570086191101713,0.4421075312446098,0.00036326845177808405,0.0062489623480609675,0.11780421472688574
2002,5959,0.010496546339730151,8.334524620599494,0.02570086191101713,0.4421075312446098,0.0002697702880199969,0.004640602188852742,0.08748372389974444
2003,5959,0.011164312398265146,8.334524620599494,0.02570086191101713,0.4421075312446098,0.000286932451279269,0.004935826592440592,0.09304923655540503
2004,5959,0.012481217018547413,8.334524620599494,0.02570086191101713,0.4421075312446098,0.00032077803507512404,0.005518040042998206,0.10402501053612882
2005,5959,0.018944420112562463,8.334524620599494,0.02570086191101713,0.4421075312446098,0.0004868879252972635,0.008375470806825724,0.1578927358511321
2006,5959,0.013459831284661649,8.334524620599494,0.02570086191101713,0.4421075312446098,0.00034592926519267736,0.005950692780230726,0.11218129523112783
2007,5959,0.014564573292968844,8.334524620599494,0.02570086191101713,0.4421075312446098,0.00037432208699548033,0.006439107542185633,0.12138879469877467
2008,5959,0.017765607550402303,8.334524620599494,0.02570086191101713,0.4421075312446098,0.0004565914264182129,0.00785430889516896,0.14806789352873626
2009,5959,0.016086432659252872,8.334524620599494,0.02570086191101713,0.4421075312446098,0.0004134351844163342,0.00711193302951495,0.13407276905615884
2010,5959,0.014834575401888673,8.334524620599494,0.02570086191101713,0.4421075312446098,0.00038126137391251226,0.006558477507991016,0.12363913392318077
2011,5959,0.016085650711503408,8.334524620599494,0.02570086191101713,0.4421075312446098,0.0004134150876852036,0.007111587324525872,0.13406625189338892
2012,5959,0.0168477639528098,8.334524620599494,0.02570086191101713,0.4421075312446098,0.00043300205486057684,0.00744852332816867,0.14041810346674194
2013,5959,0.019714695167143883,8.334524620599494,0.02570086191101713,0.4421075312446098,0.0005066846581085618,0.008716015209586021,0.16431261225817453
2014,5959,0.018394678284487667,8.334524620599494,0.02570086191101713,0.4421075312446098,0.00047275908648720304,0.008132425804393677,0.1533108990500693
2015,5959,0.013198487203838856,8.334524620599494,0.02570086191101713,0.4421075312446098,0.00033921249706018905,0.005835150593852769,0.11000311655506231
2016,5959,0.028504066240932626,8.334524620599494,0.02570086191101713,0.4421075312446098,0.0007325790703606946,0.012601862356211548,0.23756784187225183
1979,5961,0.010839376743217626,15.103312350549837,0.021805183186632014,0.4174732505059878,0.00023635459551477904,0.004525149842450071,0.16371049263810145
1980,5961,0.016526423906303774,15.103312350549837,0.021805183186632014,0.4174732505059878,0.00036036170069688844,0.006899339907404501,0.24960374229449986
1981,5961,0.008948798751504705,15.103312350549837,0.021805183186632014,0.4174732505059878,0.00019513019607686396,0.003735884102914595,0.13515650270618598
1982,5961,0.014560438455601944,15.103312350549837,0.021805183186632014,0.4174732505059878,0.0003174930278020817,0.006078593570852529,0.21991084995591362
1983,5961,0.02359381999418677,15.103312350549837,0.021805183186632014,0.4174732505059878,0.0005144675670456636,0.009849788724826317,0.3563448329148507
1984,5961,0.0166111814635424,15.103312350549837,0.021805183186632014,0.4174732505059878,0.00036220985475892813,0.006934723920329859,0.2508838621555445
1985,5961,0.007621120080788236,15.103312350549837,0.021805183186632014,0.4174732505059878,0.00016617991944890725,0.0031816137726231215,0.11510415704119234
1986,5961,0.0105634543441036,15.103312350549837,0.021805183186632014,0.4174732505059878,0.0002303380570568027,0.004409959621604527,0.15954315045976922
1987,5961,0.010607658319911542,15.103312350549837,0.021805183186632014,0.4174732505059878,0.00023130193284687237,0.0044284135990703575,0.16021077691353272
1988,5961,0.015438258094292232,15.103312350549837,0.021805183186632014,0.4174732505059878,0.00033663404582854657,0.006445059788774555,0.23316883414649986
1989,5961,0.021949501287878148,15.103312350549837,0.021805183186632014,0.4174732505059878,0.00047861289643739833,0.009163329649635857,0.33151017388961956
1990,5961,0.011226556973385787,15.103312350549837,0.021805183186632014,0.4174732505059878,0.00024479713135983815,0.004686787231670029,0.16955819659028895
1991,5961,0.014797880567059604,15.103312350549837,0.021805183186632014,0.4174732505059878,0.0003226704965386367,0.006177719300929763,0.22349701233043273
1992,5961,0.014659699743539631,15.103312350549837,0.021805183186632014,0.4174732505059878,0.000319657438368904,0.006120032503377286,0.22141002419195438
1993,5961,0.009747366440971985,15.103312350549837,0.021805183186632014,0.4174732505059878,0.00021254311083262348,0.004069264751985557,0.14721751995326718
1994,5961,0.010732283342442663,15.103312350549837,0.021805183186632014,0.4174732505059878,0.0002340194042928016,0.004480441212320806,0.16209302755551455
1995,5961,0.01670527447938496,15.103312350549837,0.021805183186632014,0.4174732505059878,0.0003642615702059578,0.006974005237503563,0.2523049783638199
1996,5961,0.015236707025026738,15.103312350549837,0.021805183186632014,0.4174732505059878,0.0003322391878417509,0.006360917608745332,0.2301247453927958
1997,5961,0.01578655293317472,15.103312350549837,0.021805183186632014,0.4174732505059878,0.00034422867859333774,0.006590463567297287,0.2384292398882265
1998,5961,0.0090704478126677,15.103312350549837,0.021805183186632014,0.4174732505059878,0.00019778277614000486,0.0037866693318993117,0.13699380647408183
1999,5961,0.022611824717150886,15.103312350549837,0.021805183186632014,0.4174732505059878,0.0004930549801414887,0.009439831964540618,0.3415134515190131
2000,5961,0.016131035251288176,15.103312350549837,0.021805183186632014,0.4174732505059878,0.00035174017864435725,0.006734275720381949,0.24363206393793552
2001,5961,0.010656373792687149,15.103312350549837,0.021805183186632014,0.4174732505059878,0.00023236418265476784,0.004448751005839926,0.1609465419151674
2002,5961,0.01503958171362453,15.103312350549837,0.021805183186632014,0.4174732505059878,0.00032794083431590394,0.006278623064237247,0.22714750024248886
2003,5961,0.01270096903560408,15.103312350549837,0.021805183186632014,0.4174732505059878,0.00027694695646908793,0.005302314827869537,0.19182670249939016
2004,5961,0.013919852561047606,15.103312350549837,0.021805183186632014,0.4174732505059878,0.0003035249350245518,0.005811166095224644,0.2102358811031031
2005,5961,0.011486048929922641,15.103312350549837,0.021805183186632014,0.4174732505059878,0.0002504554010075818,0.0047951181822456284,0.17347738466232038
2006,5961,0.01701811271802164,15.103312350549837,0.021805183186632014,0.4174732505059878,0.0003710830653072139,0.007104606833869786,0.2570298719971455
2007,5961,0.015893323487237692,15.103312350549837,0.021805183186632014,0.4174732505059878,0.000346556830083619,0.006635037417560281,0.24004182891608083
2008,5961,0.011693866046319302,15.103312350549837,0.021805183186632014,0.4174732505059878,0.0002549868912999286,0.004881876269338523,0.1766161114830497
2009,5961,0.02299302277364696,15.103312350549837,0.021805183186632014,0.4174732505059878,0.0005013670735937737,0.0095989719562726,0.3472708048336958
2010,5961,0.01803992553407419,15.103312350549837,0.021805183186632014,0.4174732505059878,0.0003933638809436881,0.00753118635159592,0.27246263012178207
2011,5961,0.0204307874707874,15.103312350549837,0.021805183186632014,0.4174732505059878,0.00044549706344766546,0.008529307255826625,0.30857256473900224
2012,5961,0.019391532122300385,15.103312350549837,0.021805183186632014,0.4174732505059878,0.00042283591019621895,0.008095445947388018,0.29287636659882327
2013,5961,0.017441784422916055,15.103312350549837,0.021805183186632014,0.4174732505059878,0.0003803213044434293,0.00728147843765947,0.2634287180902558
2014,5961,0.019886217222771767,15.103312350549837,0.021805183186632014,0.4174732505059878,0.00043362260943169493,0.008301963744258688,0.3003477501864057
2015,5961,0.021441712499955717,15.103312350549837,0.021805183186632014,0.4174732505059878,0.0004675404688966319,0.008951341413771383,0.32384088121752
2016,5961,0.02848931615712575,15.103312350549837,0.021805183186632014,0.4174732505059878,0.0006212147576680022,0.011893527420808046,0.43028304057463634
1979,5962,0.0037425817884349155,15.980614711604874,0.03490294489816925,0.3150609764908622,0.0001306271259386356,0.0011791414728612218,0.05980875758764749
1980,5962,0.005343827393911166,15.980614711604874,0.03490294489816925,0.3150609764908622,0.00018651531307500881,0.001683631476924271,0.08539764666741391
1981,5962,0.0062065535730444245,15.980614711604874,0.03490294489816925,0.3150609764908622,0.00021662699736750503,0.0019554428293662262,0.09918454133775753
1982,5962,0.011647126118336956,15.980614711604874,0.03490294489816925,0.3150609764908622,0.0004065190011303427,0.0036695549281554663,0.18612823499461292
1983,5962,0.005486519076198769,15.980614711604874,0.03490294489816925,0.3150609764908622,0.0001914956729993201,0.0017285880576829273,0.08767794746460283
1984,5962,0.012685362340622631,15.980614711604874,0.03490294489816925,0.3150609764908622,0.000442756502788063,0.003996662646176975,0.20271988804259244
1985,5962,0.00511998114618128,15.980614711604874,0.03490294489816925,0.3150609764908622,0.00017870241982483067,0.0016131062595306778,0.08182044602780414
1986,5962,0.0042970603853526475,15.980614711604874,0.03490294489816925,0.3150609764908622,0.0001499800618540694,0.0013538360410494056,0.06866966641082102
1987,5962,0.014578577268417981,15.980614711604874,0.03490294489816925,0.3150609764908622,0.0005088352790932956,0.004593140790035255,0.23297462636994878
1988,5962,0.005801284516540981,15.980614711604874,0.03490294489816925,0.3150609764908622,0.00020248191381943233,0.001827758364682721,0.09270809269124038
1989,5962,0.003852253630588468,15.980614711604874,0.03490294489816925,0.3150609764908622,0.00013445499620220176,0.0012136947905436717,0.06156138104181536
1990,5962,0.004789372076079824,15.980614711604874,0.03490294489816925,0.3150609764908622,0.00016716318966824458,0.0015089442430677772,0.07653710985835081
1991,5962,0.004614954512283893,15.980614711604874,0.03490294489816925,0.3150609764908622,0.00016107550304980228,0.001453992075101074,0.07374980997239128
1992,5962,0.00940689045354263,15.980614711604874,0.03490294489816925,0.3150609764908622,0.0003283281791631128,0.00296374409203571,0.15032789197233878
1993,5962,0.010324482782558571,15.980614711604874,0.03490294489816925,0.3150609764908622,0.00036035485366173897,0.0032528416272359973,0.16499158144466672
1994,5962,0.012469179720448741,15.980614711604874,0.03490294489816925,0.3150609764908622,0.0004352110927081919,0.003928551938764636,0.1992651568822483
1995,5962,0.01194493765266859,15.980614711604874,0.03490294489816925,0.3150609764908622,0.000416913500703159,0.0037633837209722332,0.19088744638143867
1996,5962,0.0033599374637114216,15.980614711604874,0.03490294489816925,0.3150609764908622,0.0001172717121572143,0.0010585851782651512,0.053693866062659114
1997,5962,0.011009252615613491,15.980614711604874,0.03490294489816925,0.3150609764908622,0.0003842553374127834,0.003468585879509765,0.1759346243128474
1998,5962,0.0090988996502505,15.980614711604874,0.03490294489816925,0.3150609764908622,0.0003175783931266647,0.002866708208800287,0.14540600961020958
1999,5962,0.014148113713270391,15.980614711604874,0.03490294489816925,0.3150609764908622,0.0004938108333473093,0.0044575185220067275,0.22609555414774746
2000,5962,0.01331718540929021,15.980614711604874,0.03490294489816925,0.3150609764908622,0.00046480898853915975,0.004195725439160835,0.2128168090688729
2001,5962,0.00916377414081888,15.980614711604874,0.03490294489816925,0.3150609764908622,0.00031984270389626965,0.002887147629148108,0.14644274384859451
2002,5962,0.013008263704674445,15.980614711604874,0.03490294489816925,0.3150609764908622,0.00045402671130510716,0.004098396265245371,0.20788005033135615
2003,5962,0.01176452663905644,15.980614711604874,0.03490294489816925,0.3150609764908622,0.0004106166250360313,0.003706543250853883,0.18800436748317279
2004,5962,0.01030860202975752,15.980614711604874,0.03490294489816925,0.3150609764908622,0.00035980056862178244,0.003247838221751088,0.16473779725282287
2005,5962,0.010026403232190008,15.980614711604874,0.03490294489816925,0.3150609764908622,0.000349950999539954,0.003158928393024921,0.16022808699681831
2006,5962,0.011439857845913016,15.980614711604874,0.03490294489816925,0.3150609764908622,0.0003992847280387912,0.003604252783850006,0.182815960591066
2007,5962,0.007674627062451973,15.980614711604874,0.03490294489816925,0.3150609764908622,0.0002678670854747598,0.0024179754964993158,0.1226452581403009
2008,5962,0.00949625406407229,15.980614711604874,0.03490294489816925,0.3150609764908622,0.000331447232337331,0.0029918990784319342,0.15175597740145122
2009,5962,0.017938617888611008,15.980614711604874,0.03490294489816925,0.3150609764908622,0.0006261105917155032,0.005651758468882232,0.28667014093659543
2010,5962,0.013400917276549469,15.980614711604874,0.03490294489816925,0.3150609764908622,0.0004677314772883305,0.004222106083022941,0.21415489577862637
2011,5962,0.020730488754596262,15.980614711604874,0.03490294489816925,0.3150609764908622,0.0007235551067137907,0.006531368030155936,0.3312859535704604
2012,5962,0.012126099870854523,15.980614711604874,0.03490294489816925,0.3150609764908622,0.00042323659562213274,0.003820460866337144,0.19378252999056775
2013,5962,0.009455836700496559,15.980614711604874,0.03490294489816925,0.3150609764908622,0.00033003654732351797,0.0029791651443965782,0.1511100830864886
2014,5962,0.01633259749582086,15.980614711604874,0.03490294489816925,0.3150609764908622,0.0005700557504406126,0.005145764115665531,0.26100494782043576
2015,5962,0.018432408539881196,15.980614711604874,0.03490294489816925,0.3150609764908622,0.0006433453396080177,0.005807332633653477,0.29456121908273675
2016,5962,0.019059299842692855,15.980614711604874,0.03490294489816925,0.3150609764908622,0.0006652256922071946,0.006004841619670947,0.3045793274590259
1979,5965,0.029554085762844663,6.875090407922378,0.0186960356814934,0.9324199085363228,0.0005525442419560599,0.02755681794386626,0.20318701154304866
1980,5965,0.02707464535500431,6.875090407922378,0.0186960356814934,0.9324199085363228,0.00050618853562094,0.025244938345566497,0.18614063457809027
1981,5965,0.03316911421295402,6.875090407922378,0.0186960356814934,0.9324199085363228,0.0006201309428489183,0.030927542440673434,0.228040658964762
1982,5965,0.03970942149709628,6.875090407922378,0.0186960356814934,0.9324199085363228,0.0007424087612011731,0.03702585516035281,0.2730058628388333
1983,5965,0.02856361934939932,6.875090407922378,0.0186960356814934,0.9324199085363228,0.000534026446548965,0.026633287341233255,0.1963774654046013
1984,5965,0.03823706211617457,6.875090407922378,0.0186960356814934,0.9324199085363228,0.0007148814776794793,0.03565299796106119,0.26288325898204395
1985,5965,0.031465522299449475,6.875090407922378,0.0186960356814934,0.9324199085363228,0.0005882805276473336,0.029339079424500307,0.21632831054121276
1986,5965,0.047537085004685925,6.875090407922378,0.0186960356814934,0.9324199085363228,0.0008887550374417929,0.04432452445215265,0.3268217571363069
1987,5965,0.04097031328395732,6.875090407922378,0.0186960356814934,0.9324199085363228,0.0007659824390388291,0.038201535764931974,0.2816746078681097
1988,5965,0.030726573481985944,6.875090407922378,0.0186960356814934,0.9324199085363228,0.0005744651141892381,0.028650068835707938,0.21124797061432365
1989,5965,0.03404841754492437,6.875090407922378,0.0186960356814934,0.9324199085363228,0.0006365704293182919,0.031747422373044905,0.2340859488680455
1990,5965,0.03169835597541292,6.875090407922378,0.0186960356814934,0.9324199085363228,0.0005926335943609995,0.029556178179346318,0.21792906311347038
1991,5965,0.022016104885704064,6.875090407922378,0.0186960356814934,0.9324199085363228,0.00041161388251062433,0.020528254503854274,0.151362711519517
1992,5965,0.03391836826053708,6.875090407922378,0.0186960356814934,0.9324199085363228,0.0006341390232570345,0.0316261618311913,0.23319184828039732
1993,5965,0.018576412304331318,6.875090407922378,0.0186960356814934,0.9324199085363228,0.0003473052672759113,0.017321016661737628,0.12771451404711948
1994,5965,0.02887026883567057,6.875090407922378,0.0186960356814934,0.9324199085363228,0.0005397595762860038,0.026919213427175005,0.1984857083462591
1995,5965,0.024216074269799444,6.875090407922378,0.0186960356814934,0.9324199085363228,0.0004527445886138646,0.0225795497557552,0.16648769992983406
1996,5965,0.03622103345106688,6.875090407922378,0.0186960356814934,0.9324199085363228,0.0006771897338217124,0.03377321269753487,0.24902287964446548
1997,5965,0.028968381006332818,6.875090407922378,0.0186960356814934,0.9324199085363228,0.000541593884929494,0.027010695168370197,0.19916023838967956
1998,5965,0.023056265802032492,6.875090407922378,0.0186960356814934,0.9324199085363228,0.0004310607681167955,0.021498121250320284,0.15851391185806232
1999,5965,0.029178428218578786,6.875090407922378,0.0186960356814934,0.9324199085363228,0.0005455209351044428,0.027206547370800895,0.20060433196380265
2000,5965,0.033798551231995946,6.875090407922378,0.0186960356814934,0.9324199085363228,0.0006318989198161789,0.03151444204839788,0.2323680953767684
2001,5965,0.022401209978690453,6.875090407922378,0.0186960356814934,0.9324199085363228,0.0004188138210702227,0.020887334159433515,0.15401034385034978
2002,5965,0.02477640756954988,6.875090407922378,0.0186960356814934,0.9324199085363228,0.00046322059997952773,0.023102015679858357,0.17034004202418776
2003,5965,0.02695494573319869,6.875090407922378,0.0186960356814934,0.9324199085363228,0.000503950627220601,0.025133328035150667,0.18531768885638253
2004,5965,0.024494668735604824,6.875090407922378,0.0186960356814934,0.9324199085363228,0.0004579532006872286,0.022839316782080177,0.16840306206939287
2005,5965,0.024384627348158043,6.875090407922378,0.0186960356814934,0.9324199085363228,0.00045589586298108253,0.02273671200166184,0.16764651758208304
2006,5965,0.01716776475287941,6.875090407922378,0.0186960356814934,0.9324199085363228,0.0003209691423913182,0.016007565640652928,0.11802993477798912
2007,5965,0.01845355556234575,6.875090407922378,0.0186960356814934,0.9324199085363228,0.00034500833324403713,0.017206462589612375,0.1268698628387459
2008,5965,0.025376697436336325,6.875090407922378,0.0186960356814934,0.9324199085363228,0.000474443640748206,0.023661737902542654,0.17446708912930425
2009,5965,0.033637239683404145,6.875090407922378,0.0186960356814934,0.9324199085363228,0.0006288830333478696,0.03136403194901406,0.2312590638963578
2010,5965,0.02189809706998876,6.875090407922378,0.0186960356814934,0.9324199085363228,0.0004094076041773159,0.020418221667118437,0.15055139711763285
2011,5965,0.02681214627464759,6.875090407922378,0.0186960356814934,0.9324199085363228,0.0005012808434482317,0.025000178977069416,0.18433592966864137
2012,5965,0.02815483260034068,6.875090407922378,0.0186960356814934,0.9324199085363228,0.000526383754902443,0.026252126438065137,0.19356701954726246
2013,5965,0.02849031496633281,6.875090407922378,0.0186960356814934,0.9324199085363228,0.0005326559451875436,0.02656493687507907,0.19587349114372207
2014,5965,0.02519770830980838,6.875090407922378,0.0186960356814934,0.9324199085363228,0.0004710972536520402,0.023494844877556473,0.1732365227023896
2015,5965,0.0,6.875090407922378,0.0186960356814934,0.9324199085363228,0.0,0.0,0.0
2016,5965,0.0,6.875090407922378,0.0186960356814934,0.9324199085363228,0.0,0.0,0.0
1979,5968,0.0061486850044301464,3.584479728841781,0.031782320723818584,0.4053103247313763,0.0001954194788405328,0.0024921255158165266,0.022039836757413295
1980,5968,0.010579431106026795,3.584479728841781,0.031782320723818584,0.4053103247313763,0.0003362388724872864,0.004287952657056944,0.03792175634223123
1981,5968,0.004383611313098562,3.584479728841781,0.031782320723818584,0.4053103247313763,0.000139321340681458,0.0017767229248081128,0.015712965890923296
1982,5968,0.0052802564335478214,3.584479728841781,0.031782320723818584,0.4053103247313763,0.00016781880347502333,0.0021401424497462062,0.018926972149138566
1983,5968,0.004975705981037967,3.584479728841781,0.031782320723818584,0.4053103247313763,0.00015813948331677108,0.0020167050069423496,0.0178353172257074
1984,5968,0.009541925009459658,3.584479728841781,0.031782320723818584,0.4053103247313763,0.0003032645209732725,0.003867440724146535,0.034202836770536565
1985,5968,0.014699250358046268,3.584479728841781,0.031782320723818584,0.4053103247313763,0.00046717628927913166,0.005957757935927533,0.052689164937587143
1986,5968,0.0139177947081586,3.584479728841781,0.031782320723818584,0.4053103247313763,0.0004423398151829617,0.0056410258927083925,0.049888053001575915
1987,5968,0.00596246503576187,3.584479728841781,0.031782320723818584,0.4053103247313763,0.0001895009760711382,0.002416648639844121,0.02137233505461631
1988,5968,0.009287965128313074,3.584479728841781,0.031782320723818584,0.4053103247313763,0.00029519308657968897,0.003764508162250271,0.033292522724627564
1989,5968,0.004199267479417373,3.584479728841781,0.031782320723818584,0.4053103247313763,0.0001334624658359442,0.0017020064657165632,0.015052189155956094
1990,5968,0.009352785052607508,3.584479728841781,0.031782320723818584,0.4053103247313763,0.00029725321420290827,0.003790780346815111,0.03352486842928602
1991,5968,0.00471776069874629,3.584479728841781,0.031782320723818584,0.4053103247313763,0.00014994138362578105,0.0019121571208137833,0.016910717590182513
1992,5968,0.006533240751113094,3.584479728841781,0.031782320723818584,0.4053103247313763,0.00020764155291779778,0.0026479899303819086,0.023418269036007935
1993,5968,0.012574693378171029,3.584479728841781,0.031782320723818584,0.4053103247313763,0.00039965293794870944,0.005096653056503987,0.04507373351045503
1994,5968,0.010925304480626256,3.584479728841781,0.031782320723818584,0.4053103247313763,0.0003472315310086359,0.004428138706831788,0.0391615324422291
1995,5968,0.0138090369715089,3.584479728841781,0.031782320723818584,0.4053103247313763,0.00043888324191556434,0.005596945259149853,0.04949821309920035
1996,5968,0.0033387672816245447,3.584479728841781,0.031782320723818584,0.4053103247313763,0.0001061137725667832,0.0013532368511177386,0.011967743640303358
1997,5968,0.007759131678791017,3.584479728841781,0.031782320723818584,0.4053103247313763,0.00024660321155367705,0.003144856180364296,0.0278124502160405
1998,5968,0.011867323529371074,3.584479728841781,0.031782320723818584,0.4053103247313763,0.0003771710825437902,0.004809948753381693,0.042538180626637716
1999,5968,0.010698671005895328,3.584479728841781,0.031782320723818584,0.4053103247313763,0.0003400285932279841,0.004336281819593595,0.03834916934617911
2000,5968,0.012154500869684916,3.584479728841781,0.031782320723818584,0.4053103247313763,0.00038629824487825795,0.004926344694439789,0.04356756198157538
2001,5968,0.00839824759337294,3.584479728841781,0.031782320723818584,0.4053103247313763,0.00026691579853061636,0.0034038964592444858,0.030103348256239577
2002,5968,0.012735045607396677,3.584479728841781,0.031782320723818584,0.4053103247313763,0.00040474930392673825,0.005161645470602834,0.045648512825588954
2003,5968,0.015904876158748464,3.584479728841781,0.031782320723818584,0.4053103247313763,0.0005054938751499594,0.006446410520714665,0.0570107061807728
2004,5968,0.018291072954030443,3.584479728841781,0.031782320723818584,0.4053103247313763,0.0005813327470077594,0.007413560718683373,0.06556398022248829
2005,5968,0.021489696981916502,3.584479728841781,0.031782320723818584,0.4053103247313763,0.0006829924417369465,0.008709996062119455,0.0770293832106321
2006,5968,0.01472684855176354,3.584479728841781,0.031782320723818584,0.4053103247313763,0.00046805342392325204,0.005968943768785079,0.05278809010351935
2007,5968,0.01870099104546465,3.584479728841781,0.031782320723818584,0.4053103247313763,0.0005943608952602169,0.007579704753435838,0.0670333233117197
2008,5968,0.011072668531913864,3.584479728841781,0.031782320723818584,0.4053103247313763,0.00035191510254981993,0.0044878668783129,0.039689755896829534
2009,5968,0.020246256732995124,3.584479728841781,0.031782320723818584,0.4053103247313763,0.0006434730249448224,0.008206016891045068,0.07257229684434745
2010,5968,0.017093311482316603,3.584479728841781,0.031782320723818584,0.4053103247313763,0.0005432651077631171,0.006928095627632306,0.06127062850714232
2011,5968,0.02689961099057403,3.584479728841781,0.031782320723818584,0.4053103247313763,0.0008549320638483791,0.010902690065737259,0.0964211103094422
2012,5968,0.02146069671236886,3.584479728841781,0.031782320723818584,0.4053103247313763,0.0006820707458691062,0.008698241953451803,0.07692543233230763
2013,5968,0.022228404529797997,3.584479728841781,0.031782320723818584,0.4053103247313763,0.0007064702819448218,0.009009401858232822,0.07967726544155575
2014,5968,0.019591408260611884,3.584479728841781,0.031782320723818584,0.4053103247313763,0.0006226604207700357,0.00794060004405357,0.07022500576962672
2015,5968,0.012996178234350848,3.584479728841781,0.031782320723818584,0.4053103247313763,0.00041304870482804896,0.005267485220431587,0.046584537433445386
2016,5968,0.02158263327728913,3.584479728841781,0.031782320723818584,0.4053103247313763,0.0006859461728833629,0.008747664102176264,0.07736251147746893
1979,5970,0.014997810065485168,6.72925923537042,0.03224267745582935,0.6345625418094445,0.00048356955248522916,0.00951704847672954,0.10092415189349752
1980,5970,0.029485403831217238,6.72925923537042,0.03224267745582935,0.6345625418094445,0.0009506883653848123,0.018710332801415142,0.19841492603984495
1981,5970,0.01390781073438158,6.72925923537042,0.03224267745582935,0.6345625418094445,0.0004484250556253864,0.008825375730613852,0.0935892638281211
1982,5970,0.020974688829687237,6.72925923537042,0.03224267745582935,0.6345625418094445,0.0006762801266719924,0.013309751857428496,0.14114411851619363
1983,5970,0.020686658542854067,6.72925923537042,0.03224267745582935,0.6345625418094445,0.0006669932590361205,0.013126978626497535,0.13920588804845513
1984,5970,0.021965510155850198,6.72925923537042,0.03224267745582935,0.6345625418094445,0.0007082268591078218,0.013938489956637469,0.1478116120758777
1985,5970,0.01979517824851348,6.72925923537042,0.03224267745582935,0.6345625418094445,0.0006382495474474691,0.012561278624947742,0.133206886044613
1986,5970,0.026999817832165682,6.72925923537042,0.03224267745582935,0.6345625418094445,0.0008705464177286678,0.01713307303197102,0.18168877350041987
1987,5970,0.030727406671172613,6.72925923537042,0.03224267745582935,0.6345625418094445,0.0009907338623527176,0.019498461280471776,0.20677268512097097
1988,5970,0.024659782899016856,6.72925923537042,0.03224267745582935,0.6345625418094445,0.0007950974261437769,0.015648174516869208,0.1659420718154387
1989,5970,0.031742851326592415,6.72925923537042,0.03224267745582935,0.6345625418094445,0.001023474516851664,0.02014282442208178,0.2136058754464622
1990,5970,0.02787883982221711,6.72925923537042,0.03224267745582935,0.6345625418094445,0.0008988884402304771,0.017690867460284452,0.1876039403450671
1991,5970,0.02499127708475465,6.72925923537042,0.03224267745582935,0.6345625418094445,0.0008057856862530035,0.015858528309966036,0.16817278212628636
1992,5970,0.02057901308766797,6.72925923537042,0.03224267745582935,0.6345625418094445,0.0006635224813449692,0.013058670852840413,0.13848151387499844
1993,5970,0.0268360561734561,6.72925923537042,0.03224267745582935,0.6345625418094445,0.0008652663033872631,0.01702915601756934,0.18058677884614885
1994,5970,0.020996735452088248,6.72925923537042,0.03224267745582935,0.6345625418094445,0.0006769909688070586,0.013323741818177593,0.14129247595359434
1995,5970,0.024113671848028654,6.72925923537042,0.03224267745582935,0.6345625418094445,0.0007774893436717004,0.015301632900243908,0.16226714898203853
1996,5970,0.02226763198863284,6.72925923537042,0.03224267745582935,0.6345625418094445,0.0007179680759145965,0.014130205154784149,0.1498446682093373
1997,5970,0.0209919314409612,6.72925923537042,0.03224267745582935,0.6345625418094445,0.000676836074625795,0.013320693372665934,0.14126014851735083
1998,5970,0.026075442518705583,6.72925923537042,0.03224267745582935,0.6345625418094445,0.0008407420826486426,0.016546499083475878,0.17546841238537006
1999,5970,0.017858152004739752,6.72925923537042,0.03224267745582935,0.6345625418094445,0.0005757946350459962,0.011332114328147085,0.12017213430454375
2000,5970,0.02044764611082197,6.72925923537042,0.03224267745582935,0.6345625418094445,0.0006592868582821763,0.012975310290103192,0.13759751143283477
2001,5970,0.029102613736481063,6.72925923537042,0.03224267745582935,0.6345625418094445,0.0009383461878269475,0.01846742854591988,0.19583903225963323
2002,5970,0.0195917940865748,6.72925923537042,0.03224267745582935,0.6345625418094445,0.0006316918975144561,0.012432218654184148,0.13183826129455906
2003,5970,0.02678700744677604,6.72925923537042,0.03224267745582935,0.6345625418094445,0.0008636848411132988,0.01699803153289472,0.18025671724915387
2004,5970,0.015254042752258662,6.72925923537042,0.03224267745582935,0.6345625418094445,0.0004918311803585075,0.009679644141743191,0.10264840806737183
2005,5970,0.023446490438718163,6.72925923537042,0.03224267745582935,0.6345625418094445,0.0007559776286867765,0.014878264569303835,0.15777751232176845
2006,5970,0.019570196456333646,6.72925923537042,0.03224267745582935,0.6345625418094445,0.0006309955320887803,0.012418513607041262,0.13169292524179665
2007,5970,0.018125910130234974,6.72925923537042,0.03224267745582935,0.6345625418094445,0.000584427873922516,0.011502023604851464,0.12197394814337795
2008,5970,0.025038827137970805,6.72925923537042,0.03224267745582935,0.6345625418094445,0.0008073188272818595,0.01588870179259805,0.16849275876103353
2009,5970,0.022893873874782308,6.72925923537042,0.03224267745582935,0.6345625418094445,0.0007381597910590441,0.014527594797846696,0.15405881220528442
2010,5970,0.023958094495237645,6.72925923537042,0.03224267745582935,0.6345625418094445,0.0007724731132662281,0.01520290933980886,0.16122022864395513
2011,5970,0.0153347918671633,6.72925923537042,0.03224267745582935,0.6345625418094445,0.0004944347480252214,0.00973088450534594,0.10319178979459184
2012,5970,0.020899012285193225,6.72925923537042,0.03224267745582935,0.6345625418094445,0.0006738401122569003,0.01326173035699902,0.14063487143025638
2013,5970,0.01990063248621044,6.72925923537042,0.03224267745582935,0.6345625418094445,0.0006416496744198826,0.012628195934065303,0.13391651494754422
2014,5970,0.025684534239365026,6.72925923537042,0.03224267745582935,0.6345625418094445,0.0008281381530830518,0.01629844333212318,0.17283788923643487
2015,5970,0.030727678477192592,6.72925923537042,0.03224267745582935,0.6345625418094445,0.0009907426261065503,0.019498633758390692,0.20677451417414114
2016,5970,0.02654812705255053,6.72925923537042,0.03224267745582935,0.6345625418094445,0.0008559826976117643,0.01684644698274654,0.17864922915016296
1979,5978,0.032433635080164495,5.810167294059942,0.02419357921877672,0.8123933225063087,0.0007846857196648553,0.026348868563732003,0.18844484577024695
1980,5978,0.033234765664341887,5.810167294059942,0.02419357921877672,0.8123933225063087,0.0008040679359177359,0.026999701700773295,0.19309954848870556
1981,5978,0.024243945693186813,5.810167294059942,0.02419357921877672,0.8123933225063087,0.0005865478207038358,0.019695619592350548,0.1408613803455194
1982,5978,0.021327861991721854,5.810167294059942,0.02419357921877672,0.8123933225063087,0.0005159973186638596,0.017326612665410936,0.12391844619652644
1983,5978,0.03266284562097898,5.810167294059942,0.02419357921877672,0.8123933225063087,0.0007902311430418292,0.02653507767653775,0.18977659735794106
1984,5978,0.022390443768616916,5.810167294059942,0.02419357921877672,0.8123933225063087,0.0005417049750595989,0.01818984700557737,0.13009222408390622
1985,5978,0.031499200922207544,5.810167294059942,0.02419357921877672,0.8123933225063087,0.0007620784128395929,0.02558974049348597,0.18301562698723303
1986,5978,0.01728460602410314,5.810167294059942,0.02419357921877672,0.8123933225063087,0.0004181764851094846,0.01404189851613371,0.10042645261195551
1987,5978,0.042821647995393834,5.810167294059942,0.02419357921877672,0.8123933225063087,0.001036008933055132,0.03478802089017361,0.24880093866058473
1988,5978,0.03642385428351741,5.810167294059942,0.02419357921877672,0.8123933225063087,0.0008812234040614582,0.029590495999872353,0.21162868688169795
1989,5978,0.030479419998675407,5.810167294059942,0.02419357921877672,0.8123933225063087,0.0007374062622803209,0.024761277280789144,0.17709052921822035
1990,5978,0.03427278688765944,5.810167294059942,0.02419357921877672,0.8123933225063087,0.0008291813846148406,0.027842983211216303,0.1991306254509653
1991,5978,0.035338111563028615,5.810167294059942,0.02419357921877672,0.8123933225063087,0.0008549554015421024,0.028708445863787423,0.2053203400373503
1992,5978,0.02993455349623206,5.810167294059942,0.02419357921877672,0.8123933225063087,0.0007242239913898,0.024318631372546803,0.1739247636860952
1993,5978,0.026023224925618704,5.810167294059942,0.02419357921877672,0.8123933225063087,0.000629594953766001,0.021141094159652367,0.15119929034879526
1994,5978,0.03291792146293851,5.810167294059942,0.02419357921877672,0.8123933225063087,0.0007964023406310732,0.026742299587278345,0.19125863067239912
1995,5978,0.0414901614672874,5.810167294059942,0.02419357921877672,0.8123933225063087,0.001003795508258655,0.033706330125732833,0.2410647791824993
1996,5978,0.02075212008608469,5.810167294059942,0.02419357921877672,0.8123933225063087,0.0005020680612602575,0.016858883785784245,0.12057328940657365
1997,5978,0.024331064947812484,5.810167294059942,0.02419357921877672,0.8123933225063087,0.0005886555472921028,0.01976639469307017,0.14136755778942836
1998,5978,0.02736394009940782,5.810167294059942,0.02419357921877672,0.8123933225063087,0.000662031652532884,0.02223028221422153,0.15898906980219465
1999,5978,0.02024392591068641,5.810167294059942,0.02419357921877672,0.8123933225063087,0.0004897730252192384,0.016446030231154086,0.1176205962296428
2000,5978,0.032933767732795945,5.810167294059942,0.02419357921877672,0.8123933225063087,0.0007967857186161912,0.02675517299109716,0.19135070015125763
2001,5978,0.023844844027395225,5.810167294059942,0.02419357921877672,0.8123933225063087,0.0005768921229361613,0.019371392064060317,0.13854253289993226
2002,5978,0.02257429844223173,5.810167294059942,0.02419357921877672,0.8123933225063087,0.0005461530776704412,0.018339209314733623,0.1311604504954031
2003,5978,0.02460542969492499,5.810167294059942,0.02419357921877672,0.8123933225063087,0.0005952934125362089,0.019989286781555503,0.14296166286974446
2004,5978,0.020525744729240958,5.810167294059942,0.02419357921877672,0.8123933225063087,0.0004965912311312798,0.016674977957504417,0.11925801071205905
2005,5978,0.019359960231033226,5.810167294059942,0.02419357921877672,0.8123933225063087,0.0004683867315218692,0.015727902415679087,0.1124846077486504
2006,5978,0.020177961258537876,5.810167294059942,0.02419357921877672,0.8123933225063087,0.00048817710418184367,0.016392440988227164,0.11723733056516535
2007,5978,0.02274332222296081,5.810167294059942,0.02419357921877672,0.8123933225063087,0.0005502423678993674,0.018476523105542698,0.13214250693811355
2008,5978,0.020638163749492087,5.810167294059942,0.02419357921877672,0.8123933225063087,0.0004993110496034228,0.016766306418879134,0.11991118402675242
2009,5978,0.035209404146774884,5.810167294059942,0.02419357921877672,0.8123933225063087,0.0008518415084709237,0.02860388481826585,0.2045725284169299
2010,5978,0.02330488466445346,5.810167294059942,0.02419357921877672,0.8123933225063087,0.0005638285733139094,0.018932732683181665,0.1354052786692466
2011,5978,0.03142249044777561,5.810167294059942,0.02419357921877672,0.8123933225063087,0.0007602225118995141,0.025527421416291177,0.1825699262975768
2012,5978,0.028915642319454333,5.810167294059942,0.02419357921877672,0.8123933225063087,0.000699572883117531,0.023490874736305532,0.16800471929122912
2013,5978,0.02547203548799322,5.810167294059942,0.02419357921877672,0.8123933225063087,0.0006162597084422559,0.020693311541089415,0.14799678750547238
2014,5978,0.025322207495731625,5.810167294059942,0.02419357921877672,0.8123933225063087,0.0006126348330422847,0.02057159228065157,0.14712626180509938
2015,5978,0.03674004939216501,5.810167294059942,0.02419357921877672,0.8123933225063087,0.0008888732954711137,0.029847370794746822,0.21346583336050398
2016,5978,0.026992047920081686,5.810167294059942,0.02419357921877672,0.8123933225063087,0.0006530342496315136,0.02192815949104466,0.15682831402495728
1979,5985,0.013981704367884136,17.74984479215564,0.04817876340381544,0.36254815777778027,0.0006736212267223826,0.0050690411611699375,0.24817308245974798
1980,5985,0.019411947726866486,17.74984479215564,0.04817876340381544,0.36254815777778027,0.0009352436367399333,0.007037765887254014,0.3445590592653186
1981,5985,0.008927243166388703,17.74984479215564,0.04817876340381544,0.36254815777778027,0.0004301035363617695,0.003236555564008502,0.15845718062523154
1982,5985,0.019533283125489773,17.74984479215564,0.04817876340381544,0.36254815777778027,0.0009410894262027123,0.0070817558124981195,0.3467127437586763
1983,5985,0.016790343826283534,17.74984479215564,0.04817876340381544,0.36254815777778027,0.0008089380026752276,0.006087308222674621,0.2980259969234614
1984,5985,0.004142854971905447,17.74984479215564,0.04817876340381544,0.36254815777778027,0.000199597629507753,0.0015019844380048375,0.073535032747732
1985,5985,0.01599641548285103,17.74984479215564,0.04817876340381544,0.36254815777778027,0.0007706875168574099,0.0057994709643556025,0.28393389205144115
1986,5985,0.00894192607280889,17.74984479215564,0.04817876340381544,0.36254815777778027,0.00043081094063626804,0.0032418788246819648,0.1587177999352876
1987,5985,0.010010081385195864,17.74984479215564,0.04817876340381544,0.36254815777778027,0.0004822733427102886,0.0036291365654084113,0.1776773909440729
1988,5985,0.015510502621259912,17.74984479215564,0.04817876340381544,0.36254815777778027,0.0007472768360639405,0.005623304151545213,0.27530901417568665
1989,5985,0.0056491263438188605,17.74984479215564,0.04817876340381544,0.36254815777778027,0.00027216792155710984,0.002048080349005455,0.10027111581406242
1990,5985,0.011067566124804454,17.74984479215564,0.04817876340381544,0.36254815777778027,0.0005332216497830363,0.004012525709631621,0.1964475809421985
1991,5985,0.014218280992592971,17.74984479215564,0.04817876340381544,0.36254815777778027,0.0006850191959511029,0.005154811580631411,0.25237228082978186
1992,5985,0.012650519984613364,17.74984479215564,0.04817876340381544,0.36254815777778027,0.0006094864092739262,0.004586422715352569,0.22454476626695033
1993,5985,0.009122572150664305,17.74984479215564,0.04817876340381544,0.36254815777778027,0.0004395142452810913,0.0033073717274182267,0.16192423977953288
1994,5985,0.009107899315963366,17.74984479215564,0.04817876340381544,0.36254815777778027,0.00043880732624957145,0.0033020521182280235,0.16166379924093024
1995,5985,0.013047068618945423,17.74984479215564,0.04817876340381544,0.36254815777778027,0.0006285916321055165,0.0047301906921989505,0.23158344297888567
1996,5985,0.012558319770646831,17.74984479215564,0.04817876340381544,0.36254815777778027,0.0006050443169794515,0.004552995697632285,0.22290822677924085
1997,5985,0.01563401171661159,17.74984479215564,0.04817876340381544,0.36254815777778027,0.0007532273515471082,0.005668082146533764,0.2775012814485984
1998,5985,0.01055360134968312,17.74984479215564,0.04817876340381544,0.36254815777778027,0.0005084594624845703,0.003826188727248711,0.18732478595515964
1999,5985,0.01966777329969801,17.74984479215564,0.04817876340381544,0.36254815777778027,0.0009475689964860289,0.0071305149773965276,0.3490999234769424
2000,5985,0.008001710078641215,17.74984479215564,0.04817876340381544,0.36254815777778027,0.00038551249670478057,0.00290100524808327,0.14202911196770907
2001,5985,0.01047694375209365,17.74984479215564,0.04817876340381544,0.36254815777778027,0.0005047661942272024,0.003798396656462978,0.18596412549580704
2002,5985,0.010964065216703688,17.74984479215564,0.04817876340381544,0.36254815777778027,0.0005282351040195695,0.003975001646071361,0.19461045588756273
2003,5985,0.01821424487083616,17.74984479215564,0.04817876340381544,0.36254815777778027,0.0008775397942111744,0.006603540923235033,0.32330001946365877
2004,5985,0.013277433912324723,17.74984479215564,0.04817876340381544,0.36254815777778027,0.0006396903470716884,0.004813709204929554,0.23567239118186764
2005,5985,0.010377671972353123,17.74984479215564,0.04817876340381544,0.36254815777778027,0.0004999834026384078,0.003762405855598728,0.1842020668131716
2006,5985,0.0107779996681721,17.74984479215564,0.04817876340381544,0.36254815777778027,0.0005192706959792648,0.003907543924225322,0.19130782127995974
2007,5985,0.0,17.74984479215564,0.04817876340381544,0.36254815777778027,0.0,0.0,0.0
2008,5985,0.0,17.74984479215564,0.04817876340381544,0.36254815777778027,0.0,0.0,0.0
2009,5985,0.0,17.74984479215564,0.04817876340381544,0.36254815777778027,0.0,0.0,0.0
2010,5985,0.0,17.74984479215564,0.04817876340381544,0.36254815777778027,0.0,0.0,0.0
2011,5985,0.0,17.74984479215564,0.04817876340381544,0.36254815777778027,0.0,0.0,0.0
2012,5985,0.0,17.74984479215564,0.04817876340381544,0.36254815777778027,0.0,0.0,0.0
2013,5985,0.0,17.74984479215564,0.04817876340381544,0.36254815777778027,0.0,0.0,0.0
2014,5985,0.0,17.74984479215564,0.04817876340381544,0.36254815777778027,0.0,0.0,0.0
2015,5985,0.0,17.74984479215564,0.04817876340381544,0.36254815777778027,0.0,0.0,0.0
2016,5985,0.0,17.74984479215564,0.04817876340381544,0.36254815777778027,0.0,0.0,0.0
1979,5987,0.024661745049335788,8.218964024066082,0.02320421205909902,0.8096286697441837,0.000572256361872223,0.01996685583786394,0.20269399533118065
1980,5987,0.023483425354574976,8.218964024066082,0.02320421205909902,0.8096286697441837,0.0005449143818015803,0.019012854430861374,0.193009428151093
1981,5987,0.027364032386272986,8.218964024066082,0.02320421205909902,0.8096286697441837,0.0006349608102831318,0.022154705139734956,0.22490399773615682
1982,5987,0.03311069757171843,8.218964024066082,0.02320421205909902,0.8096286697441837,0.0007683076478788494,0.026807370029292368,0.27213563215368597
1983,5987,0.029779074390762137,8.218964024066082,0.02320421205909902,0.8096286697441837,0.0006909999570869295,0.024109992385205836,0.24475314108766158
1984,5987,0.017622458239504143,8.218964024066082,0.02320421205909902,0.8096286697441837,0.0004089152579920709,0.014267647422072169,0.14483835028609146
1985,5987,0.05107068326091905,8.218964024066082,0.02320421205909902,0.8096286697441837,0.0011850549643894442,0.04134828935146444,0.41974810840596755
1986,5987,0.03626888227963675,8.218964024066082,0.02320421205909902,0.8096286697441837,0.0008415908355631897,0.029364326913170695,0.29809263864942226
1987,5987,0.029983219511506863,8.218964024066082,0.02320421205909902,0.8096286697441837,0.0006957369837595205,0.024275274127749154,0.24643100249075112
1988,5987,0.039308292591833854,8.218964024066082,0.02320421205909902,0.8096286697441837,0.0009121179569820237,0.03182512064104159,0.32307344265974575
1989,5987,0.04105917281087796,8.218964024066082,0.02320421205909902,0.8096286697441837,0.0009527457528748049,0.033242683463667676,0.3374638641905182
1990,5987,0.01884975774226073,8.218964024066082,0.02320421205909902,0.8096286697441837,0.0004373937759140615,0.015261304285866683,0.15492548074600204
1991,5987,0.023214910796984685,8.218964024066082,0.02320421205909902,0.8096286697441837,0.0005386837130663,0.018795457346792596,0.1908025166623204
1992,5987,0.02414083292532393,8.218964024066082,0.02320421205909902,0.8096286697441837,0.0005601690064824962,0.019545110447846605,0.19841263732422734
1993,5987,0.029601687277950293,8.218964024066082,0.02320421205909902,0.8096286697441837,0.0006868838289046922,0.023966374693030222,0.24329520278912808
1994,5987,0.03217442289165251,8.218964024066082,0.02320421205909902,0.8096286697441837,0.0007465821316570347,0.026049335205555434,0.2644404242415802
1995,5987,0.02970930154462363,8.218964024066082,0.02320421205909902,0.8096286697441837,0.0006893809331691647,0.024053502288602452,0.24417968057539252
1996,5987,0.03968128409694093,8.218964024066082,0.02320421205909902,0.8096286697441837,0.0009207729309627709,0.03212710525714732,0.3261390464215031
1997,5987,0.02178813828802571,8.218964024066082,0.02320421205909902,0.8096286697441837,0.0005055765812083232,0.01764030141833657,0.17907592474066006
1998,5987,0.02602249522700668,8.218964024066082,0.02320421205909902,0.8096286697441837,0.0006038314975543551,0.02106855819406579,0.21387795208719923
1999,5987,0.043516311712160215,8.218964024066082,0.02320421205909902,0.8096286697441837,0.00100976172499882,0.03523205356368952,0.3576590004222903
2000,5987,0.024007104159402846,8.218964024066082,0.02320421205909902,0.8096286697441837,0.0005570659358396618,0.019436839804987387,0.1973135254081392
2001,5987,0.032152139163152293,8.218964024066082,0.02320421205909902,0.8096286697441837,0.0007460650552954483,0.026031293660092863,0.2642572750787148
2002,5987,0.024538726154033814,8.218964024066082,0.02320421205909902,0.8096286697441837,0.0005694018053383599,0.019867256213307205,0.20168290745641337
2003,5987,0.025669163244781367,8.218964024066082,0.02320421205909902,0.8096286697441837,0.0005956327073115372,0.020782490491318632,0.21097392923673744
2004,5987,0.02136260538766642,8.218964024066082,0.02320421205909902,0.8096286697441837,0.0004957024255502628,0.017295777782286293,0.17557848514155056
2005,5987,0.023649704825410126,8.218964024066082,0.02320421205909902,0.8096286697441837,0.000548772765903914,0.019147479057639402,0.19437607313982785
2006,5987,0.024032441658905317,8.218964024066082,0.02320421205909902,0.8096286697441837,0.0005576538725511644,0.019457353771004215,0.1975217734050098
2007,5987,0.017383978640479417,8.218964024066082,0.02320421205909902,0.8096286697441837,0.00040338152680453225,0.014074567501552653,0.14287829504123353
2008,5987,0.02840418791674483,8.218964024066082,0.02320421205909902,0.8096286697441837,0.0006590967997866451,0.022996844878197933,0.23345299862053828
2009,5987,0.035747762146629704,8.218964024066082,0.02320421205909902,0.8096286697441837,0.0008294986534886285,0.02894241311310729,0.29380957102402083
2010,5987,0.02669108055513658,8.218964024066082,0.02320421205909902,0.8096286697441837,0.0006193454932878836,0.02160986404389008,0.2193730308461173
2011,5987,0.021219913627350363,8.218964024066082,0.02320421205909902,0.8096286697441837,0.0004923913756848029,0.01718025044219815,0.17440570669698224
2012,5987,0.028660780505230576,8.218964024066082,0.02320421205909902,0.8096286697441837,0.0006650508286226614,0.023204589594279863,0.23556192387414462
2013,5987,0.02713232439280365,8.218964024066082,0.02320421205909902,0.8096286697441837,0.0006295842088668809,0.021967107705213287,0.2229995980737438
2014,5987,0.027437886520632875,8.218964024066082,0.02320421205909902,0.8096286697441837,0.0006366745372782598,0.022214499564291862,0.2255110022094893
2015,5987,0.0,8.218964024066082,0.02320421205909902,0.8096286697441837,0.0,0.0,0.0
2016,5987,0.0,8.218964024066082,0.02320421205909902,0.8096286697441837,0.0,0.0,0.0
1979,5989,0.0313207775124556,15.399541258154139,0.024354721229898728,0.6526125424154737,0.000762808805019537,0.020440332242833047,0.4823256055405264
1980,5989,0.018207322610053138,15.399541258154139,0.024354721229898728,0.6526125424154737,0.00044343426651067625,0.011882327099125517,0.280384415734036
1981,5989,0.022169299828998318,15.399541258154139,0.024354721229898728,0.6526125424154737,0.0005399271171972955,0.01446796312497352,0.3413970473810491
1982,5989,0.01954803235433783,15.399541258154139,0.024354721229898728,0.6526125424154737,0.00047608687858293874,0.01275729109398435,0.3010307307563574
1983,5989,0.02702163051745661,15.399541258154139,0.024354721229898728,0.6526125424154737,0.0006581042784299799,0.017634654992208912,0.41612071401617007
1984,5989,0.031224229189248668,15.399541258154139,0.024354721229898728,0.6526125424154737,0.0007604573975226181,0.02037732359615902,0.48083880565389564
1985,5989,0.016653824120226705,15.399541258154139,0.024354721229898728,0.6526125424154737,0.00040559924385988484,0.010868494500041289,0.2564612516454737
1986,5989,0.028955319373564062,15.399541258154139,0.024354721229898728,0.6526125424154737,0.0007051987314658386,0.018896604592833665,0.44589863533622964
1987,5989,0.022554053188203832,15.399541258154139,0.024354721229898728,0.6526125424154737,0.0005492976780030129,0.014719057992927524,0.3473220726103478
1988,5989,0.022707505111084457,15.399541258154139,0.024354721229898728,0.6526125424154737,0.0005530349568069625,0.014819202642457192,0.34968516182789106
1989,5989,0.02532232596241483,15.399541258154139,0.024354721229898728,0.6526125424154737,0.0006167181897072402,0.0165256675262049,0.3899522034106349
1990,5989,0.024217858509026538,15.399541258154139,0.024354721229898728,0.6526125424154737,0.0005898191927724721,0.015804878213434022,0.3729439112938935
1991,5989,0.02222802738427076,15.399541258154139,0.024354721229898728,0.6526125424154737,0.0005413574104344693,0.014506289464129712,0.3423014247914576
1992,5989,0.024317320564034888,15.399541258154139,0.024354721229898728,0.6526125424154737,0.0005922415633951534,0.01586978839802689,0.37447558131361536
1993,5989,0.028308140387630763,15.399541258154139,0.024354721229898728,0.6526125424154737,0.0006894368676775846,0.018474247469425865,0.43593237584093947
1994,5989,0.02790791242075271,15.399541258154139,0.024354721229898728,0.6526125424154737,0.0006796894271158604,0.018213053678415806,0.42976904875233374
1995,5989,0.020416985272545582,15.399541258154139,0.024354721229898728,0.6526125424154737,0.0004972499846677955,0.013324380667175256,0.3144122070716911
1996,5989,0.03291636734829925,15.399541258154139,0.024354721229898728,0.6526125424154737,0.0008016689506687691,0.02148163418225526,0.5068969570486921
1997,5989,0.026759141412155532,15.399541258154139,0.024354721229898728,0.6526125424154737,0.0006517114294444866,0.01746335130984201,0.4120785022092701
1998,5989,0.017755946738574082,15.399541258154139,0.024354721229898728,0.6526125424154737,0.00043244113299090127,0.01158775354405457,0.273433434378259
1999,5989,0.019318577975235236,15.399541258154139,0.024354721229898728,0.6526125424154737,0.0004704985811449156,0.012607546288269843,0.29749723857850285
2000,5989,0.026705456493574888,15.399541258154139,0.024354721229898728,0.6526125424154737,0.0006504039482182052,0.01742831585863773,0.41125177909064686
2001,5989,0.01988167170849724,15.399541258154139,0.024354721229898728,0.6526125424154737,0.00048421257204481465,0.012975028321152179,0.3061686237560791
2002,5989,0.02542567867063221,15.399541258154139,0.024354721229898728,0.6526125424154737,0.0006192353161042296,0.016593116799880167,0.3915437877049704
2003,5989,0.02015422053462172,15.399541258154139,0.024354721229898728,0.6526125424154737,0.0004908504227266124,0.013152897103501628,0.31036575064884453
2004,5989,0.02198892675889341,15.399541258154139,0.024354721229898728,0.6526125424154737,0.0005355341813575096,0.01435024939710907,0.3386193848461086
2005,5989,0.01565792363726841,15.399541258154139,0.024354721229898728,0.6526125424154737,0.000381344365224714,0.010218557353865078,0.24112484106914178
2006,5989,0.014078571194054543,15.399541258154139,0.024354721229898728,0.6526125424154737,0.0003428796767464809,0.009187852140529187,0.21680353795870333
2007,5989,0.024585576912018767,15.399541258154139,0.024354721229898728,0.6526125424154737,0.0005987748719684515,0.016044855855303738,0.37860660601215484
2008,5989,0.0201375619121886,15.399541258154139,0.024354721229898728,0.6526125424154737,0.0004904447066211797,0.013142025477562411,0.31010921550538173
2009,5989,0.027895891935264268,15.399541258154139,0.024354721229898728,0.6526125424154737,0.0006793966715427414,0.018205208958820124,0.4295839387901114
2010,5989,0.026517852441113213,15.399541258154139,0.024354721229898728,0.6526125424154737,0.0006458349038189017,0.01730588310099327,0.4083627627445664
2011,5989,0.02940204371033122,15.399541258154139,0.024354721229898728,0.6526125424154737,0.0007160785781544141,0.019188142498010145,0.452777985191297
2012,5989,0.029248876916412942,15.399541258154139,0.024354721229898728,0.6526125424154737,0.0007123482435868571,0.019088183927217513,0.4504192868289733
2013,5989,0.027522392974083456,15.399541258154139,0.024354721229898728,0.6526125424154737,0.0006703002084635259,0.017961458852174376,0.4238322261275298
2014,5989,0.022535672708173183,15.399541258154139,0.024354721229898728,0.6526125424154737,0.0005488500265357948,0.014707062661123906,0.34703902164977113
2015,5989,0.03423185558070787,15.399541258154139,0.024354721229898728,0.6526125424154737,0.0008337072998502932,0.022340138302125084,0.5271548723582848
2016,5989,0.021991072157335683,15.399541258154139,0.024354721229898728,0.6526125424154737,0.0005355864319384982,0.014351649511040976,0.3386524229979356
1979,5992,0.0244743203869782,11.566575613233356,0.03271280686041054,0.644222010761105,0.000800623715859026,0.0157668958917106,0.283084077338482
1980,5992,0.02136745218458477,11.566575613233356,0.03271280686041054,0.644222010761105,0.0006989893364133788,0.013765383011194966,0.24714825135514798
1981,5992,0.02173800999423661,11.566575613233356,0.03271280686041054,0.644222010761105,0.0007111113224711362,0.014004104508432104,0.25143433627956013
1982,5992,0.021375135378797958,11.566575613233356,0.03271280686041054,0.644222010761105,0.0006992406752617459,0.013770332694020053,0.24723711960196598
1983,5992,0.024383311374098958,11.566575613233356,0.03271280686041054,0.644222010761105,0.0007976465555981507,0.01570826588243615,0.2820314147095285
1984,5992,0.015153434583346531,11.566575613233356,0.03271280686041054,0.644222010761105,0.0004957113787968807,0.00976217609722037,0.17527334690846294
1985,5992,0.03526487138559691,11.566575613233356,0.03271280686041054,0.644222010761105,0.00115361292659425,0.022718406353260997,0.407893801372456
1986,5992,0.020392456445914156,11.566575613233356,0.03271280686041054,0.644222010761105,0.0006670944891245237,0.013137269295945074,0.23587088942123402
1987,5992,0.02495078739535425,11.566575613233356,0.03271280686041054,0.644222010761105,0.0008162102890793894,0.016073846425907947,0.2885951690180747
1988,5992,0.014595603371452971,11.566575613233356,0.03271280686041054,0.644222010761105,0.00047746315410149797,0.009402808952228996,0.1688211500166745
1989,5992,0.03267727035481568,11.566575613233356,0.03271280686041054,0.644222010761105,0.0010689652338425042,0.0210514168141636,0.37796411839304433
1990,5992,0.02678861950501045,11.566575613233356,0.03271280686041054,0.644222010761105,0.0008763309359244334,0.017257818323031988,0.3098525930788413
1991,5992,0.03702903013576239,11.566575613233356,0.03271280686041054,0.644222010761105,0.0012113235110595166,0.0238549162505944,0.4282990769499923
1992,5992,0.02050350842998035,11.566575613233356,0.03271280686041054,0.644222010761105,0.0006707273112307466,0.013208811428419207,0.23715538059193525
1993,5992,0.018826135757524516,11.566575613233356,0.03271280686041054,0.644222010761105,0.0006158557429637681,0.012128211032573982,0.21775392274440353
1994,5992,0.020015191950807792,11.566575613233356,0.03271280686041054,0.644222010761105,0.000654753108560819,0.012894227204318879,0.23150723111239796
1995,5992,0.019591648485298374,11.566575613233356,0.03271280686041054,0.644222010761105,0.0006408978129766203,0.012621371181323676,0.2266082835930924
1996,5992,0.03234195548131616,11.566575613233356,0.03271280686041054,0.644222010761105,0.0010579961431482915,0.020835399592119636,0.37408567355447037
1997,5992,0.020327747048362304,11.566575613233356,0.03271280686041054,0.644222010761105,0.0006649776631003565,0.01309558207773908,0.23512242328156377
1998,5992,0.02795170717555489,11.566575613233356,0.03271280686041054,0.644222010761105,0.0009143787982526785,0.018007105000841576,0.323305534565013
1999,5992,0.02231170148538163,11.566575613233356,0.03271280686041054,0.644222010761105,0.0007298783814184242,0.014373689194414086,0.2580699822905576
2000,5992,0.024833150086774773,11.566575613233356,0.03271280686041054,0.644222010761105,0.0008123620425242504,0.015998061882434352,0.28723450819345286
2001,5992,0.023359316190577937,11.566575613233356,0.03271280686041054,0.644222010761105,0.0007641487989336369,0.015048585646298553,0.2701872969917459
2002,5992,0.028712419767728637,11.566575613233356,0.03271280686041054,0.644222010761105,0.0009392638423567405,0.018497172796583042,0.3321043742823294
2003,5992,0.0274843079587324,11.566575613233356,0.03271280686041054,0.644222010761105,0.0008990888579460571,0.017705996137552027,0.3178993261820696
2004,5992,0.017112224029772746,11.566575613233356,0.03271280686041054,0.644222010761105,0.000559788879638032,0.011024071373054696,0.19792983315095528
2005,5992,0.015546904478535715,11.566575613233356,0.03271280686041054,0.644222010761105,0.0005085828834835905,0.010015658064273106,0.17982444620269963
2006,5992,0.02033989619614137,11.566575613233356,0.03271280686041054,0.644222010761105,0.0006653750958251716,0.013103408826150343,0.23526294731798666
2007,5992,0.02036853406919641,11.566575613233356,0.03271280686041054,0.644222010761105,0.000666311921035314,0.013121857974313783,0.23559418944207997
2008,5992,0.019618713338618858,11.566575613233356,0.03271280686041054,0.644222010761105,0.0006417831802959988,0.012638806955550752,0.22692133126548483
2009,5992,0.0,11.566575613233356,0.03271280686041054,0.644222010761105,0.0,0.0,0.0
2010,5992,0.0,11.566575613233356,0.03271280686041054,0.644222010761105,0.0,0.0,0.0
2011,5992,0.0,11.566575613233356,0.03271280686041054,0.644222010761105,0.0,0.0,0.0
2012,5992,0.0,11.566575613233356,0.03271280686041054,0.644222010761105,0.0,0.0,0.0
2013,5992,0.0,11.566575613233356,0.03271280686041054,0.644222010761105,0.0,0.0,0.0
2014,5992,0.0,11.566575613233356,0.03271280686041054,0.644222010761105,0.0,0.0,0.0
2015,5992,0.0,11.566575613233356,0.03271280686041054,0.644222010761105,0.0,0.0,0.0
2016,5992,0.0,11.566575613233356,0.03271280686041054,0.644222010761105,0.0,0.0,0.0
1979,5993,0.019720825379257387,14.498029729381358,0.030147442033925168,0.6728564457256758,0.0005945324399823224,0.013269284471463829,0.285913112636412
1980,5993,0.02317400523333401,14.498029729381358,0.030147442033925168,0.6728564457256758,0.0006986369794658155,0.015592778794529333,0.3359774168217156
1981,5993,0.03781743903521529,14.498029729381358,0.030147442033925168,0.6728564457256758,0.001140099051185652,0.025445707615682392,0.5482783554216183
1982,5993,0.02618422624721807,14.498029729381358,0.030147442033925168,0.6728564457256758,0.0007893874429911887,0.0176182254067801,0.37961969057301526
1983,5993,0.02900389856555648,14.498029729381358,0.030147442033925168,0.6728564457256758,0.0008743933507629594,0.01951546010100836,0.42049938367139916
1984,5993,0.020899092779630098,14.498029729381358,0.030147442033925168,0.6728564457256758,0.0006300541881355224,0.014062089286593043,0.3029956684361764
1985,5993,0.02647375796210238,14.498029729381358,0.030147442033925168,0.6728564457256758,0.0007981160835826464,0.01781303868738202,0.38381732998300677
1986,5993,0.034425831851336186,14.498029729381358,0.030147442033925168,0.6728564457256758,0.0010378507702078123,0.02316364286063983,0.4991067336393557
1987,5993,0.01768108001102075,14.498029729381358,0.030147442033925168,0.6728564457256758,0.000533039334729441,0.011896828652806715,0.2563408236473493
1988,5993,0.03097687453340205,14.498029729381358,0.030147442033925168,0.6728564457256758,0.000933873529387911,0.020842989698235104,0.4491036479085792
1989,5993,0.02195438922978926,14.498029729381358,0.030147442033925168,0.6728564457256758,0.0006618686766953027,0.014772152305234059,0.31829538774389454
1990,5993,0.025510548521466427,14.498029729381358,0.030147442033925168,0.6728564457256758,0.0007690777828045444,0.017164937006666294,0.3698526908770459
1991,5993,0.023820307585513043,14.498029729381358,0.030147442033925168,0.6728564457256758,0.0007181213421645225,0.016027647498080663,0.34534752753777637
1992,5993,0.026723199089252792,14.498029729381358,0.030147442033925168,0.6728564457256758,0.0008056360955042904,0.017980876757614252,0.3874337348601638
1993,5993,0.02451127740393415,14.498029729381358,0.030147442033925168,0.6728564457256758,0.0007389523147125646,0.016492570994207204,0.35536522850735086
1994,5993,0.018048256791322447,14.498029729381358,0.030147442033925168,0.6728564457256758,0.0005441087754297897,0.012143885916153513,0.2616641635241018
1995,5993,0.017617582860898668,14.498029729381358,0.030147442033925168,0.6728564457256758,0.0005311250580768162,0.011854104186061861,0.25542024007714836
1996,5993,0.02533389763507369,14.498029729381358,0.030147442033925168,0.6728564457256758,0.000763752210446778,0.017046076319113788,0.3672916010744024
1997,5993,0.02221637139542857,14.498029729381358,0.030147442033925168,0.6728564457256758,0.000669766768847836,0.01494842869404964,0.322093612969901
1998,5993,0.023243852463016388,14.498029729381358,0.030147442033925168,0.6728564457256758,0.0007007426947738953,0.015639775953237203,0.3369900640341657
1999,5993,0.026215429117379063,14.498029729381358,0.030147442033925168,0.6728564457256758,0.0007903281297106594,0.017639220459093066,0.38007207071225135
2000,5993,0.024023325443512256,14.498029729381358,0.030147442033925168,0.6728564457256758,0.0007242418112704054,0.01616424937243285,0.3482908864786443
2001,5993,0.019174162668961253,14.498029729381358,0.030147442033925168,0.6728564457256758,0.0005780519576115612,0.012901458943203206,0.27798758041059446
2002,5993,0.023317019494293045,14.498029729381358,0.030147442033925168,0.6728564457256758,0.0007029484936081027,0.015689006861846315,0.3380508418288252
2003,5993,0.01734060296384045,14.498029729381358,0.030147442033925168,0.6728564457256758,0.0005227748226856909,0.011667736476989803,0.2514045772951573
2004,5993,0.021029544081507864,14.498029729381358,0.030147442033925168,0.6728564457256758,0.0006339869611971324,0.014149864285914804,0.3048869552890368
2005,5993,0.010341827252618629,14.498029729381358,0.030147442033925168,0.6728564457256758,0.0003117796376231877,0.0069585651275059016,0.14993611896459122
2006,5993,0.023274508898016463,14.498029729381358,0.030147442033925168,0.6728564457256758,0.0007016669078710268,0.01566040333312997,0.33743452194019363
2007,5993,0.017785466071173633,14.498029729381358,0.030147442033925168,0.6728564457256758,0.0005361863074270499,0.01196706548622449,0.2578542158507788
2008,5993,0.018134975475083085,14.498029729381358,0.030147442033925168,0.6728564457256758,0.0005467231219217219,0.012202235141486705,0.2629214135793564
2009,5993,0.0,14.498029729381358,0.030147442033925168,0.6728564457256758,0.0,0.0,0.0
2010,5993,0.0,14.498029729381358,0.030147442033925168,0.6728564457256758,0.0,0.0,0.0
2011,5993,0.0,14.498029729381358,0.030147442033925168,0.6728564457256758,0.0,0.0,0.0
2012,5993,0.0,14.498029729381358,0.030147442033925168,0.6728564457256758,0.0,0.0,0.0
2013,5993,0.0,14.498029729381358,0.030147442033925168,0.6728564457256758,0.0,0.0,0.0
2014,5993,0.0,14.498029729381358,0.030147442033925168,0.6728564457256758,0.0,0.0,0.0
2015,5993,0.0,14.498029729381358,0.030147442033925168,0.6728564457256758,0.0,0.0,0.0
2016,5993,0.0,14.498029729381358,0.030147442033925168,0.6728564457256758,0.0,0.0,0.0
1979,5997,0.02849833857270812,11.801495891252392,0.03750096969563553,0.5531046648831921,0.0010687153311910883,0.015762564005985472,0.33632302557333443
1980,5997,0.026360139180023244,11.801495891252392,0.03750096969563553,0.5531046648831921,0.0009885307805627865,0.014579915947441058,0.3110890742258855
1981,5997,0.018870630437750068,11.801495891252392,0.03750096969563553,0.5531046648831921,0.0007076669401836028,0.010437433724406316,0.22270166757644977
1982,5997,0.013816901996510755,11.801495891252392,0.03750096969563553,0.5531046648831921,0.0005181472230587159,0.007642192948503989,0.16306011214165866
1983,5997,0.02550688864305722,11.801495891252392,0.03750096969563553,0.5531046648831921,0.0009565330580332389,0.014107979095131062,0.3010194415196721
1984,5997,0.03099501387207075,11.801495891252392,0.03750096969563553,0.5531046648831921,0.001162343075932328,0.01714348676076158,0.3657875288605539
1985,5997,0.013141546330166242,11.801495891252392,0.03750096969563553,0.5531046648831921,0.0004928207306813545,0.007268650578993542,0.15508990502015985
1986,5997,0.01701533049030903,11.801495891252392,0.03750096969563553,0.5531046648831921,0.0006380913930783022,0.009411258668719138,0.2008063528696836
1987,5997,0.018393986104411827,11.801495891252392,0.03750096969563553,0.5531046648831921,0.000689792315483489,0.010173799520146796,0.21707655143496976
1988,5997,0.02439662212570179,11.801495891252392,0.03750096969563553,0.5531046648831921,0.0009148969870118141,0.013493885505118158,0.28791663577690685
1989,5997,0.03043612896265706,11.801495891252392,0.03750096969563553,0.5531046648831921,0.0011413843498810573,0.01683436491023205,0.35919185089842526
1990,5997,0.02070593415948404,11.801495891252392,0.03750096969563553,0.5531046648831921,0.0007764926094346355,0.01145254877437486,0.24436099690769345
1991,5997,0.01753850377235157,11.801495891252392,0.03750096969563553,0.5531046648831921,0.0006577108984737456,0.009700628251559115,0.2069805802081216
1992,5997,0.018336352706861486,11.801495891252392,0.03750096969563553,0.5531046648831921,0.0006876310071884972,0.010141922219108635,0.2163963911305805
1993,5997,0.02166118767772171,11.801495891252392,0.03750096969563553,0.5531046648831921,0.0008123155426737156,0.011980903951458196,0.2556344173782797
1994,5997,0.0117687178301931,11.801495891252392,0.03750096969563553,0.5531046648831921,0.00044133833070655697,0.006509332731573802,0.13888847511833263
1995,5997,0.01914208846507676,11.801495891252392,0.03750096969563553,0.5531046648831921,0.000717846879440018,0.010587578425640698,0.22590527837059318
1996,5997,0.015330085101961325,11.801495891252392,0.03750096969563553,0.5531046648831921,0.0005748930568401653,0.008479141582951134,0.18091793634334608
1997,5997,0.0190336492970515,11.801495891252392,0.03750096969563553,0.5531046648831921,0.0007137803054860828,0.010527600215949876,0.22462553397469226
1998,5997,0.019218994384873102,11.801495891252392,0.03750096969563553,0.5531046648831921,0.0007207309260077156,0.010630115448637187,0.2268128832670827
1999,5997,0.01912500824152249,11.801495891252392,0.03750096969563553,0.5531046648831921,0.0007172063544941146,0.010578131274315583,0.22570370618249577
2000,5997,0.018786595738257143,11.801495891252392,0.03750096969563553,0.5531046648831921,0.0007045155574645367,0.010390953740104722,0.22170993241566136
2001,5997,0.017679122057889397,11.801495891252392,0.03750096969563553,0.5531046648831921,0.0006629842205383519,0.009778404881257963,0.20864008632713124
2002,5997,0.014802332093395818,11.801495891252392,0.03750096969563553,0.5531046648831921,0.0005551018072591698,0.008187238932007413,0.17468966138116418
2003,5997,0.019094952610416733,11.801495891252392,0.03750096969563553,0.5531046648831921,0.0007160792391828345,0.01056150736454498,0.22534900477549222
2004,5997,0.015387949362982756,11.801495891252392,0.03750096969563553,0.5531046648831921,0.0005770630227391904,0.008511146575652107,0.18160082118204085
2005,5997,0.015396667883635529,11.801495891252392,0.03750096969563553,0.5531046648831921,0.0005773899757179808,0.008515968830096036,0.18170371276770236
2006,5997,0.017989705291990756,11.801495891252392,0.03750096969563553,0.5531046648831921,0.0006746313929883595,0.009950189916873934,0.21230543308827032
2007,5997,0.015677226046381162,11.801495891252392,0.03750096969563553,0.5531046648831921,0.0005879111788769679,0.008671146858681703,0.18501471877260225
2008,5997,0.022423759478048148,11.801495891252392,0.03750096969563553,0.5531046648831921,0.0008409127246485036,0.012402685971527123,0.26463390534661707
2009,5997,0.0,11.801495891252392,0.03750096969563553,0.5531046648831921,0.0,0.0,0.0
2010,5997,0.0,11.801495891252392,0.03750096969563553,0.5531046648831921,0.0,0.0,0.0
2011,5997,0.0,11.801495891252392,0.03750096969563553,0.5531046648831921,0.0,0.0,0.0
2012,5997,0.0,11.801495891252392,0.03750096969563553,0.5531046648831921,0.0,0.0,0.0
2013,5997,0.0,11.801495891252392,0.03750096969563553,0.5531046648831921,0.0,0.0,0.0
2014,5997,0.0,11.801495891252392,0.03750096969563553,0.5531046648831921,0.0,0.0,0.0
2015,5997,0.0,11.801495891252392,0.03750096969563553,0.5531046648831921,0.0,0.0,0.0
2016,5997,0.0,11.801495891252392,0.03750096969563553,0.5531046648831921,0.0,0.0,0.0
