YEAR,PID,OC,g1,sla_random,wd_random,sla_ocp,wd_ocp,g1_ocp
1979,2934,0.015945840403303647,11.279744181446882,0.03465625490980366,0.3716552961006842,0.0005526231097679376,0.005926356036664071,0.17986500050744492
1980,2934,0.003549024276729575,11.279744181446882,0.03465625490980366,0.3716552961006842,0.00012299589001542172,0.0013190136684364468,0.040032085935254154
1981,2934,0.009642455989723565,11.279744181446882,0.03465625490980366,0.3716552961006842,0.000334171412736423,0.0035836698359985276,0.10876443684494201
1982,2934,0.01081127477074548,11.279744181446882,0.03465625490980366,0.3716552961006842,0.0003746782943548845,0.004018067526147268,0.1219484136893398
1983,2934,0.006459496584319783,11.279744181446882,0.03465625490980366,0.3716552961006842,0.00022386196021519246,0.002400706115706727,0.07286146901205708
1984,2934,0.012803405431155795,11.279744181446882,0.03465625490980366,0.3716552961006842,0.0004437180823356999,0.004758453436613315,0.14441913791478497
1985,2934,0.010511083634691328,11.279744181446882,0.03465625490980366,0.3716552961006842,0.00036427479382212825,0.003906499900590262,0.11856233446911105
1986,2934,0.00818919505568297,11.279744181446882,0.03465625490980366,0.3716552961006842,0.0002838068313558528,0.0030435577132461133,0.09237202528007356
1987,2934,0.006558006384159687,11.279744181446882,0.03465625490980366,0.3716552961006842,0.0002272759409495579,0.002437317804535046,0.07397263435361673
1988,2934,0.012569148224818914,11.279744181446882,0.03465625490980366,0.3716552961006842,0.00043559960487843044,0.0046713905052284625,0.14177677655464455
1989,2934,0.01860298547426837,11.279744181446882,0.03465625490980366,0.3716552961006842,0.0006447098066796194,0.0069138980747959385,0.2098369171609195
1990,2934,0.00920130139328477,11.279744181446882,0.03465625490980366,0.3716552961006842,0.0003188826465876086,0.003419712393832889,0.10378832585264297
1991,2934,0.008273453384852844,11.279744181446882,0.03465625490980366,0.3716552961006842,0.0002867269094898381,0.003074872767522692,0.09332243767826587
1992,2934,0.00929998585687522,11.279744181446882,0.03465625490980366,0.3716552961006842,0.00032230268051343646,0.0034563889973691355,0.10490146135662656
1993,2934,0.01029189037514883,11.279744181446882,0.03465625490980366,0.3716552961006842,0.0003566783763449127,0.0038250355648117205,0.11608989057517417
1994,2934,0.011722461244001371,11.279744181446882,0.03465625490980366,0.3716552961006842,0.00040625660504240563,0.004356714804668125,0.13222636400926105
1995,2934,0.011941305495063934,11.279744181446882,0.03465625490980366,0.3716552961006842,0.0004138409271927749,0.004438049429596714,0.13469487117682707
1996,2934,0.010416572915725744,11.279744181446882,0.03465625490980366,0.3716552961006842,0.00036099940625394816,0.003871374491348419,0.11749627773677464
1997,2934,0.01398064052496353,11.279744181446882,0.03465625490980366,0.3716552961006842,0.00048451664183546736,0.005195979093982546,0.15769804861435785
1998,2934,0.01619675958233756,11.279744181446882,0.03465625490980366,0.3716552961006842,0.0005613190287982956,0.006019611478445261,0.18269530465716613
1999,2934,0.011494487920183065,11.279744181446882,0.03465625490980366,0.3716552961006842,0.0003983559034195232,0.004271987311501375,0.1296548832363964
2000,2934,0.014550006008746,11.279744181446882,0.03465625490980366,0.3716552961006842,0.0005042487171782763,0.005407586791447229,0.16412034561716984
2001,2934,0.014330826726446037,11.279744181446882,0.03465625490980366,0.3716552961006842,0.000496652784099941,0.0053261276503849,0.16164805938295315
2002,2934,0.00969261281274295,11.279744181446882,0.03465625490980366,0.3716552961006842,0.00033590966038044874,0.003602310884909267,0.1093301929775548
2003,2934,0.017147572567733402,11.279744181446882,0.03465625490980366,0.3716552961006842,0.0005942706459917252,0.0063729861600689275,0.193420231896829
2004,2934,0.018660896065339033,11.279744181446882,0.03465625490980366,0.3716552961006842,0.0006467167708857416,0.006935420852667671,0.21049013381359297
2005,2934,0.008124149044273282,11.279744181446882,0.03465625490980366,0.3716552961006842,0.00028155258020357265,0.0030193830186154773,0.0916383229113488
2006,2934,0.013840847551262756,11.279744181446882,0.03465625490980366,0.3716552961006842,0.00047967194090429386,0.005144024294948989,0.15612121963264938
2007,2934,0.01453286039053702,11.279744181446882,0.03465625490980366,0.3716552961006842,0.0005036545142630397,0.005401214531634941,0.1639269474299398
2008,2934,0.013830223043255593,11.279744181446882,0.03465625490980366,0.3716552961006842,0.00047930373524650635,0.0051400756402796635,0.15600137790027485
2009,2934,0.0,11.279744181446882,0.03465625490980366,0.3716552961006842,0.0,0.0,0.0
2010,2934,0.0,11.279744181446882,0.03465625490980366,0.3716552961006842,0.0,0.0,0.0
2011,2934,0.0,11.279744181446882,0.03465625490980366,0.3716552961006842,0.0,0.0,0.0
2012,2934,0.0,11.279744181446882,0.03465625490980366,0.3716552961006842,0.0,0.0,0.0
2013,2934,0.0,11.279744181446882,0.03465625490980366,0.3716552961006842,0.0,0.0,0.0
2014,2934,0.0,11.279744181446882,0.03465625490980366,0.3716552961006842,0.0,0.0,0.0
2015,2934,0.0,11.279744181446882,0.03465625490980366,0.3716552961006842,0.0,0.0,0.0
2016,2934,0.0,11.279744181446882,0.03465625490980366,0.3716552961006842,0.0,0.0,0.0
1979,2945,0.009904357836647924,2.824809082141122,0.04289991639082103,0.4900545378734914,0.000424896123096969,0.004853675502572191,0.02797791996973865
1980,2945,0.0056908723647618705,2.824809082141122,0.04289991639082103,0.4900545378734914,0.00024413794863911822,0.0027888378268104016,0.016075627941285257
1981,2945,0.009668385085583556,2.824809082141122,0.04289991639082103,0.4900545378734914,0.00041477291180579557,0.004738035985098606,0.0273113419993942
1982,2945,0.01362913741688454,2.824809082141122,0.04289991639082103,0.4900545378734914,0.0005846888556633573,0.0066790206384456634,0.03849971115696484
1983,2945,0.012166201449218235,2.824809082141122,0.04289991639082103,0.4900545378734914,0.000521929024965348,0.005962102228872444,0.03436719634891015
1984,2945,0.010540192932278664,2.824809082141122,0.04289991639082103,0.4900545378734914,0.00045217339553787746,0.005165269376525261,0.029774032722620435
1985,2945,0.017526905637976927,2.824809082141122,0.04289991639082103,0.4900545378734914,0.0007519027864590199,0.008589139642771073,0.04951016222798766
1986,2945,0.024259342664935686,2.824809082141122,0.04289991639082103,0.4900545378734914,0.0010407237720220185,0.011888400958779731,0.06852801148668394
1987,2945,0.011846160469581413,2.824809082141122,0.04289991639082103,0.4900545378734914,0.0005081992936972918,0.005805264694495942,0.03346314168297471
1988,2945,0.008734415847867145,2.824809082141122,0.04289991639082103,0.4900545378734914,0.0003747057095961627,0.0042803401219214336,0.02467305721425246
1989,2945,0.007020089039131534,2.824809082141122,0.04289991639082103,0.4900545378734914,0.00030116123283486194,0.0034402264899023663,0.0198304112751781
1990,2945,0.017269610375355817,2.824809082141122,0.04289991639082103,0.4900545378734914,0.0007408648412048199,0.008463050931750248,0.048783352233343666
1991,2945,0.010647008642502426,2.824809082141122,0.04289991639082103,0.4900545378734914,0.000456755780575703,0.005217614900036595,0.030075766710975872
1992,2945,0.01477890318271993,2.824809082141122,0.04289991639082103,0.4900545378734914,0.0006340137108867238,0.0072424685694848865,0.041747579934631594
1993,2945,0.0,2.824809082141122,0.04289991639082103,0.4900545378734914,0.0,0.0,0.0
1994,2945,0.0,2.824809082141122,0.04289991639082103,0.4900545378734914,0.0,0.0,0.0
1995,2945,0.0,2.824809082141122,0.04289991639082103,0.4900545378734914,0.0,0.0,0.0
1996,2945,0.0,2.824809082141122,0.04289991639082103,0.4900545378734914,0.0,0.0,0.0
1997,2945,0.0,2.824809082141122,0.04289991639082103,0.4900545378734914,0.0,0.0,0.0
1998,2945,0.0,2.824809082141122,0.04289991639082103,0.4900545378734914,0.0,0.0,0.0
1999,2945,0.0,2.824809082141122,0.04289991639082103,0.4900545378734914,0.0,0.0,0.0
2000,2945,0.0,2.824809082141122,0.04289991639082103,0.4900545378734914,0.0,0.0,0.0
2001,2945,0.0,2.824809082141122,0.04289991639082103,0.4900545378734914,0.0,0.0,0.0
2002,2945,0.0,2.824809082141122,0.04289991639082103,0.4900545378734914,0.0,0.0,0.0
2003,2945,0.0,2.824809082141122,0.04289991639082103,0.4900545378734914,0.0,0.0,0.0
2004,2945,0.0,2.824809082141122,0.04289991639082103,0.4900545378734914,0.0,0.0,0.0
2005,2945,0.0,2.824809082141122,0.04289991639082103,0.4900545378734914,0.0,0.0,0.0
2006,2945,0.0,2.824809082141122,0.04289991639082103,0.4900545378734914,0.0,0.0,0.0
2007,2945,0.0,2.824809082141122,0.04289991639082103,0.4900545378734914,0.0,0.0,0.0
2008,2945,0.0,2.824809082141122,0.04289991639082103,0.4900545378734914,0.0,0.0,0.0
2009,2945,0.0,2.824809082141122,0.04289991639082103,0.4900545378734914,0.0,0.0,0.0
2010,2945,0.0,2.824809082141122,0.04289991639082103,0.4900545378734914,0.0,0.0,0.0
2011,2945,0.0,2.824809082141122,0.04289991639082103,0.4900545378734914,0.0,0.0,0.0
2012,2945,0.0,2.824809082141122,0.04289991639082103,0.4900545378734914,0.0,0.0,0.0
2013,2945,0.0,2.824809082141122,0.04289991639082103,0.4900545378734914,0.0,0.0,0.0
2014,2945,0.0,2.824809082141122,0.04289991639082103,0.4900545378734914,0.0,0.0,0.0
2015,2945,0.0,2.824809082141122,0.04289991639082103,0.4900545378734914,0.0,0.0,0.0
2016,2945,0.0,2.824809082141122,0.04289991639082103,0.4900545378734914,0.0,0.0,0.0
1979,2956,0.014128501725227881,14.925050220757276,0.03740750005593533,0.459528251674972,0.0005285119290767443,0.006492445696580794,0.21086859779308195
1980,2956,0.01042321305659613,14.925050220757276,0.03740750005593533,0.459528251674972,0.00038990634299764556,0.004789760872733361,0.1555669783313502
1981,2956,0.010964896549544946,14.925050220757276,0.03740750005593533,0.459528251674972,0.00041016936829042766,0.005038679741209322,0.1636516316673665
1982,2956,0.017064375262260737,14.925050220757276,0.03740750005593533,0.459528251674972,0.00063833561857752,0.007841562530192319,0.25468665777508964
1983,2956,0.016223316361419327,14.925050220757276,0.03740750005593533,0.459528251674972,0.00060687370769725,0.007455072203932991,0.24213381144141666
1984,2956,0.01402690676575914,14.925050220757276,0.03740750005593533,0.459528251674972,0.0005247115156247347,0.006445759942477134,0.20935228792083518
1985,2956,0.009615192593377416,14.925050220757276,0.03740750005593533,0.459528251674972,0.00035968031747459465,0.004418452641952864,0.14350723233841134
1986,2956,0.013752823065733076,14.925050220757276,0.03740750005593533,0.459528251674972,0.0005144587296006787,0.006319810738991549,0.2052615749332552
1987,2956,0.01068126622916892,14.925050220757276,0.03740750005593533,0.459528251674972,0.0003995594670650965,0.0049083435959649145,0.15941843489162483
1988,2956,0.015625190076955585,14.925050220757276,0.03740750005593533,0.459528251674972,0.0005844992986777162,0.0071802162781525215,0.23320674660744034
1989,2956,0.021748888719868274,14.925050220757276,0.03740750005593533,0.459528251674972,0.0008135715560050037,0.009994228809314588,0.3246032563896954
1990,2956,0.017010942847948157,14.925050220757276,0.03740750005593533,0.459528251674972,0.0006363368455361333,0.007817008826260486,0.2538891763080581
1991,2956,0.017188780566858783,14.925050220757276,0.03740750005593533,0.459528251674972,0.00064298931001623,0.007898730282313351,0.2565434131939441
1992,2956,0.016328041101333728,14.925050220757276,0.03740750005593533,0.459528251674972,0.0006107911984114557,0.0075031961805729725,0.24369683344399484
1993,2956,0.015803368685930626,14.925050220757276,0.03740750005593533,0.459528251674972,0.0005911645150029165,0.007262094382820701,0.23586607129465753
1994,2956,0.014966813831408554,14.925050220757276,0.03740750005593533,0.459528251674972,0.0005598710892355892,0.006877673793091962,0.2233804480784973
1995,2956,0.02139734652469753,14.925050220757276,0.03740750005593533,0.459528251674972,0.0008004212413194905,0.009832685238977795,0.3193564714720568
1996,2956,0.013269403972507185,14.925050220757276,0.03740750005593533,0.459528251674972,0.000496375229843791,0.006097666008255155,0.19804652068918585
1997,2956,0.01845418769478459,14.925050220757276,0.03740750005593533,0.459528251674972,0.0006903250272248956,0.008480220607466145,0.27542967812794095
1998,2956,0.018724930309161874,14.925050220757276,0.03740750005593533,0.459528251674972,0.000700452831587358,0.008604634487704849,0.27947052524442106
1999,2956,0.01527379024920042,14.925050220757276,0.03740750005593533,0.459528251674972,0.0005713543096013092,0.007018738129665304,0.22796208653062905
2000,2956,0.017123797226423897,14.925050220757276,0.03740750005593533,0.459528251674972,0.0006405584457052771,0.007868868601495308,0.2555735335744408
2001,2956,0.016007449003924715,14.925050220757276,0.03740750005593533,0.459528251674972,0.0005987986495096957,0.0073558750545497965,0.2389119802897874
2002,2956,0.01241758892044916,14.925050220757276,0.03740750005593533,0.459528251674972,0.00046451095823628384,0.005706232926632505,0.18533313825842285
2003,2956,0.014806038042357916,14.925050220757276,0.03740750005593533,0.459528251674972,0.0005538568688976844,0.006803792775837859,0.22098086135263464
2004,2956,0.013896973096653257,14.925050220757276,0.03740750005593533,0.459528251674972,0.0005198510218903885,0.006386051750679193,0.20741302138406262
2005,2956,0.013555435208989813,14.925050220757276,0.03740750005593533,0.459528251674972,0.0005070749433385141,0.006229105442280448,0.20231555125839434
2006,2956,0.01376437396744102,14.925050220757276,0.03740750005593533,0.459528251674972,0.0005148908199569647,0.00632511870465867,0.20543397272134128
2007,2956,0.011602644645883424,14.925050220757276,0.03740750005593533,0.459528251674972,0.0004340259302398819,0.005331743008928785,0.17317005403341063
2008,2956,0.015448213784565469,14.925050220757276,0.03740750005593533,0.459528251674972,0.0005778790580102337,0.007098890671922572,0.23056536655563445
2009,2956,0.0,14.925050220757276,0.03740750005593533,0.459528251674972,0.0,0.0,0.0
2010,2956,0.0,14.925050220757276,0.03740750005593533,0.459528251674972,0.0,0.0,0.0
2011,2956,0.0,14.925050220757276,0.03740750005593533,0.459528251674972,0.0,0.0,0.0
2012,2956,0.0,14.925050220757276,0.03740750005593533,0.459528251674972,0.0,0.0,0.0
2013,2956,0.0,14.925050220757276,0.03740750005593533,0.459528251674972,0.0,0.0,0.0
2014,2956,0.0,14.925050220757276,0.03740750005593533,0.459528251674972,0.0,0.0,0.0
2015,2956,0.0,14.925050220757276,0.03740750005593533,0.459528251674972,0.0,0.0,0.0
2016,2956,0.0,14.925050220757276,0.03740750005593533,0.459528251674972,0.0,0.0,0.0
1979,2958,0.02244669046387834,5.045519989874453,0.02295474526169116,0.7477150740551977,0.0005152580615663595,0.01678372882249289,0.11325522544202243
1980,2958,0.027811208466428268,5.045519989874453,0.02295474526169116,0.7477150740551977,0.0006383992057666494,0.020794859798039952,0.14032200825992946
1981,2958,0.036660471062041566,5.045519989874453,0.02295474526169116,0.7477150740551977,0.0008415317744027645,0.02741158683505284,0.18497113958174466
1982,2958,0.028988326150883918,5.045519989874453,0.02295474526169116,0.7477150740551977,0.0006654196423563606,0.021675008434644392,0.14626117906728517
1983,2958,0.025546696877097742,5.045519989874453,0.02295474526169116,0.7477150740551977,0.0005864179190914197,0.019101650347324826,0.12889636976865992
1984,2958,0.03186930706571963,5.045519989874453,0.02295474526169116,0.7477150740551977,0.0007315518253602083,0.02382916129273239,0.16079722586353554
1985,2958,0.02243353448289245,5.045519989874453,0.02295474526169116,0.7477150740551977,0.0005149560693741607,0.016773891897195758,0.11318884667697171
1986,2958,0.02689177480613281,5.045519989874453,0.02295474526169116,0.7477150740551977,0.0006172938403095429,0.020107385390643294,0.1356829873475453
1987,2958,0.02594386968417105,5.045519989874453,0.02295474526169116,0.7477150740551977,0.0005955349197026584,0.019398622442178354,0.13090031310618286
1988,2958,0.025710973330321626,5.045519989874453,0.02295474526169116,0.7477150740551977,0.0005901888432276681,0.019224482327712646,0.1297252298972667
1989,2958,0.02428619717325134,5.045519989874453,0.02295474526169116,0.7477150740551977,0.0005574834694871884,0.018159155717916757,0.12253649331567207
1990,2958,0.024363302665637576,5.045519989874453,0.02295474526169116,0.7477150740551977,0.0005592534064231918,0.018216808656866396,0.12292553061883595
1991,2958,0.021665720818929517,5.045519989874453,0.02295474526169116,0.7477150740551977,0.0004973311023094459,0.016199786046585122,0.10931482748694799
1992,2958,0.021891676793804264,5.045519989874453,0.02295474526169116,0.7477150740551977,0.0005025178641530528,0.016368736735071807,0.11045489287501009
1993,2958,0.028260480789783337,5.045519989874453,0.02295474526169116,0.7477150740551977,0.0006487121375023931,0.02113078748656834,0.1425888207483148
1994,2958,0.02801161310230307,5.045519989874453,0.02295474526169116,0.7477150740551977,0.0006429994431324174,0.020944705365194084,0.1413331538562993
1995,2958,0.019352670259270944,5.045519989874453,0.02295474526169116,0.7477150740551977,0.00044423561593507114,0.014470283276076594,0.09764428465060036
1996,2958,0.018582257165021168,5.045519989874453,0.02295474526169116,0.7477150740551977,0.0004265509796102963,0.01389423379225653,0.09375714998310208
1997,2958,0.019871158977336576,5.045519989874453,0.02295474526169116,0.7477150740551977,0.00045613739237932853,0.014857965106301824,0.10026032984212489
1998,2958,0.01868193814308521,5.045519989874453,0.02295474526169116,0.7477150740551977,0.00042883913106919253,0.013968766762151578,0.09426009235053444
1999,2958,0.02765760839314275,5.045519989874453,0.02295474526169116,0.7477150740551977,0.0006348733552122033,0.020680010707868388,0.1395470160197212
2000,2958,0.01819694118122729,5.045519989874453,0.02295474526169116,0.7477150740551977,0.0004177061493570499,0.01360612722289944,0.09181303048445194
2001,2958,0.0217355095081513,5.045519989874453,0.02295474526169116,0.7477150740551977,0.0004989330838926792,0.016251968101514802,0.10966694771348362
2002,2958,0.019121401788624797,5.045519989874453,0.02295474526169116,0.7477150740551977,0.0004389269071043279,0.01429736035442078,0.09647741495892753
2003,2958,0.019221829850716386,5.045519989874453,0.02295474526169116,0.7477150740551977,0.00044123220768676563,0.014372451930304812,0.09698412675375499
2004,2958,0.021708874810363227,5.045519989874453,0.02295474526169116,0.7477150740551977,0.0004983216911898319,0.016232052936485757,0.10953256181336964
2005,2958,0.01750994623862322,5.045519989874453,0.02295474526169116,0.7477150740551977,0.0004019363554535033,0.013092450748514691,0.08834678376860045
2006,2958,0.023116036645466114,5.045519989874453,0.02295474526169116,0.7477150740551977,0.0005306227326565925,0.01728420905222736,0.11663242498136968
2007,2958,0.019011769284947643,5.045519989874453,0.02295474526169116,0.7477150740551977,0.00043641032091001745,0.01421538647881496,0.09592426197008447
2008,2958,0.015636121948849797,5.045519989874453,0.02295474526169116,0.7477150740551977,0.000358923196216585,0.011691364080920327,0.07889236585703634
2009,2958,0.0,5.045519989874453,0.02295474526169116,0.7477150740551977,0.0,0.0,0.0
2010,2958,0.0,5.045519989874453,0.02295474526169116,0.7477150740551977,0.0,0.0,0.0
2011,2958,0.0,5.045519989874453,0.02295474526169116,0.7477150740551977,0.0,0.0,0.0
2012,2958,0.0,5.045519989874453,0.02295474526169116,0.7477150740551977,0.0,0.0,0.0
2013,2958,0.0,5.045519989874453,0.02295474526169116,0.7477150740551977,0.0,0.0,0.0
2014,2958,0.0,5.045519989874453,0.02295474526169116,0.7477150740551977,0.0,0.0,0.0
2015,2958,0.0,5.045519989874453,0.02295474526169116,0.7477150740551977,0.0,0.0,0.0
2016,2958,0.0,5.045519989874453,0.02295474526169116,0.7477150740551977,0.0,0.0,0.0
1979,2965,0.012544348846510758,10.445517023823683,0.046849435853738575,0.3350080431087775,0.0005876956666115253,0.00420245775914342,0.13103220942901112
1980,2965,0.0036880467498887205,10.445517023823683,0.046849435853738575,0.3350080431087775,0.00017278290963450063,0.0012355253245739074,0.038523555110620236
1981,2965,0.007644942264150995,10.445517023823683,0.046849435853738575,0.3350080431087775,0.000358161232209877,0.002561117147592812,0.0798553745663384
1982,2965,0.010712013693274808,10.445517023823683,0.046849435853738575,0.3350080431087775,0.0005018517983874474,0.003588610745138422,0.11189252139253442
1983,2965,0.002836516279984097,10.445517023823683,0.046849435853738575,0.3350080431087775,0.0001328891875072001,0.0009502557682036616,0.02962887909092691
1984,2965,0.010101936104210887,10.445517023823683,0.046849435853738575,0.3350080431087775,0.0004732700075127937,0.003384229845881597,0.10551994555011392
1985,2965,0.005414143293448176,10.445517023823683,0.046849435853738575,0.3350080431087775,0.00025364955892934925,0.0018137815498485853,0.05655352594113375
1986,2965,0.012060128026267328,10.445517023823683,0.046849435853738575,0.3350080431087775,0.000565010194354486,0.0040402398897211415,0.1259742726078685
1987,2965,0.010011263586882,10.445517023823683,0.046849435853738575,0.3350080431087775,0.00046902205122849707,0.0033538538232874998,0.10457282422676209
1988,2965,0.01195244407185361,10.445517023823683,0.046849435853738575,0.3350080431087775,0.0005599652618397036,0.004004164898878787,0.12484945802884734
1989,2965,0.01539549953139574,10.445517023823683,0.046849435853738575,0.3350080431087775,0.000721270467732387,0.005157616170694988,0.16081395244546373
1990,2965,0.009227794083355207,10.445517023823683,0.046849435853738575,0.3350080431087775,0.00043231694697965813,0.0030913852380755834,0.09638908019002627
1991,2965,0.00491082153240841,10.445517023823683,0.046849435853738575,0.3350080431087775,0.00023006921837172598,0.0016451647116285896,0.05129606991773195
1992,2965,0.012894311904531202,10.445517023823683,0.046849435853738575,0.3350080431087775,0.0006040912384494323,0.004319698198371212,0.13468775450927306
1993,2965,0.014388719936370982,10.445517023823683,0.046849435853738575,0.3350080431087775,0.0006741034116764217,0.004820336908723896,0.15029761904639433
1994,2965,0.01367432787174385,10.445517023823683,0.046849435853738575,0.3350080431087775,0.000640634546470253,0.004581009821140722,0.14283542457364706
1995,2965,0.01178307523640333,10.445517023823683,0.046849435853738575,0.3350080431087775,0.0005520304274476532,0.003947424976750976,0.12308031297484626
1996,2965,0.018473869315528697,10.445517023823683,0.046849435853738575,0.3350080431087775,0.0008654903554682111,0.00618889480804256,0.19296911643124898
1997,2965,0.01115778335329573,10.445517023823683,0.046849435853738575,0.3350080431087775,0.0005227358554801404,0.003737947166619296,0.11654881596498705
1998,2965,0.014213607916953626,10.445517023823683,0.046849435853738575,0.3350080431087775,0.0006658995123555097,0.004761672973774062,0.1484684834664942
1999,2965,0.014484220514735463,10.445517023823683,0.046849435853738575,0.3350080431087775,0.0006785775598965034,0.004852330370597538,0.15129517196348552
2000,2965,0.012683580576798094,10.445517023823683,0.046849435853738575,0.3350080431087775,0.0005942185946284268,0.004249101508645629,0.1324865568379839
2001,2965,0.009373990286827654,10.445517023823683,0.046849435853738575,0.3350080431087775,0.00043916615663630067,0.0031403621421108203,0.0979161751222161
2002,2965,0.009505239106853716,10.445517023823683,0.046849435853738575,0.3350080431087775,0.00044531508981099046,0.0031843315524680877,0.09928713690615511
2003,2965,0.008170221935908559,10.445517023823683,0.046849435853738575,0.3350080431087775,0.00038277028849715585,0.002737090062513134,0.08534219231995055
2004,2965,0.010682011151363559,10.445517023823683,0.046849435853738575,0.3350080431087775,0.0005004461962247272,0.0035785596522844455,0.11157912933024247
2005,2965,0.009009366396906884,10.445517023823683,0.046849435853738575,0.3350080431087775,0.0004220837330947169,0.003018210206277753,0.09410749007275589
2006,2965,0.009688585404828714,10.445517023823683,0.046849435853738575,0.3350080431087775,0.0004539047604369906,0.00324575403696393,0.10120228378290799
2007,2965,0.010837836863550944,10.445517023823683,0.046849435853738575,0.3350080431087775,0.0005077465429322132,0.003630762519190373,0.11320680945964526
2008,2965,0.01040851275546565,10.445517023823683,0.046849435853738575,0.3350080431087775,0.0004876329506700077,0.003486935489881297,0.10872229717990241
2009,2965,0.0,10.445517023823683,0.046849435853738575,0.3350080431087775,0.0,0.0,0.0
2010,2965,0.0,10.445517023823683,0.046849435853738575,0.3350080431087775,0.0,0.0,0.0
2011,2965,0.0,10.445517023823683,0.046849435853738575,0.3350080431087775,0.0,0.0,0.0
2012,2965,0.0,10.445517023823683,0.046849435853738575,0.3350080431087775,0.0,0.0,0.0
2013,2965,0.0,10.445517023823683,0.046849435853738575,0.3350080431087775,0.0,0.0,0.0
2014,2965,0.0,10.445517023823683,0.046849435853738575,0.3350080431087775,0.0,0.0,0.0
2015,2965,0.0,10.445517023823683,0.046849435853738575,0.3350080431087775,0.0,0.0,0.0
2016,2965,0.0,10.445517023823683,0.046849435853738575,0.3350080431087775,0.0,0.0,0.0
1979,2968,0.019673203975026737,3.4959927613944193,0.04139077101290035,0.5057797057134469,0.0008142890808204126,0.009950307316929636,0.06877737869012938
1980,2968,0.012230144080934764,3.4959927613944193,0.04139077101290035,0.5057797057134469,0.0005062150931087494,0.00618575867408824,0.04275649517775874
1981,2968,0.01543316190321392,3.4959927613944193,0.04139077101290035,0.5057797057134469,0.0006387904703409447,0.007805780085635516,0.05395422229906398
1982,2968,0.023647936085941387,3.4959927613944193,0.04139077101290035,0.5057797057134469,0.000978806307460903,0.011960646154277835,0.08267301337836896
1983,2968,0.01123080406052947,3.4959927613944193,0.04139077101290035,0.5057797057134469,0.00046485163916012675,0.00568031277265998,0.03926280970025008
1984,2968,0.007914163660606805,3.4959927613944193,0.04139077101290035,0.5057797057134469,0.00032757333583479346,0.004002823367229766,0.02766785886997215
1985,2968,0.01337577992181626,3.4959927613944193,0.04139077101290035,0.5057797057134469,0.0005536338438628469,0.0067651980325440595,0.046761629784674456
1986,2968,0.009427997382897974,3.4959927613944193,0.04139077101290035,0.5057797057134469,0.0003902320807857538,0.004768489741789284,0.03296021060505685
1987,2968,0.011491999095235659,3.4959927613944193,0.04139077101290035,0.5057797057134469,0.0004756627030313571,0.005812419920447489,0.04017594565089508
1988,2968,0.016624589347196347,3.4959927613944193,0.04139077101290035,0.5057797057134469,0.0006881045708533065,0.008408379907631873,0.0581194440189532
1989,2968,0.012209447430159778,3.4959927613944193,0.04139077101290035,0.5057797057134469,0.000505358442775788,0.0061752907281500125,0.042684139836464276
1990,2968,0.012076709882190504,3.4959927613944193,0.04139077101290035,0.5057797057134469,0.0004998643333229779,0.006108154770200989,0.042220090329598454
1991,2968,0.00865310413786505,3.4959927613944193,0.04139077101290035,0.5057797057134469,0.0003581586519211527,0.0043765644643571945,0.03025118942956831
1992,2968,0.019536930053136847,3.4959927613944193,0.04139077101290035,0.5057797057134469,0.0008086485981244382,0.00988138273281975,0.0683009660456355
1993,2968,0.024365095605496472,3.4959927613944193,0.04139077101290035,0.5057797057134469,0.001008490092914529,0.012323370885028004,0.08518019786749864
1994,2968,0.015581090969654612,3.4959927613944193,0.04139077101290035,0.5057797057134469,0.0006449133684561435,0.007880599605326355,0.05447138124454048
1995,2968,0.02603507267549996,3.4959927613944193,0.04139077101290035,0.5057797057134469,0.0010776117314158376,0.013168011396042572,0.0910184256159255
1996,2968,0.01608944238420195,3.4959927613944193,0.04139077101290035,0.5057797057134469,0.0006659544254497563,0.008137713434175122,0.05624857411004259
1997,2968,0.011180654316575148,3.4959927613944193,0.04139077101290035,0.5057797057134469,0.0004627759025917578,0.005654948049921158,0.039087486558399984
1998,2968,0.017598096563844094,3.4959927613944193,0.04139077101290035,0.5057797057134469,0.0007283987851369793,0.008900760101177886,0.061522818201518954
1999,2968,0.016029674052083425,3.4959927613944193,0.04139077101290035,0.5057797057134469,0.0006634805681012155,0.00810748382474523,0.0560396244535956
2000,2968,0.01656541188872074,3.4959927613944193,0.04139077101290035,0.5057797057134469,0.0006856551702204173,0.00837844915009921,0.05791256005248477
2001,2968,0.011806917691323669,3.4959927613944193,0.04139077101290035,0.5057797057134469,0.00048869742652974,0.005971699355300575,0.04127689878324725
2002,2968,0.01135097653438893,3.4959927613944193,0.04139077101290035,0.5057797057134469,0.0004698256705076973,0.005741093571123474,0.03968293179898161
2003,2968,0.01300135073961288,3.4959927613944193,0.04139077101290035,0.5057797057134469,0.0005381359313217193,0.0065758193509587075,0.045452628074036605
2004,2968,0.014620282570112494,3.4959927613944193,0.04139077101290035,0.5057797057134469,0.0006051447680034244,0.007394642215758934,0.051112402034654274
2005,2968,0.013237384842007965,3.4959927613944193,0.04139077101290035,0.5057797057134469,0.0005479055648051897,0.006695200609806431,0.04627780158745205
2006,2968,0.014794577713476446,3.4959927613944193,0.04139077101290035,0.5057797057134469,0.0006123589783710624,0.0074827971620768366,0.05172173659420085
2007,2968,0.01721051669879589,3.4959927613944193,0.04139077101290035,0.5057797057134469,0.0007123565556935584,0.008704730071093349,0.060167841798848216
2008,2968,0.010912252298905292,3.4959927613944193,0.04139077101290035,0.5057797057134469,0.0004516665361389843,0.005519195756411203,0.03814915504748251
2009,2968,0.0,3.4959927613944193,0.04139077101290035,0.5057797057134469,0.0,0.0,0.0
2010,2968,0.0,3.4959927613944193,0.04139077101290035,0.5057797057134469,0.0,0.0,0.0
2011,2968,0.0,3.4959927613944193,0.04139077101290035,0.5057797057134469,0.0,0.0,0.0
2012,2968,0.0,3.4959927613944193,0.04139077101290035,0.5057797057134469,0.0,0.0,0.0
2013,2968,0.0,3.4959927613944193,0.04139077101290035,0.5057797057134469,0.0,0.0,0.0
2014,2968,0.0,3.4959927613944193,0.04139077101290035,0.5057797057134469,0.0,0.0,0.0
2015,2968,0.0,3.4959927613944193,0.04139077101290035,0.5057797057134469,0.0,0.0,0.0
2016,2968,0.0,3.4959927613944193,0.04139077101290035,0.5057797057134469,0.0,0.0,0.0
1979,2972,0.02628122340134917,12.810442509236966,0.028550590013708764,0.8062623008513037,0.0007503444343906087,0.021189559648758904,0.3366741014553967
1980,2972,0.04447084143808873,12.810442509236966,0.028550590013708764,0.8062623008513037,0.0012696687614635218,0.03585516293866692,0.5696911575800286
1981,2972,0.023112250065231245,12.810442509236966,0.028550590013708764,0.8062623008513037,0.000659868375906731,0.018634535915444037,0.2960781507197532
1982,2972,0.028629256139393218,12.810442509236966,0.028550590013708764,0.8062623008513037,0.0008173821544332703,0.023082689926608488,0.36675343985591624
1983,2972,0.041391504396593184,12.810442509236966,0.028550590013708764,0.8062623008513037,0.0011817518720777557,0.033372409570494074,0.5302434874433861
1984,2972,0.02722312374363608,12.810442509236966,0.028550590013708764,0.8062623008513037,0.0007772362448970143,0.021948978385903782,0.34874026163969385
1985,2972,0.019479828981258204,12.810442509236966,0.028550590013708764,0.8062623008513037,0.000556160610781065,0.015705851734619147,0.24954522925417633
1986,2972,0.034143880178669164,12.810442509236966,0.028550590013708764,0.8062623008513037,0.0009748279244583804,0.02752892339284502,0.4373982140711169
1987,2972,0.027907428558832662,12.810442509236966,0.028550590013708764,0.8062623008513037,0.0007967735511200985,0.022500707560687803,0.35750650913356363
1988,2972,0.024611491685798226,12.810442509236966,0.028550590013708764,0.8062623008513037,0.0007026726087470271,0.01984331791397441,0.31528409930748175
1989,2972,0.026686822206371967,12.810442509236966,0.028550590013708764,0.8062623008513037,0.0007619245195828648,0.021516578674519126,0.3418700016289565
1990,2972,0.03119896234158745,12.810442509236966,0.028550590013708764,0.8062623008513037,0.0008907487826678024,0.025154547161701474,0.3996725134247551
1991,2972,0.029333934027815707,12.810442509236966,0.028550590013708764,0.8062623008513037,0.0008375011239173468,0.023650845142287043,0.3757806754330831
1992,2972,0.019529573779993814,12.810442509236966,0.028550590013708764,0.8062623008513037,0.00055758085413508,0.015745959090503105,0.2501824821385124
1993,2972,0.031402532286851186,12.810442509236966,0.028550590013708764,0.8062623008513037,0.0008965608247141405,0.025318677934153988,0.4022803345051647
1994,2972,0.02557502843662755,12.810442509236966,0.028550590013708764,0.8062623008513037,0.0007301821514830962,0.020620181271652847,0.3276274314595178
1995,2972,0.022088956687240643,12.810442509236966,0.028550590013708764,0.8062623008513037,0.0006306527462079781,0.01780949304205943,0.28296930973092166
1996,2972,0.019277449711287715,12.810442509236966,0.028550590013708764,0.8062623008513037,0.000550382563216864,0.015542680958768132,0.246952661251158
1997,2972,0.03004277686715416,12.810442509236966,0.028550590013708764,0.8062623008513037,0.0008577390052074522,0.024222358400874035,0.38486126587451264
1998,2972,0.015436228585946066,12.810442509236966,0.028550590013708764,0.8062623008513037,0.0004407134337152375,0.01244564917617154,0.1977449188597023
1999,2972,0.020003264194957973,12.810442509236966,0.028550590013708764,0.8062623008513037,0.0005711049949661452,0.016127877814363315,0.25625066596658735
2000,2972,0.019435093889276937,12.810442509236966,0.028550590013708764,0.8062623008513037,0.0005548833975106823,0.015669783516429534,0.24897215293020486
2001,2972,0.039411561422620624,12.810442509236966,0.028550590013708764,0.8062623008513037,0.001125223331977342,0.03177605619274458,0.504879541803743
2002,2972,0.040263763275527165,12.810442509236966,0.028550590013708764,0.8062623008513037,0.0011495541976885995,0.03246315441945875,0.5157966246466674
2003,2972,0.023856380239497533,12.810442509236966,0.028550590013708764,0.8062623008513037,0.0006811137314290374,0.019234500021880856,0.30561078753657994
2004,2972,0.029701837097841695,12.810442509236966,0.028550590013708764,0.8062623008513037,0.0008480049736344435,0.023947471518016454,0.3804936765606228
2005,2972,0.03994146867865225,12.810442509236966,0.028550590013708764,0.8062623008513037,0.0011403524967895904,0.032203300436230445,0.5116678882423636
2006,2972,0.035465015967443614,12.810442509236966,0.028550590013708764,0.8062623008513037,0.0010125471307161175,0.028594105373639312,0.4543225481401074
2007,2972,0.03254016570689285,12.810442509236966,0.028550590013708764,0.8062623008513037,0.0009290409300756435,0.02623590887292212,0.41685392202919513
2008,2972,0.0292972823965591,12.810442509236966,0.028550590013708764,0.8062623008513037,0.0008364546982200057,0.023621294313740136,0.3753111518180005
2009,2972,0.0,12.810442509236966,0.028550590013708764,0.8062623008513037,0.0,0.0,0.0
2010,2972,0.0,12.810442509236966,0.028550590013708764,0.8062623008513037,0.0,0.0,0.0
2011,2972,0.0,12.810442509236966,0.028550590013708764,0.8062623008513037,0.0,0.0,0.0
2012,2972,0.0,12.810442509236966,0.028550590013708764,0.8062623008513037,0.0,0.0,0.0
2013,2972,0.0,12.810442509236966,0.028550590013708764,0.8062623008513037,0.0,0.0,0.0
2014,2972,0.0,12.810442509236966,0.028550590013708764,0.8062623008513037,0.0,0.0,0.0
2015,2972,0.0,12.810442509236966,0.028550590013708764,0.8062623008513037,0.0,0.0,0.0
2016,2972,0.0,12.810442509236966,0.028550590013708764,0.8062623008513037,0.0,0.0,0.0
1979,2990,0.01415232216532104,11.75785687344727,0.039214323072848674,0.5334362388189217,0.0005549737336219366,0.0075493615064225125,0.16640097844676013
1980,2990,0.02391198086147419,11.75785687344727,0.039214323072848674,0.5334362388189217,0.0009376921428136232,0.01275551713345483,0.2811536485298239
1981,2990,0.012939569335692592,11.75785687344727,0.039214323072848674,0.5334362388189217,0.0005074164523533751,0.006902435198368508,0.15214160425312068
1982,2990,0.02608439840181264,11.75785687344727,0.039214323072848674,0.5334362388189217,0.0010228820260895785,0.013914363375317226,0.30669662303848977
1983,2990,0.02137606144160664,11.75785687344727,0.039214323072848674,0.5334362388189217,0.0008382477793962261,0.01140276581617282,0.25133667094842577
1984,2990,0.02730291301381836,11.75785687344727,0.039214323072848674,0.5334362388189217,0.0010706652517537578,0.014564363226891456,0.3210237434446572
1985,2990,0.030318560590539268,11.75785687344727,0.039214323072848674,0.5334362388189217,0.0011889218301011446,0.016173018927820852,0.3564812960324997
1986,2990,0.014023667425628621,11.75785687344727,0.039214323072848674,0.5334362388189217,0.0005499286250947848,0.007480732405974761,0.16488827443136606
1987,2990,0.013175062658350336,11.75785687344727,0.039214323072848674,0.5334362388189217,0.0005166511635895745,0.007028055870674027,0.15491050103558296
1988,2990,0.01625801372348279,11.75785687344727,0.039214323072848674,0.5334362388189217,0.0006375470026754616,0.00867261369132107,0.19115939840725216
1989,2990,0.013931222924917094,11.75785687344727,0.039214323072848674,0.5334362388189217,0.0005463034765775748,0.007431419159215712,0.16380132522326266
1990,2990,0.021798251073920413,11.75785687344727,0.039214323072848674,0.5334362388189217,0.0008548036600357856,0.011627977065702625,0.2563007162186245
1991,2990,0.02045858250900757,11.75785687344727,0.039214323072848674,0.5334362388189217,0.000802269464120754,0.010913349305171577,0.2405490849745228
1992,2990,0.018202152703433647,11.75785687344727,0.039214323072848674,0.5334362388189217,0.000713785096733773,0.009709687876527312,0.21401830627560411
1993,2990,0.021743517540684976,11.75785687344727,0.039214323072848674,0.5334362388189217,0.0008526573215805728,0.011598780215596243,0.25565716716866416
1994,2990,0.01722205091994963,11.75785687344727,0.039214323072848674,0.5334362388189217,0.0006753510687519554,0.00918686606748588,0.20249440978398864
1995,2990,0.01730622258532203,11.75785687344727,0.039214323072848674,0.5334362388189217,0.0006786518036314486,0.009231766284077259,0.20348408817823702
1996,2990,0.019395188883550612,11.75785687344727,0.039214323072848674,0.5334362388189217,0.0007605692029384769,0.010346096609223799,0.22804585492626364
1997,2990,0.017426733482665678,11.75785687344727,0.039214323072848674,0.5334362388189217,0.0006833775568936812,0.009296051163892947,0.20490103806089432
1998,2990,0.014988846519947372,11.75785687344727,0.039214323072848674,0.5334362388189217,0.0005877774699225598,0.00799559391183481,0.1762367120796094
1999,2990,0.01820383835582812,11.75785687344727,0.039214323072848674,0.5334362388189217,0.0007138511984513584,0.009710587064600575,0.21403812593519672
2000,2990,0.01614214769981203,11.75785687344727,0.039214323072848674,0.5334362388189217,0.0006330033949900701,0.008610806555447237,0.18979706228443594
2001,2990,0.01651352624478476,11.75785687344727,0.039214323072848674,0.5334362388189217,0.0006475667532349551,0.008808913329655534,0.19416367806209436
2002,2990,0.015898082040895725,11.75785687344727,0.039214323072848674,0.5334362388189217,0.0006234325253903384,0.008480613088330062,0.1869273731991744
2003,2990,0.012690104299543715,11.75785687344727,0.039214323072848674,0.5334362388189217,0.0004976338498304532,0.006769361507768426,0.14920843006315282
2004,2990,0.01813933406602096,11.75785687344727,0.039214323072848674,0.5334362388189217,0.0007113217063912757,0.009676178138858158,0.21327969372792077
2005,2990,0.020236541421996868,11.75785687344727,0.039214323072848674,0.5334362388189217,0.0007935622731992697,0.010794904542853322,0.23793835765342627
2006,2990,0.019233167617261085,11.75785687344727,0.039214323072848674,0.5334362388189217,0.0007542156486575274,0.010259668594325635,0.2261408320667767
2007,2990,0.016232452895744345,11.75785687344727,0.039214323072848674,0.5334362388189217,0.0006365446521185167,0.008658978619511176,0.1908588578531367
2008,2990,0.01723150242501357,11.75785687344727,0.039214323072848674,0.5334362388189217,0.0006757217031250574,0.009191907842798365,0.2026055392277691
2009,2990,0.0,11.75785687344727,0.039214323072848674,0.5334362388189217,0.0,0.0,0.0
2010,2990,0.0,11.75785687344727,0.039214323072848674,0.5334362388189217,0.0,0.0,0.0
2011,2990,0.0,11.75785687344727,0.039214323072848674,0.5334362388189217,0.0,0.0,0.0
2012,2990,0.0,11.75785687344727,0.039214323072848674,0.5334362388189217,0.0,0.0,0.0
2013,2990,0.0,11.75785687344727,0.039214323072848674,0.5334362388189217,0.0,0.0,0.0
2014,2990,0.0,11.75785687344727,0.039214323072848674,0.5334362388189217,0.0,0.0,0.0
2015,2990,0.0,11.75785687344727,0.039214323072848674,0.5334362388189217,0.0,0.0,0.0
2016,2990,0.0,11.75785687344727,0.039214323072848674,0.5334362388189217,0.0,0.0,0.0
1979,2993,0.015465711834857397,9.279193884573449,0.032732805525838515,0.463301152389317,0.0005062361378090464,0.00716528211561053,0.14350933867858395
1980,2993,0.01845111245075173,9.279193884573449,0.032732805525838515,0.463301152389317,0.000603956675585834,0.008548421661298152,0.17121144981659248
1981,2993,0.013066598083719988,9.279193884573449,0.032732805525838515,0.463301152389317,0.00042770641395870057,0.006053769949995512,0.12124749703063366
1982,2993,0.009424735570614342,9.279193884573449,0.032732805525838515,0.463301152389317,0.000308498036565372,0.0043664908508302125,0.08745394867056645
1983,2993,0.012065611664963396,9.279193884573449,0.032732805525838515,0.463301152389317,0.0003949413201795355,0.005590011788659527,0.1119591499751664
1984,2993,0.01271706928670009,9.279193884573449,0.032732805525838515,0.463301152389317,0.00041626535582016795,0.005891832855542942,0.1180041515548443
1985,2993,0.020364999772891725,9.279193884573449,0.032732805525838515,0.463301152389317,0.0006666035770998103,0.009435127863188916,0.18897078135195655
1986,2993,0.009521044294214794,9.279193884573449,0.032732805525838515,0.463301152389317,0.0003116504912854273,0.004411110793459446,0.08834761598963084
1987,2993,0.012419824374886413,9.279193884573449,0.032732805525838515,0.463301152389317,0.0004065356959282259,0.005754118945357804,0.11524595838692225
1988,2993,0.017238565985448158,9.279193884573449,0.032732805525838515,0.463301152389317,0.0005642666279460093,0.007986647486597415,0.1599599960709864
1989,2993,0.008321336901394267,9.279193884573449,0.032732805525838515,0.463301152389317,0.0002723807025083222,0.003855284975835712,0.07721529848689306
1990,2993,0.020281558132621027,9.279193884573449,0.032732805525838515,0.463301152389317,0.0006638722981160727,0.009396469255094245,0.18819651019383793
1991,2993,0.01852186402542906,9.279193884573449,0.032732805525838515,0.463301152389317,0.000606272573120394,0.008581200947379517,0.1718679673956623
1992,2993,0.013850891798010094,9.279193884573449,0.032732805525838515,0.463301152389317,0.0004533785475836962,0.006417134131637816,0.12852511046798382
1993,2993,0.01582670718862331,9.279193884573449,0.032732805525838515,0.463301152389317,0.0005180525285195972,0.007332531679017467,0.14685908455760804
1994,2993,0.012761214389141256,9.279193884573449,0.032732805525838515,0.463301152389317,0.00041771034887329284,0.005912285332376278,0.11841378251945023
1995,2993,0.020368392231204898,9.279193884573449,0.032732805525838515,0.463301152389317,0.00066671462177803,0.009436699593034842,0.18900226063038983
1996,2993,0.018819830070207974,9.279193884573449,0.032732805525838515,0.463301152389317,0.0006160258377174454,0.008719248959298475,0.17463285209618531
1997,2993,0.01886151212432199,9.279193884573449,0.032732805525838515,0.463301152389317,0.000617390208288677,0.008738560303003453,0.17501962795781656
1998,2993,0.01614193381750888,9.279193884573449,0.032732805525838515,0.463301152389317,0.0005283707804594743,0.007478576539443952,0.14978413356461776
1999,2993,0.01672597440739914,9.279193884573449,0.032732805525838515,0.463301152389317,0.0005474880675075481,0.007749163217782245,0.1552035594346701
2000,2993,0.0167966137978763,9.279193884573449,0.032732805525838515,0.463301152389317,0.0005498002929385009,0.007781890528794393,0.15585903603479578
2001,2993,0.01650954000539286,9.279193884573449,0.032732805525838515,0.463301152389317,0.0005404035623175754,0.007648888909916043,0.1531952226551621
2002,2993,0.01649637861755698,9.279193884573449,0.032732805525838515,0.463301152389317,0.0005399727531690935,0.007642791223764637,0.15307309558564294
2003,2993,0.019226650613647547,9.279193884573449,0.032732805525838515,0.463301152389317,0.0006293422154497689,0.008907729385889677,0.17840781879498865
2004,2993,0.01693587324417811,9.279193884573449,0.032732805525838515,0.463301152389317,0.0005543586453119339,0.007846409590747118,0.15715125143728859
2005,2993,0.012480297333546208,9.279193884573449,0.032732805525838515,0.463301152389317,0.000408515145523609,0.005782136136793278,0.11580709869510028
2006,2993,0.015359503132541275,9.279193884573449,0.032732805525838515,0.463301152389317,0.0005027596290109811,0.007116075501433697,0.14252380753756372
2007,2993,0.008676582393058544,9.279193884573449,0.032732805525838515,0.463301152389317,0.0002840088841008999,0.0040198706215048815,0.0805116902806665
2008,2993,0.013931234371686906,9.279193884573449,0.032732805525838515,0.463301152389317,0.0004560083854233046,0.006454356938608206,0.12927062478631657
2009,2993,0.0,9.279193884573449,0.032732805525838515,0.463301152389317,0.0,0.0,0.0
2010,2993,0.0,9.279193884573449,0.032732805525838515,0.463301152389317,0.0,0.0,0.0
2011,2993,0.0,9.279193884573449,0.032732805525838515,0.463301152389317,0.0,0.0,0.0
2012,2993,0.0,9.279193884573449,0.032732805525838515,0.463301152389317,0.0,0.0,0.0
2013,2993,0.0,9.279193884573449,0.032732805525838515,0.463301152389317,0.0,0.0,0.0
2014,2993,0.0,9.279193884573449,0.032732805525838515,0.463301152389317,0.0,0.0,0.0
2015,2993,0.0,9.279193884573449,0.032732805525838515,0.463301152389317,0.0,0.0,0.0
2016,2993,0.0,9.279193884573449,0.032732805525838515,0.463301152389317,0.0,0.0,0.0
1979,2995,0.0097283353887185,13.55664880079138,0.0497920357252128,0.3133710581164646,0.00048439362322192346,0.003048578754474564,0.131883626281167
1980,2995,0.003189821871541744,13.55664880079138,0.0497920357252128,0.3133710581164646,0.00015882772458487165,0.0009995978550880777,0.0432432948495745
1981,2995,0.014503653304890509,13.55664880079138,0.0497920357252128,0.3133710581164646,0.0007221664235032088,0.004545025182707898,0.19662093418283785
1982,2995,0.012291496622194966,13.55664880079138,0.0497920357252128,0.3133710581164646,0.0006120186389286642,0.003851799302332187,0.1666315029432107
1983,2995,0.006195129322917262,13.55664880079138,0.0497920357252128,0.3133710581164646,0.00030846810056900966,0.0019413742310909192,0.08398519250627381
1984,2995,0.0031759737781540736,13.55664880079138,0.0497920357252128,0.3133710581164646,0.0001581381998241867,0.0009952582634102879,0.04305556111095729
1985,2995,0.012929011771949866,13.55664880079138,0.0497920357252128,0.3133710581164646,0.0006437618160406246,0.004051578099376157,0.1752740719336218
1986,2995,0.004584121389906343,13.55664880079138,0.0497920357252128,0.3133710581164646,0.0002282527360149288,0.0014365309704892691,0.06214532374315595
1987,2995,0.0069058175918657976,13.55664880079138,0.0497920357252128,0.3133710581164646,0.0003438547162459848,0.0021640833659222806,0.09361974377525148
1988,2995,0.012754842835430243,13.55664880079138,0.0497920357252128,0.3133710581164646,0.0006350895901312171,0.0039969985954479825,0.17291292482921794
1989,2995,0.009679733047557024,13.55664880079138,0.0497920357252128,0.3133710581164646,0.0004819736137144823,0.003033348187397855,0.13122474141114462
1990,2995,0.008362518472676756,13.55664880079138,0.0497920357252128,0.3133710581164646,0.00041638681854427303,0.0026205712623011967,0.11336772602420912
1991,2995,0.004720674574907253,13.55664880079138,0.0497920357252128,0.3133710581164646,0.0002350519970808857,0.0014793227865621775,0.06399652731484277
1992,2995,0.014934303552052088,13.55664880079138,0.0497920357252128,0.3133710581164646,0.0007436093759949499,0.004679978506339038,0.2024591083395814
1993,2995,0.012673457099767143,13.55664880079138,0.0497920357252128,0.3133710581164646,0.0006310372286735574,0.00397149466134765,0.17180960699343925
1994,2995,0.012012609658017192,13.55664880079138,0.0497920357252128,0.3133710581164646,0.0005981322892450283,0.003764404199272909,0.1628507303147337
1995,2995,0.008053263173991404,13.55664880079138,0.0497920357252128,0.3133710581164646,0.0004009883676639206,0.0025236596021240443,0.10917526055014797
1996,2995,0.010764896184088787,13.55664880079138,0.0497920357252128,0.3133710581164646,0.0005360060953763558,0.003373406907721795,0.14593591694467098
1997,2995,0.0072292206496662815,13.55664880079138,0.0497920357252128,0.3133710581164646,0.00035995761285362955,0.002265428524343318,0.09800400545095468
1998,2995,0.010837778132367745,13.55664880079138,0.0497920357252128,0.3133710581164646,0.0005396350359487848,0.0033962460009715617,0.14692395192140623
1999,2995,0.01231534742831548,13.55664880079138,0.0497920357252128,0.3133710581164646,0.0006132062191190919,0.0038592734546831027,0.16695483994540225
2000,2995,0.009983924233960618,13.55664880079138,0.0497920357252128,0.3133710581164646,0.000497119912135185,0.0031286729013508523,0.1353485544935142
2001,2995,0.010702547260846271,13.55664880079138,0.0497920357252128,0.3133710581164646,0.000532901615562836,0.003353868559672866,0.14509067448916468
2002,2995,0.008484678753171389,13.55664880079138,0.0497920357252128,0.3133710581164646,0.0004224694275948638,0.0026588527586596036,0.11502381004428101
2003,2995,0.012598782748557837,13.55664880079138,0.0497920357252128,0.3133710581164646,0.0006273190407103864,0.003948093880895029,0.17079727303966774
2004,2995,0.0069237901632806685,13.55664880079138,0.0497920357252128,0.3133710581164646,0.000344749607163948,0.0021697154496436322,0.09386339161397003
2005,2995,0.008680214208970591,13.55664880079138,0.0497920357252128,0.3133710581164646,0.00043220553599556343,0.002720127911342685,0.11767461554665347
2006,2995,0.00548002184948356,13.55664880079138,0.0497920357252128,0.3133710581164646,0.00027286144370443214,0.0017172802454740084,0.07429073163411186
2007,2995,0.005883025942130345,13.55664880079138,0.0497920357252128,0.3133710581164646,0.0002929278378829078,0.0018435700644119973,0.07975411658340592
2008,2995,0.0105971361150279,13.55664880079138,0.0497920357252128,0.3133710581164646,0.000527652980024412,0.003320835757370494,0.14366165260561603
2009,2995,0.0,13.55664880079138,0.0497920357252128,0.3133710581164646,0.0,0.0,0.0
2010,2995,0.0,13.55664880079138,0.0497920357252128,0.3133710581164646,0.0,0.0,0.0
2011,2995,0.0,13.55664880079138,0.0497920357252128,0.3133710581164646,0.0,0.0,0.0
2012,2995,0.0,13.55664880079138,0.0497920357252128,0.3133710581164646,0.0,0.0,0.0
2013,2995,0.0,13.55664880079138,0.0497920357252128,0.3133710581164646,0.0,0.0,0.0
2014,2995,0.0,13.55664880079138,0.0497920357252128,0.3133710581164646,0.0,0.0,0.0
2015,2995,0.0,13.55664880079138,0.0497920357252128,0.3133710581164646,0.0,0.0,0.0
2016,2995,0.0,13.55664880079138,0.0497920357252128,0.3133710581164646,0.0,0.0,0.0
1979,3008,0.021682527047837602,3.613388726784288,0.014935336654818002,0.7943568025481003,0.0003238358409866517,0.01722366285688298,0.0783473988028518
1980,3008,0.020063075518253082,3.613388726784288,0.014935336654818002,0.7943568025481003,0.00029964878719614693,0.01593724051796059,0.07249569090227752
1981,3008,0.030358963913941783,3.613388726784288,0.014935336654818002,0.7943568025481003,0.0004534213465461917,0.024115849503351952,0.10969873796348824
1982,3008,0.020665745908451338,3.613388726784288,0.014935336654818002,0.7943568025481003,0.00030864987236564845,0.01641597584210889,0.07467337329618659
1983,3008,0.02384126538749852,3.613388726784288,0.014935336654818002,0.7943568025481003,0.00035607732483915037,0.01893847134191402,0.08614775958345959
1984,3008,0.02205318259827593,3.613388726784288,0.014935336654818002,0.7943568025481003,0.00032937170641542503,0.017518095614775873,0.07968672139032568
1985,3008,0.027409167858926182,3.613388726784288,0.014935336654818002,0.7943568025481003,0.00040936514940147965,0.02177265894092076,0.09903997815198211
1986,3008,0.02734357195087633,3.613388726784288,0.014935336654818002,0.7943568025481003,0.0004083854524315766,0.02172055238514204,0.09880295463731159
1987,3008,0.04017359736336699,3.613388726784288,0.014935336654818002,0.7943568025481003,0.0006000062012569948,0.03191217034841899,0.14516282382716125
1988,3008,0.022906632715507986,3.613388726784288,0.014935336654818002,0.7943568025481003,0.00034211827123437966,0.01819603952103463,0.08277056842280471
1989,3008,0.036273159954681215,3.613388726784288,0.014935336654818002,0.7943568025481003,0.0005417518554572269,0.028813831359916362,0.13106902726508837
1990,3008,0.01948633594264093,3.613388726784288,0.014935336654818002,0.7943568025481003,0.0002910349874722226,0.01547910351277437,0.07041170662147023
1991,3008,0.02671917366044031,3.613388726784288,0.014935336654818002,0.7943568025481003,0.0003990598537572218,0.021224557355634784,0.0965467608936267
1992,3008,0.02148085580396392,3.613388726784288,0.014935336654818002,0.7943568025481003,0.0003208238130658024,0.017063463932433583,0.07761868220372208
1993,3008,0.02258629938204213,3.613388726784288,0.014935336654818002,0.7943568025481003,0.00033733398505730704,0.01794158055851312,0.08161307956684596
1994,3008,0.015554299047166415,3.613388726784288,0.014935336654818002,0.7943568025481003,0.0002323086926991453,0.012355663256984076,0.056203728830062714
1995,3008,0.018266763819903744,3.613388726784288,0.014935336654818002,0.7943568025481003,0.0002728202672443117,0.01451032810088006,0.06600491846167128
1996,3008,0.024495969000475043,3.613388726784288,0.014935336654818002,0.7943568025481003,0.0003658555437080804,0.019458539610534738,0.08851345823797391
1997,3008,0.029656986228526014,3.613388726784288,0.014935336654818002,0.7943568025481003,0.00044293707349033726,0.023558228753704967,0.10716221970855278
1998,3008,0.023322228676767053,3.613388726784288,0.014935336654818002,0.7943568025481003,0.0003483253368281665,0.018526170999972287,0.08427227818411531
1999,3008,0.02983154017159378,3.613388726784288,0.014935336654818002,0.7943568025481003,0.0004455440953944803,0.02369688686579244,0.10779295095864959
2000,3008,0.026196124213469712,3.613388726784288,0.014935336654818002,0.7943568025481003,0.0003912479341795996,0.020809069469364668,0.09465677991839237
2001,3008,0.031051418244421262,3.613388726784288,0.014935336654818002,0.7943568025481003,0.0004637633850899893,0.02466590531122222,0.11220084463505575
2002,3008,0.021229802153305617,3.613388726784288,0.014935336654818002,0.7943568025481003,0.00031707424227479954,0.016864037757228625,0.07671152777261532
2003,3008,0.021303772987101854,3.613388726784288,0.014935336654818002,0.7943568025481003,0.0003181790215801839,0.016922796992244818,0.07697881314956548
2004,3008,0.0252121819186356,3.613388726784288,0.014935336654818002,0.7943568025481003,0.0003765524247573379,0.0200274682141484,0.09110141392243253
2005,3008,0.01644630542247894,3.613388726784288,0.014935336654818002,0.7943568025481003,0.00024563110821268177,0.013064234589129853,0.0594268946108367
2006,3008,0.021928097806593057,3.613388726784288,0.014935336654818002,0.7943568025481003,0.0003275035229412435,0.01741873365960727,0.07923474141416662
2007,3008,0.029716972762384688,3.613388726784288,0.014935336654818002,0.7943568025481003,0.0004438329925682722,0.023605879464936887,0.10737897437375657
2008,3008,0.02375034221085653,3.613388726784288,0.014935336654818002,0.7943568025481003,0.00035471935658627676,0.01886624589803917,0.08581921880197801
2009,3008,0.1437670471019354,3.613388726784288,0.014935336654818002,0.7943568025481003,0.002147209248336482,0.11420233184767555,0.5194862272811992
2010,3008,0.09873280491070176,3.613388726784288,0.014935336654818002,0.7943568025481003,0.0014746076802157988,0.07842907521547042,0.3567600042281221
2011,3008,0.1253308705200077,3.613388726784288,0.014935336654818002,0.7943568025481003,0.0018718587444577198,0.09955742956684327,0.452869154655057
2012,3008,0.0788806383989947,3.613388726784288,0.014935336654818002,0.7943568025481003,0.00117810889003595,0.06265937170157833,0.28502640955247527
2013,3008,0.09224089297071003,3.613388726784288,0.014935336654818002,0.7943568025481003,0.0013776487898585898,0.07327218080439475,0.3333022028088797
2014,3008,0.0736381855738784,3.613388726784288,0.014935336654818002,0.7943568025481003,0.0010998110921958363,0.058494993637909685,0.2660833896135016
2015,3008,0.07969862702610324,3.613388726784288,0.014935336654818002,0.7943568025481003,0.0011903258255616283,0.06330914653192898,0.287982120436307
2016,3008,0.096242930912308,3.613388726784288,0.014935336654818002,0.7943568025481003,0.0014374205738217102,0.0764512268673587,0.34776312159121275
1979,3010,0.020801451480378028,10.682379667359534,0.02499868375801973,0.6134706132865775,0.0005200089072657617,0.012761079196918493,0.22220900234555613
1980,3010,0.02869528623579704,10.682379667359534,0.02499868375801973,0.6134706132865775,0.0007173443859545466,0.017603714845508295,0.30653394223434016
1981,3010,0.019753888440090888,10.682379667359534,0.02499868375801973,0.6134706132865775,0.0004938212101050338,0.01211843005613719,0.21101853622371544
1982,3010,0.0167860904133881,10.682379667359534,0.02499868375801973,0.6134706132865775,0.00041963016577781584,0.010297773180585137,0.17931539092643584
1983,3010,0.021296441444043444,10.682379667359534,0.02499868375801973,0.6134706132865775,0.0005323830048308271,0.013064740993499017,0.2274966730689626
1984,3010,0.021696063380665646,10.682379667359534,0.02499868375801973,0.6134706132865775,0.0005423730272472129,0.01330989730804141,0.23176558631936645
1985,3010,0.0330858034858261,10.682379667359534,0.02499868375801973,0.6134706132865775,0.0008271015382221535,0.02029716815552892,0.3534351144352419
1986,3010,0.02654783150651937,10.682379667359534,0.02499868375801973,0.6134706132865775,0.0006636608442926702,0.01628631447573316,0.28359401549772933
1987,3010,0.019842771404527608,10.682379667359534,0.02499868375801973,0.6134706132865775,0.0004960431672244627,0.012172957142840914,0.2119680177957889
1988,3010,0.02266156562469291,10.682379667359534,0.02499868375801973,0.6134706132865775,0.0005665093125133089,0.013902204561814381,0.2420794478597533
1989,3010,0.01916493295917767,10.682379667359534,0.02499868375801973,0.6134706132865775,0.00047909809829013185,0.011757123176062867,0.20472709016942814
1990,3010,0.02178155421251357,10.682379667359534,0.02499868375801973,0.6134706132865775,0.0005445101855167892,0.013362343421085535,0.23267883184324437
1991,3010,0.02789751723228185,10.682379667359534,0.02499868375801973,0.6134706132865775,0.0006974012109237198,0.01711430700566081,0.29801187085193986
1992,3010,0.019199950426032588,10.682379667359534,0.02499868375801973,0.6134706132865775,0.0004799734888700449,0.011778605362930097,0.20510116004536155
1993,3010,0.01533057583956165,10.682379667359534,0.02499868375801973,0.6134706132865775,0.0003832442172415395,0.009404857762332273,0.16376703163744669
1994,3010,0.023594121340257054,10.682379667359534,0.02499868375801973,0.6134706132865775,0.0005898219779334308,0.014474300088565421,0.2520413620743756
1995,3010,0.015959723936979163,10.682379667359534,0.02499868375801973,0.6134706132865775,0.0003989720915658397,0.009790821631503077,0.17048783048105745
1996,3010,0.021272345941420846,10.682379667359534,0.02499868375801973,0.6134706132865775,0.0005317806489807742,0.013049959110727684,0.22723927576167213
1997,3010,0.009955242945319423,10.682379667359534,0.02499868375801973,0.6134706132865775,0.0002488679701242972,0.00610724899508198,0.10634568482270465
1998,3010,0.014612438987488622,10.682379667359534,0.02499868375801973,0.6134706132865775,0.0003652917411815861,0.00896430190726734,0.1560956211304802
1999,3010,0.022565616848982045,10.682379667359534,0.02499868375801973,0.6134706132865775,0.0005641107194123439,0.013843342807534941,0.2410544866089915
2000,3010,0.02027404795479416,10.682379667359534,0.02499868375801973,0.6134706132865775,0.0005068245133168259,0.012437532632629056,0.21657507764736528
2001,3010,0.01655458218386448,10.682379667359534,0.02499868375801973,0.6134706132865775,0.0004138427647605758,0.010155749685038393,0.17684233212254633
2002,3010,0.01909293068097518,10.682379667359534,0.02499868375801973,0.6134706132865775,0.00047729813610749086,0.011712951894295956,0.20395793449675428
2003,3010,0.01367285796402328,10.682379667359534,0.02499868375801973,0.6134706132865775,0.00034180345231093947,0.008387896560569626,0.14605865990957714
2004,3010,0.01803144259901833,10.682379667359534,0.02499868375801973,0.6134706132865775,0.0004507623312337446,0.011061760149661494,0.19261871579291395
2005,3010,0.012781195105724156,10.682379667359534,0.02499868375801973,0.6134706132865775,0.00031951305449754775,0.007840887600044,0.1365335787219429
2006,3010,0.01551937020476065,10.682379667359534,0.02499868375801973,0.6134706132865775,0.0003879638278724454,0.009520677557335953,0.16578380472556054
2007,3010,0.015697580496797654,10.682379667359534,0.02499868375801973,0.6134706132865775,0.0003924188506055028,0.009630004334485874,0.16768751472573085
2008,3010,0.0180245571276262,10.682379667359534,0.02499868375801973,0.6134706132865775,0.0004505902035118879,0.011057536115303798,0.1925451625733145
2009,3010,0.0,10.682379667359534,0.02499868375801973,0.6134706132865775,0.0,0.0,0.0
2010,3010,0.0,10.682379667359534,0.02499868375801973,0.6134706132865775,0.0,0.0,0.0
2011,3010,0.0,10.682379667359534,0.02499868375801973,0.6134706132865775,0.0,0.0,0.0
2012,3010,0.0,10.682379667359534,0.02499868375801973,0.6134706132865775,0.0,0.0,0.0
2013,3010,0.0,10.682379667359534,0.02499868375801973,0.6134706132865775,0.0,0.0,0.0
2014,3010,0.0,10.682379667359534,0.02499868375801973,0.6134706132865775,0.0,0.0,0.0
2015,3010,0.0,10.682379667359534,0.02499868375801973,0.6134706132865775,0.0,0.0,0.0
2016,3010,0.0,10.682379667359534,0.02499868375801973,0.6134706132865775,0.0,0.0,0.0
1979,3012,0.009239108440100214,0.5331867236048021,0.031130112020155167,0.6060009050490269,0.00028761448070668073,0.005598908076546834,0.004926169958206507
1980,3012,0.011073582118720485,0.5331867236048021,0.031130112020155167,0.6060009050490269,0.0003447218518201559,0.006710600786079335,0.005904286968449298
1981,3012,0.010885778545443784,0.5331867236048021,0.031130112020155167,0.6060009050490269,0.0003388755055462668,0.006596791650702213,0.00580415259653262
1982,3012,0.016038322092487255,0.5331867236048021,0.031130112020155167,0.6060009050490269,0.0004992747633544576,0.00971923770351508,0.008551420408611794
1983,3012,0.004868949392399391,0.5331867236048021,0.031130112020155167,0.6060009050490269,0.00015157094000585946,0.0029505877384319408,0.002596059173931023
1984,3012,0.014870557367352556,0.5331867236048021,0.031130112020155167,0.6060009050490269,0.00046292211664782876,0.009011571223199124,0.007928783760875961
1985,3012,0.0070472270278938215,0.5331867236048021,0.031130112020155167,0.6060009050490269,0.00021938096680979984,0.00427062595698962,0.0037574878895019143
1986,3012,0.01120364690890163,0.5331867236048021,0.031130112020155167,0.6060009050490269,0.00034877078330837295,0.006789420166644121,0.0059736357877823295
1987,3012,0.010238908077540007,0.5331867236048021,0.031130112020155167,0.6060009050490269,0.000318738355417892,0.006204787561703036,0.0054592498511543
1988,3012,0.018025288603864816,0.5331867236048021,0.031130112020155167,0.6060009050490269,0.0005611292534339381,0.01092334120771199,0.009610844572725659
1989,3012,0.007518851367681063,0.5331867236048021,0.031130112020155167,0.6060009050490269,0.00023406268533880838,0.004556430733743838,0.0040089517260053515
1990,3012,0.014412426516388271,0.5331867236048021,0.031130112020155167,0.6060009050490269,0.0004486604519374216,0.008733943512883887,0.007684514473468035
1991,3012,0.015329975717374234,0.5331867236048021,0.031130112020155167,0.6060009050490269,0.00047722386134811846,0.009289979159108392,0.008173739525687944
1992,3012,0.020622186938307547,0.5331867236048021,0.031130112020155167,0.6060009050490269,0.0006419709894900946,0.012497063948704595,0.010995476287201947
1993,3012,0.011741880452049509,0.5331867236048021,0.031130112020155167,0.6060009050490269,0.0003655260537995714,0.00711559018091948,0.006260614767187551
1994,3012,0.018603486671276245,0.5331867236048021,0.031130112020155167,0.6060009050490269,0.000579128624042293,0.011273729759860913,0.009919132105883388
1995,3012,0.013369698829741658,0.5331867236048021,0.031130112020155167,0.6060009050490269,0.0004162002222455953,0.008102049591056362,0.007128545914612912
1996,3012,0.020516072927929875,0.5331867236048021,0.031130112020155167,0.6060009050490269,0.0006386676484601298,0.012432758762377344,0.01093889770568011
1997,3012,0.02630933202331824,0.5331867236048021,0.031130112020155167,0.6060009050490269,0.0008190124530613525,0.015943479017366202,0.014027786541743952
1998,3012,0.031456167608708445,0.5331867236048021,0.031130112020155167,0.6060009050490269,0.0009792340213838704,0.019062466040251202,0.016772010944450758
1999,3012,0.02331647148368925,0.5331867236048021,0.031130112020155167,0.6060009050490269,0.0007258443692019999,0.014129802821665514,0.01243203303641307
2000,3012,0.01929059170665784,0.5331867236048021,0.031130112020155167,0.6060009050490269,0.0006005182807633348,0.011690116033165903,0.01028548738847086
2001,3012,0.02475509245733109,0.5331867236048021,0.031130112020155167,0.6060009050490269,0.000770628801266015,0.01500160843371498,0.013199086639858313
2002,3012,0.024086041293402558,0.5331867236048021,0.031130112020155167,0.6060009050490269,0.0007498011635857047,0.014596162822850185,0.01284235744183928
2003,3012,0.018328452825051016,0.5331867236048021,0.031130112020155167,0.6060009050490269,0.0005705667895999675,0.01110705900012931,0.009772487710534131
2004,3012,0.03496042820930112,0.5331867236048021,0.031130112020155167,0.6060009050490269,0.0010883220464281366,0.021186051135738012,0.018640436172738164
2005,3012,0.03413268066895915,0.5331867236048021,0.031130112020155167,0.6060009050490269,0.001062554172772883,0.020684435377138672,0.018199092173731297
2006,3012,0.035653196401228784,0.5331867236048021,0.031130112020155167,0.6060009050490269,0.001109887997846845,0.021605869287035354,0.019009810975209696
2007,3012,0.0308813590366588,0.5331867236048021,0.031130112020155167,0.6060009050490269,0.0009613401661458195,0.01871413152535918,0.016465530645219655
2008,3012,0.028761620383013244,0.5331867236048021,0.031130112020155167,0.6060009050490269,0.0008953524644043805,0.017429567982782567,0.015335314137583926
2009,3012,0.1205268188858,0.5331867236048021,0.031130112020155167,0.6060009050490269,0.0037520133733479075,0.07303936132747495,0.06426329966822909
2010,3012,0.12622512951376005,0.5331867236048021,0.031130112020155167,0.6060009050490269,0.003929402421521944,0.07649254272526923,0.06730156324203353
2011,3012,0.09950076383680144,0.5331867236048021,0.031130112020155167,0.6060009050490269,0.003097469924330633,0.06029755293817116,0.05305248626631934
2012,3012,0.1811036304303222,0.5331867236048021,0.031130112020155167,0.6060009050490269,0.005637776302552713,0.10974896394843975,0.09656205134207844
2013,3012,0.1472547581990289,0.5331867236048021,0.031130112020155167,0.6060009050490269,0.004584057118236632,0.08923651674138712,0.07851428205935759
2014,3012,0.16924334853587275,0.5331867236048021,0.031130112020155167,0.6060009050490269,0.005268564398587883,0.10256162238626679,0.09023830649774758
2015,3012,0.12421919588863775,0.5331867236048021,0.031130112020155167,0.6060009050490269,0.0038669574830668915,0.07527694513297684,0.06623202606468587
2016,3012,0.16496879615492974,0.5331867236048021,0.031130112020155167,0.6060009050490269,0.005135497104133106,0.09997123977473585,0.08795917191887546
1979,3013,0.00957592644487486,18.688844632826203,0.02433935343054791,0.4050651003231056,0.00023307185816673936,0.003878873606079915,0.17896300154363803
1980,3013,0.016493137619765896,18.688844632826203,0.02433935343054791,0.4050651003231056,0.00040143230570614786,0.00668079444459326,0.3082376864836258
1981,3013,0.022218548565398958,18.688844632826203,0.02433935343054791,0.4050651003231056,0.0005407851062470385,0.008999958603677123,0.4152390021056447
1982,3013,0.010736779291560174,18.688844632826203,0.02433935343054791,0.4050651003231056,0.00026132626588307086,0.004349094580882865,0.2006580000369139
1983,3013,0.011967898180679882,18.688844632826203,0.02433935343054791,0.4050651003231056,0.000291290903640379,0.00484777787721381,0.2236661896802097
1984,3013,0.023167597074627733,18.688844632826203,0.02433935343054791,0.4050651003231056,0.0005638843333358923,0.009384385033279371,0.43297562224363656
1985,3013,0.006905256919560543,18.688844632826203,0.02433935343054791,0.4050651003231056,0.0001680694886939206,0.0027970785868786105,0.12905127371941508
1986,3013,0.009788698137972472,18.688844632826203,0.02433935343054791,0.4050651003231056,0.00023825058360505823,0.003965059993290417,0.18293945865820269
1987,3013,0.007331692613222411,18.688844632826203,0.02433935343054791,0.4050651003231056,0.00017844865775735766,0.0029698128039131085,0.13702086414415318
1988,3013,0.01958988997490286,18.688844632826203,0.02433935343054791,0.4050651003231056,0.00047680525576470804,0.007935180748002627,0.36611241011511914
1989,3013,0.007111556309622422,18.688844632826203,0.02433935343054791,0.4050651003231056,0.00017309068246114314,0.002880643270010621,0.13290677096812833
1990,3013,0.011278396292126723,18.688844632826203,0.02433935343054791,0.4050651003231056,0.0002745088734838534,0.004568484725554054,0.21078019601099948
1991,3013,0.01546754223711957,18.688844632826203,0.02433935343054791,0.4050651003231056,0.0003764699772111809,0.006265361548030712,0.2890704937212047
1992,3013,0.011234716188128796,18.688844632826203,0.02433935343054791,0.4050651003231056,0.00027344572799476477,0.00455079143984601,0.2099638653338365
1993,3013,0.012977140033614392,18.688844632826203,0.02433935343054791,0.4050651003231056,0.0003158551977958531,0.005256586529623004,0.2425277538666484
1994,3013,0.012727352500431704,18.688844632826203,0.02433935343054791,0.4050651003231056,0.0003097755307431749,0.005155406317434897,0.2378595134677802
1995,3013,0.01433472124080921,18.688844632826203,0.02433935343054791,0.4050651003231056,0.00034889784660843763,0.005806495297512136,0.267899378124357
1996,3013,0.00986530998602402,18.688844632826203,0.02433935343054791,0.4050651003231056,0.0002401152664517523,0.0039960927792073555,0.18437124558347176
1997,3013,0.014976612411931009,18.688844632826203,0.02433935343054791,0.4050651003231056,0.00036452106268631943,0.006066503009139103,0.27989558249263513
1998,3013,0.013972415925600149,18.688844632826203,0.02433935343054791,0.4050651003231056,0.00034007956949179825,0.005659738058659383,0.2611283103787677
1999,3013,0.009759507357436376,18.688844632826203,0.02433935343054791,0.4050651003231056,0.00023754009888067663,0.003953235826844053,0.18239391669605268
2000,3013,0.016704707309716,18.688844632826203,0.02433935343054791,0.4050651003231056,0.00040658177516503485,0.006766493942278227,0.3121916795481185
2001,3013,0.014423001377064657,18.688844632826203,0.02433935343054791,0.4050651003231056,0.0003510465280456559,0.005842254499760986,0.26954923187499974
2002,3013,0.01968704417696571,18.688844632826203,0.02433935343054791,0.4050651003231056,0.0004791699262259786,0.007974534524608027,0.367928109902898
2003,3013,0.02198281751016411,18.688844632826203,0.02433935343054791,0.4050651003231056,0.0005350475647791216,0.008904472180139148,0.4108334610392284
2004,3013,0.0164045559412533,18.688844632826203,0.02433935343054791,0.4050651003231056,0.0003992762849253586,0.006644913098099766,0.3065821972565889
2005,3013,0.008479989744103265,18.688844632826203,0.02433935343054791,0.4050651003231056,0.0002063974674691509,0.003434947896434096,0.15848121081550556
2006,3013,0.00804950382300587,18.688844632826203,0.02433935343054791,0.4050651003231056,0.00019591971848868643,0.0032605730736170947,0.15043592631949726
2007,3013,0.012734490435775798,18.688844632826203,0.02433935343054791,0.4050651003231056,0.00030994926347427924,0.005158297645931152,0.23799291323242516
2008,3013,0.014475920781495141,18.688844632826203,0.02433935343054791,0.4050651003231056,0.00035233455213342355,0.005863690303625659,0.2705382344024628
2009,3013,0.0,18.688844632826203,0.02433935343054791,0.4050651003231056,0.0,0.0,0.0
2010,3013,0.0,18.688844632826203,0.02433935343054791,0.4050651003231056,0.0,0.0,0.0
2011,3013,0.0,18.688844632826203,0.02433935343054791,0.4050651003231056,0.0,0.0,0.0
2012,3013,0.0,18.688844632826203,0.02433935343054791,0.4050651003231056,0.0,0.0,0.0
2013,3013,0.0,18.688844632826203,0.02433935343054791,0.4050651003231056,0.0,0.0,0.0
2014,3013,0.0,18.688844632826203,0.02433935343054791,0.4050651003231056,0.0,0.0,0.0
2015,3013,0.0,18.688844632826203,0.02433935343054791,0.4050651003231056,0.0,0.0,0.0
2016,3013,0.0,18.688844632826203,0.02433935343054791,0.4050651003231056,0.0,0.0,0.0
1979,3034,0.012190540795962976,2.932475605597083,0.017288511684794162,0.5661409187622221,0.00021075630699496584,0.006901563966434829,0.03574846350319747
1980,3034,0.013458284384104518,2.932475605597083,0.017288511684794162,0.5661409187622221,0.00023267370683187377,0.007619285486180198,0.03946609064957466
1981,3034,0.0177477152584967,2.932475605597083,0.017288511684794162,0.5661409187622221,0.00030683158262491986,0.010047707822375629,0.0520447420506247
1982,3034,0.01949160561846064,2.932475605597083,0.017288511684794162,0.5661409187622221,0.0003369808514901563,0.011034995512986196,0.057158657990054866
1983,3034,0.017776704476571273,2.932475605597083,0.017288511684794162,0.5661409187622221,0.00030733276306033514,0.010064119804930566,0.05212975222545372
1984,3034,0.022045482768947338,2.932475605597083,0.017288511684794162,0.5661409187622221,0.0003811335864478744,0.012480849869368581,0.0646478404335489
1985,3034,0.013460529404130395,2.932475605597083,0.017288511684794162,0.5661409187622221,0.0002327125198868237,0.007620556483880287,0.03947267411603462
1986,3034,0.011752021157898276,2.932475605597083,0.017288511684794162,0.5661409187622221,0.00020317495510827256,0.006653300055645603,0.03446251536199748
1987,3034,0.012683129150646958,2.932475605597083,0.017288511684794162,0.5661409187622221,0.0002192724265207134,0.00718043839012719,0.03719296683690945
1988,3034,0.012558443821754877,2.932475605597083,0.017288511684794162,0.5661409187622221,0.00021711680275524024,0.007109848923472057,0.03682733015155758
1989,3034,0.02957189480818312,2.932475605597083,0.017288511684794162,0.5661409187622221,0.0005112540489327777,0.016741859696244574,0.08671886013628002
1990,3034,0.013528406920116287,2.932475605597083,0.017288511684794162,0.5661409187622221,0.00023388602111508062,0.007658984723143837,0.03967172327583177
1991,3034,0.015359148061909418,2.932475605597083,0.017288511684794162,0.5661409187622221,0.0002655368107368046,0.0086954421951744,0.045040327014303085
1992,3034,0.021741010208014274,2.932475605597083,0.017288511684794162,0.5661409187622221,0.0003758697090204839,0.012308475493984049,0.06375498207603902
1993,3034,0.015091367879148044,2.932475605597083,0.017288511684794162,0.5661409187622221,0.0002609072899181782,0.00854384087647956,0.04425506816069302
1994,3034,0.018454874541453028,2.932475605597083,0.017288511684794162,0.5661409187622221,0.000319057314151321,0.01044805962853976,0.05411846939716566
1995,3034,0.017186216684827137,2.932475605597083,0.017288511684794162,0.5661409187622221,0.00029712410797303834,0.009729820503994666,0.050398161180761146
1996,3034,0.015844169320863445,2.932475605597083,0.017288511684794162,0.5661409187622221,0.00027392210643960486,0.008970032576337843,0.04646264002438175
1997,3034,0.022060452524130456,2.932475605597083,0.017288511684794162,0.5661409187622221,0.00038139239123527626,0.012489324860321597,0.06469173887544516
1998,3034,0.02018544997673524,2.932475605597083,0.017288511684794162,0.5661409187622221,0.0003489763877856152,0.011427809195457762,0.05919333964477629
1999,3034,0.016084290780743953,2.932475605597083,0.017288511684794162,0.5661409187622221,0.00027807344910451887,0.00910597516024912,0.0471667903478617
2000,3034,0.02274563415183061,2.932475605597083,0.017288511684794162,0.5661409187622221,0.00039323816181197665,0.012877234216546758,0.06670101728407916
2001,3034,0.019975642474362388,2.932475605597083,0.017288511684794162,0.5661409187622221,0.0003453491283292847,0.011309028583301189,0.058578084262196656
2002,3034,0.014792856404871869,2.932475605597083,0.017288511684794162,0.5661409187622221,0.00025574647080710944,0.00837484131617178,0.04337969054438732
2003,3034,0.01817603885243571,2.932475605597083,0.017288511684794162,0.5661409187622221,0.0003142366600836075,0.010290199335375798,0.05330079054115252
2004,3034,0.02173743572089756,2.932475605597083,0.017288511684794162,0.5661409187622221,0.00037580791145819947,0.012306451830563689,0.06374449997976674
2005,3034,0.018432558179744804,2.932475605597083,0.017288511684794162,0.5661409187622221,0.00031867149747116623,0.010435425423018835,0.054053027210850604
2006,3034,0.019327683277575985,2.932475605597083,0.017288511684794162,0.5661409187622221,0.00033414687818437316,0.010942192368312103,0.05667795972419825
2007,3034,0.02446544516759535,2.932475605597083,0.017288511684794162,0.5661409187622221,0.00042297113465366307,0.013850889605109197,0.0717443211340464
2008,3034,0.029593517606461405,2.932475605597083,0.017288511684794162,0.5661409187622221,0.0005116278749334697,0.016754101247128055,0.08678226846475584
2009,3034,0.06268402967653369,2.932475605597083,0.017288511684794162,0.5661409187622221,0.0010837135795127367,0.03548799415279118,0.18381938788695865
2010,3034,0.07957656399421939,2.932475605597083,0.017288511684794162,0.5661409187622221,0.0013757603564498323,0.04505154905162812,0.23335633269028352
2011,3034,0.08891220299591157,2.932475605597083,0.017288511684794162,0.5661409187622221,0.0015371596604156076,0.05033683629327857,0.26073286632540654
2012,3034,0.10270507095916416,2.932475605597083,0.017288511684794162,0.5661409187622221,0.001775617819365123,0.05814554323436041,0.3011801151588663
2013,3034,0.0941130443995094,2.932475605597083,0.017288511684794162,0.5661409187622221,0.0016270744677924702,0.05328124542384805,0.2759842068700365
2014,3034,0.10317713434418288,2.932475605597083,0.017288511684794162,0.5661409187622221,0.0017837790927129828,0.05841279763286891,0.3025644295197293
2015,3034,0.09009482438706456,2.932475605597083,0.017288511684794162,0.5661409187622221,0.0015576054241552438,0.051006366654213785,0.26420087470562
2016,3034,0.09554933323245564,2.932475605597083,0.017288511684794162,0.5661409187622221,0.0016519057640636003,0.05409438730334015,0.28019608883524283
1979,3060,0.02487580463285695,15.76342286011235,0.036080413431983115,0.3185495843929607,0.0008975293156067197,0.007924177227237067,0.3921278274132659
1980,3060,0.010325123252621929,15.76342286011235,0.036080413431983115,0.3185495843929607,0.0003725347156907814,0.00328906372092881,0.1627592839138581
1981,3060,0.015296843484609647,15.76342286011235,0.036080413431983115,0.3185495843929607,0.0005519164371290533,0.004872803134546572,0.24113061227285637
1982,3060,0.014908937336305004,15.76342286011235,0.036080413431983115,0.3185495843929607,0.0005379206229254136,0.004749235792220654,0.2350158836270928
1983,3060,0.005325513500620542,15.76342286011235,0.036080413431983115,0.3185495843929607,0.00019214672883999682,0.001696440112301775,0.08394832125751879
1984,3060,0.011035555197029841,15.76342286011235,0.036080413431983115,0.3185495843929607,0.00039816739396030654,0.0035153715215594334,0.17395812306689185
1985,3060,0.005223962211186098,15.76342286011235,0.036080413431983115,0.3185495843929607,0.0001884827163326511,0.0016640909912578636,0.08234752534017399
1986,3060,0.006518079287153975,15.76342286011235,0.036080413431983115,0.3185495843929607,0.0002351749954629612,0.0020763314479632644,0.10274724003914777
1987,3060,0.007023131514759323,15.76342286011235,0.036080413431983115,0.3185495843929607,0.0002533974886397062,0.002237215625163687,0.11070859186933259
1988,3060,0.01371667479462057,15.76342286011235,0.036080413431983115,0.3185495843929607,0.0004949032975019723,0.004369441055079783,0.21622174502224878
1989,3060,0.006203678832373528,15.76342286011235,0.036080413431983115,0.3185495843929607,0.0002238312970712792,0.001976179313759995,0.09779121272303197
1990,3060,0.010435340543995851,15.76342286011235,0.036080413431983115,0.3185495843929607,0.0003765114011309059,0.003324173393288891,0.16449668568428144
1991,3060,0.009592268328942407,15.76342286011235,0.036080413431983115,0.3185495843929607,0.00034609300705875983,0.0030556130895703637,0.15120698185678244
1992,3060,0.00794322440087478,15.76342286011235,0.036080413431983115,0.3185495843929607,0.0002865948203665784,0.0025303108316386855,0.12521240510375173
1993,3060,0.015267998249189937,15.76342286011235,0.036080413431983115,0.3185495843929607,0.0005508756891095673,0.004863614496791907,0.240675912629436
1994,3060,0.013040778287225168,15.76342286011235,0.036080413431983115,0.3185495843929607,0.0004705166720779127,0.004154134503556324,0.205567302566502
1995,3060,0.011831541318276573,15.76342286011235,0.036080413431983115,0.3185495843929607,0.00042688690230100926,0.003768932569665145,0.18650558888688473
1996,3060,0.010440541891047652,15.76342286011235,0.036080413431983115,0.3185495843929607,0.0003766990678829381,0.0033258302802305255,0.16457867671730117
1997,3060,0.008188114030043254,15.76342286011235,0.036080413431983115,0.3185495843929607,0.00029543053943218204,0.0026083203212324494,0.12907270388239048
1998,3060,0.011083925107073737,15.76342286011235,0.036080413431983115,0.3185495843929607,0.00039991260031235813,0.0035307797363010414,0.17472059841261936
1999,3060,0.017475293185495483,15.76342286011235,0.036080413431983115,0.3185495843929607,0.0006305158029777942,0.0055667473813847245,0.27547043608740507
2000,3060,0.014804891376379756,15.76342286011235,0.036080413431983115,0.3185495843929607,0.0005341666016753831,0.0047160919949287,0.23337576316390485
2001,3060,0.01585952559064328,15.76342286011235,0.036080413431983115,0.3185495843929607,0.0005722182401455257,0.0050520452855689416,0.2500004082460831
2002,3060,0.009825954853510885,15.76342286011235,0.036080413431983115,0.3185495843929607,0.0003545245134786738,0.0031300538348498874,0.15489068136026538
2003,3060,0.013583530891568288,15.76342286011235,0.036080413431983115,0.3185495843929607,0.000490099410433898,0.004327028120098021,0.21412294137718985
2004,3060,0.014209190959834812,15.76342286011235,0.036080413431983115,0.3185495843929607,0.000512673484364837,0.004526331874815594,0.22398548559996181
2005,3060,0.008479071285929009,15.76342286011235,0.036080413431983115,0.3185495843929607,0.0003059283975155754,0.002701004634170973,0.13365918614113556
2006,3060,0.012369527084873726,15.76342286011235,0.036080413431983115,0.3185495843929607,0.00044629765118035694,0.003940307712023997,0.19498608601847736
2007,3060,0.021387445520258643,15.76342286011235,0.036080413431983115,0.3185495843929607,0.0007716678766249471,0.0068129618817054805,0.33713934763345255
2008,3060,0.010134366170791557,15.76342286011235,0.036080413431983115,0.3185495843929607,0.000365652121313263,0.0032282981317917313,0.15975229936940488
2009,3060,0.0,15.76342286011235,0.036080413431983115,0.3185495843929607,0.0,0.0,0.0
2010,3060,0.0,15.76342286011235,0.036080413431983115,0.3185495843929607,0.0,0.0,0.0
2011,3060,0.0,15.76342286011235,0.036080413431983115,0.3185495843929607,0.0,0.0,0.0
2012,3060,0.0,15.76342286011235,0.036080413431983115,0.3185495843929607,0.0,0.0,0.0
2013,3060,0.0,15.76342286011235,0.036080413431983115,0.3185495843929607,0.0,0.0,0.0
2014,3060,0.0,15.76342286011235,0.036080413431983115,0.3185495843929607,0.0,0.0,0.0
2015,3060,0.0,15.76342286011235,0.036080413431983115,0.3185495843929607,0.0,0.0,0.0
2016,3060,0.0,15.76342286011235,0.036080413431983115,0.3185495843929607,0.0,0.0,0.0
1979,3066,0.0150235099078377,5.338966096098964,0.021961490708057647,0.6426799092384436,0.00032993867324338964,0.009655307984011992,0.08021001004235236
1980,3066,0.015845537775127552,5.338966096098964,0.021961490708057647,0.6426799092384436,0.0003479916306126402,0.010183608779153306,0.08459878895586141
1981,3066,0.027461858653377653,5.338966096098964,0.021961490708057647,0.6426799092384436,0.0006031033536421459,0.01764918482687172,0.14661793228624526
1982,3066,0.02273884888600824,5.338966096098964,0.021961490708057647,0.6426799092384436,0.000499379018521997,0.014613801338246461,0.1214019432667157
1983,3066,0.029302420682479475,5.338966096098964,0.021961490708057647,0.6426799092384436,0.0006435248395418692,0.018832077064682602,0.156444630557387
1984,3066,0.014313416543261926,5.338966096098964,0.021961490708057647,0.6426799092384436,0.0003143439644154054,0.009198945244915612,0.07641884564381746
1985,3066,0.026594183378655045,5.338966096098964,0.021961490708057647,0.6426799092384436,0.0005840479111587139,0.01709154736006455,0.1419854434120779
1986,3066,0.01696832815783376,5.338966096098964,0.021961490708057647,0.6426799092384436,0.00037264978116953906,0.01090520360040473,0.09059332874215585
1987,3066,0.01885795924778036,5.338966096098964,0.021961490708057647,0.6426799092384436,0.00041414889679305814,0.01211963153778575,0.10068200506551526
1988,3066,0.02389205012773044,5.338966096098964,0.021961490708057647,0.6426799092384436,0.0005247050368765995,0.015354940607610144,0.12755884559824976
1989,3066,0.032857965138337546,5.338966096098964,0.021961490708057647,0.6426799092384436,0.0007216098960712821,0.02111715405286672,0.17542756186038588
1990,3066,0.020790320460592617,5.338966096098964,0.021961490708057647,0.6426799092384436,0.00045658642961284555,0.013361521266651822,0.1109988160661366
1991,3066,0.011663277570081041,5.338966096098964,0.021961490708057647,0.6426799092384436,0.00025614296198083196,0.007495754170162459,0.06226984351605419
1992,3066,0.02123652725281712,5.338966096098964,0.021961490708057647,0.6426799092384436,0.0004663857959341562,0.013648289407380242,0.11338109900167229
1993,3066,0.021675943039585515,5.338966096098964,0.021961490708057647,0.6426799092384436,0.0004760360216522441,0.013930693105338492,0.1157271249893194
1994,3066,0.024792196716159138,5.338966096098964,0.021961490708057647,0.6426799092384436,0.0005444735978142663,0.015933446735362795,0.13236469771538972
1995,3066,0.01679296765207235,5.338966096098964,0.021961490708057647,0.6426799092384436,0.00036879860305169955,0.010792502926477978,0.0896570849473009
1996,3066,0.02536308731263269,5.338966096098964,0.021961490708057647,0.6426799092384436,0.0005570112063440376,0.016300346652089497,0.13541266325454374
1997,3066,0.02419595358058579,5.338966096098964,0.021961490708057647,0.6426799092384436,0.000531379209732629,0.01555025325110847,0.12918137582953187
1998,3066,0.017877557659635255,5.338966096098964,0.021961490708057647,0.6426799092384436,0.00039261781642484445,0.011489547134099429,0.09544767422584698
1999,3066,0.02652817102817313,5.338966096098964,0.021961490708057647,0.6426799092384436,0.0005825981815369883,0.017049122548648217,0.14163300571093115
2000,3066,0.021243527720783056,5.338966096098964,0.021961490708057647,0.6426799092384436,0.00046653953664634214,0.013652788467497217,0.11341847426279925
2001,3066,0.015080903512105209,5.338966096098964,0.021961490708057647,0.6426799092384436,0.0003311991223502125,0.009692193700393502,0.0805164325496695
2002,3066,0.024390195657811156,5.338966096098964,0.021961490708057647,0.6426799092384436,0.0005356450553067277,0.015675088731669957,0.13021842769427394
2003,3066,0.01541483516095876,5.338966096098964,0.021961490708057647,0.6426799092384436,0.0003385327591536361,0.009906804862170547,0.08229928230131305
2004,3066,0.020560480692275142,5.338966096098964,0.021961490708057647,0.6426799092384436,0.0004515388056765992,0.013213807865210161,0.10977170933555436
2005,3066,0.0194364910845176,5.338966096098964,0.021961490708057647,0.6426799092384436,0.00042685431834987863,0.012491442326111591,0.10377076692736927
2006,3066,0.019832340508029046,5.338966096098964,0.021961490708057647,0.6426799092384436,0.0004355477617861152,0.012745846797686016,0.10588419357865719
2007,3066,0.02411628213847656,5.338966096098964,0.021961490708057647,0.6426799092384436,0.0005296295060970496,0.015499050015924816,0.1287560127012834
2008,3066,0.017993740730103628,5.338966096098964,0.021961490708057647,0.6426799092384436,0.00039516936984736927,0.011564215659283086,0.0960679717000183
2009,3066,0.0,5.338966096098964,0.021961490708057647,0.6426799092384436,0.0,0.0,0.0
2010,3066,0.0,5.338966096098964,0.021961490708057647,0.6426799092384436,0.0,0.0,0.0
2011,3066,0.0,5.338966096098964,0.021961490708057647,0.6426799092384436,0.0,0.0,0.0
2012,3066,0.0,5.338966096098964,0.021961490708057647,0.6426799092384436,0.0,0.0,0.0
2013,3066,0.0,5.338966096098964,0.021961490708057647,0.6426799092384436,0.0,0.0,0.0
2014,3066,0.0,5.338966096098964,0.021961490708057647,0.6426799092384436,0.0,0.0,0.0
2015,3066,0.0,5.338966096098964,0.021961490708057647,0.6426799092384436,0.0,0.0,0.0
2016,3066,0.0,5.338966096098964,0.021961490708057647,0.6426799092384436,0.0,0.0,0.0
1979,3086,0.013304703681370357,3.6590314635373313,0.044664909061515226,0.4414554165540472,0.0005942533800188138,0.005873433505787516,0.0486823293831751
1980,3086,0.018697532469474858,3.6590314635373313,0.044664909061515226,0.4414554165540472,0.0008351235874238227,0.008254126984844845,0.06841485959631936
1981,3086,0.004330806743077917,3.6590314635373313,0.044664909061515226,0.4414554165540472,0.00019343508934257213,0.0019118580947805385,0.015846558135421736
1982,3086,0.017192428051772242,3.6590314635373313,0.044664909061515226,0.4414554165540472,0.0007678982354790506,0.007589690487170601,0.06290763517603645
1983,3086,0.012229642432502515,3.6590314635373313,0.044664909061515226,0.4414554165540472,0.0005462358671025727,0.005398841894347449,0.044748646448337925
1984,3086,0.01137924127458952,3.6590314635373313,0.044664909061515226,0.4414554165540472,0.0005082527767185815,0.005023427696942923,0.041637001854905695
1985,3086,0.018795670823620592,3.6590314635373313,0.044664909061515226,0.4414554165540472,0.0008395069280871888,0.00829745069285418,0.06877395092191838
1986,3086,0.009414999481976218,3.6590314635373313,0.044664909061515226,0.4414554165540472,0.00042052009567668074,0.0041563025181719495,0.034449779333738655
1987,3086,0.016736192271151647,3.6590314635373313,0.044664909061515226,0.4414554165540472,0.0007475205058270223,0.007388282730589875,0.06123825409995418
1988,3086,0.007572225969266852,3.6590314635373313,0.044664909061515226,0.4414554165540472,0.00033821278431054794,0.0033428001695040717,0.027707013070561875
1989,3086,0.011520697493429346,3.6590314635373313,0.044664909061515226,0.4414554165540472,0.0005145709058692481,0.005085874310955019,0.042154594610353646
1990,3086,0.01635998746051124,3.6590314635373313,0.044664909061515226,0.4414554165540472,0.0007307173521712639,0.007222205079198978,0.05986170886108683
1991,3086,0.016146543417789202,3.6590314635373313,0.044664909061515226,0.4414554165540472,0.000721183893413362,0.007127979050408141,0.059080710393062286
1992,3086,0.017021133978061227,3.6590314635373313,0.044664909061515226,0.4414554165540472,0.0007602474012539716,0.007514071790507265,0.062280864770810365
1993,3086,0.013189840090432257,3.6590314635373313,0.044664909061515226,0.4414554165540472,0.0005891230081750845,0.005822726351403043,0.04826203988991771
1994,3086,0.016333107066826644,3.6590314635373313,0.044664909061515226,0.4414554165540472,0.0007295167418318038,0.007210338583807808,0.05976335265484262
1995,3086,0.01537234085133814,3.6590314635373313,0.044664909061515226,0.4414554165540472,0.0006866042061876336,0.006786203133938276,0.0562478788432665
1996,3086,0.01270853522456086,3.6590314635373313,0.044664909061515226,0.4414554165540472,0.0005676255701100737,0.005610251711350296,0.04650093024214065
1997,3086,0.009741688743915308,3.6590314635373313,0.044664909061515226,0.4414554165540472,0.00043511164185256374,0.004300521262385005,0.03564514562197357
1998,3086,0.014604328169853438,3.6590314635373313,0.044664909061515226,0.4414554165540472,0.0006523009896110289,0.006447159775714655,0.0534376962773183
1999,3086,0.014072138465845384,3.6590314635373313,0.044664909061515226,0.4414554165540472,0.0006285307848780345,0.006212221748246005,0.051490397405782214
2000,3086,0.01970636537878824,3.6590314635373313,0.044664909061515226,0.4414554165540472,0.0008801830175765688,0.008699481737059216,0.07210621095294893
2001,3086,0.012211717739903215,3.6590314635373313,0.044664909061515226,0.4414554165540472,0.0005454352623376693,0.005390928941709422,0.04468305943414286
2002,3086,0.010123463827942313,3.6590314635373313,0.044664909061515226,0.4414554165540472,0.00045216359126258224,0.004469057941134103,0.037042072666422995
2003,3086,0.018623803351077904,3.6590314635373313,0.044664909061515226,0.4414554165540472,0.0008318304830554371,0.008221578866170757,0.06814508243232605
2004,3086,0.01482934114614376,3.6590314635373313,0.044664909061515226,0.4414554165540472,0.000662351173734697,0.006546492972892965,0.054261025837268766
2005,3086,0.012513571628353402,3.6590314635373313,0.044664909061515226,0.4414554165540472,0.0005589175388151617,0.005524183975773657,0.045787552309373175
2006,3086,0.009876341871316287,3.6590314635373313,0.044664909061515226,0.4414554165540472,0.0004411259115427771,0.004359964614832109,0.03613784565179746
2007,3086,0.012624006840210944,3.6590314635373313,0.044664909061515226,0.4414554165540472,0.000563850117509968,0.005572936198226464,0.04619163822424233
2008,3086,0.009030274124669987,3.6590314635373313,0.044664909061515226,0.4414554165540472,0.000403336372578939,0.0039864634253034235,0.03304205714653452
2009,3086,0.0,3.6590314635373313,0.044664909061515226,0.4414554165540472,0.0,0.0,0.0
2010,3086,0.0,3.6590314635373313,0.044664909061515226,0.4414554165540472,0.0,0.0,0.0
2011,3086,0.0,3.6590314635373313,0.044664909061515226,0.4414554165540472,0.0,0.0,0.0
2012,3086,0.0,3.6590314635373313,0.044664909061515226,0.4414554165540472,0.0,0.0,0.0
2013,3086,0.0,3.6590314635373313,0.044664909061515226,0.4414554165540472,0.0,0.0,0.0
2014,3086,0.0,3.6590314635373313,0.044664909061515226,0.4414554165540472,0.0,0.0,0.0
2015,3086,0.0,3.6590314635373313,0.044664909061515226,0.4414554165540472,0.0,0.0,0.0
2016,3086,0.0,3.6590314635373313,0.044664909061515226,0.4414554165540472,0.0,0.0,0.0
1979,3095,0.023109691274091786,12.886675439494073,0.017720036242838175,0.6353664420499481,0.00040950456693770754,0.01468312232169243,0.2978070909561291
1980,3095,0.014783022106555459,12.886675439494073,0.017720036242838175,0.6353664420499481,0.00026195568750684065,0.00939263615858787,0.19050400790204616
1981,3095,0.01911357358788244,12.886675439494073,0.017720036242838175,0.6353664420499481,0.0003386932167074313,0.012144123245392725,0.24631041931592723
1982,3095,0.01833526362798253,12.886675439494073,0.017720036242838175,0.6353664420499481,0.000324901536009843,0.011649611215359084,0.23628059147137148
1983,3095,0.015133299921560985,12.886675439494073,0.017720036242838175,0.6353664420499481,0.00026816262308380077,0.009615190927636961,0.19501792441767754
1984,3095,0.02477646497306803,12.886675439494073,0.017720036242838175,0.6353664420499481,0.00043903985729217606,0.015742134396513396,0.31928626264592097
1985,3095,0.018355653899944386,12.886675439494073,0.017720036242838175,0.6353664420499481,0.0003252628523680084,0.011662566509907919,0.23654335428826692
1986,3095,0.01942770941663652,12.886675439494073,0.017720036242838175,0.6353664420499481,0.0003442597149781276,0.012343714609228618,0.25035858578499753
1987,3095,0.027137123016376538,12.886675439494073,0.017720036242838175,0.6353664420499481,0.0004808708033765503,0.017242017298386914,0.34970729667366884
1988,3095,0.0296637532739455,12.886675439494073,0.017720036242838175,0.6353664420499481,0.0005256427831129238,0.01884735337551425,0.38226716075856537
1989,3095,0.024899948917740108,12.886675439494073,0.017720036242838175,0.6353664420499481,0.0004412279972671739,0.015820591951089986,0.3208775601628985
1990,3095,0.025242982531277592,12.886675439494073,0.017720036242838175,0.6353664420499481,0.0004473065653315699,0.016038543997626834,0.3252981230053929
1991,3095,0.02970415207061757,12.886675439494073,0.017720036242838175,0.6353664420499481,0.00052635865125412,0.018873021415218884,0.38278776693942446
1992,3095,0.02044853929678934,12.886675439494073,0.017720036242838175,0.6353664420499481,0.0003623488574522078,0.012992315658119591,0.2635136891294646
1993,3095,0.013152980393833823,12.886675439494073,0.017720036242838175,0.6353664420499481,0.00023307128928007527,0.00835696235518292,0.1694981893973654
1994,3095,0.021013921478162827,12.886675439494073,0.017720036242838175,0.6353664420499481,0.00037236745019720083,0.0133515405230973,0.2707995858000979
1995,3095,0.02727721281889953,12.886675439494073,0.017720036242838175,0.6353664420499481,0.0004833531997545097,0.01733102565778343,0.35151258849116546
1996,3095,0.017342425862049766,12.886675439494073,0.017720036242838175,0.6353664420499481,0.0003073084148142559,0.011018795416485564,0.22348621341772357
1997,3095,0.013676066551063334,12.886675439494073,0.017720036242838175,0.6353664420499481,0.00024234039494430915,0.008689313745787415,0.17623903093247428
1998,3095,0.02063266060150096,12.886675439494073,0.017720036242838175,0.6353664420499481,0.0003656114936447763,0.013109300156399807,0.2658864006247795
1999,3095,0.018863466934754457,12.886675439494073,0.017720036242838175,0.6353664420499481,0.0003342613177494285,0.01198521387106178,0.2430873760518088
2000,3095,0.018016608502791475,12.886675439494073,0.017720036242838175,0.6353664420499481,0.00031925495564249135,0.011447148442225462,0.232174186295903
2001,3095,0.016568457084211754,12.886675439494073,0.017720036242838175,0.6353664420499481,0.00029359366002014117,0.010527041627852878,0.2135123289774232
2002,3095,0.01822150933432626,12.886675439494073,0.017720036242838175,0.6353664420499481,0.00032288580580347546,0.011577335554530794,0.23481467680917423
2003,3095,0.02310527157898011,12.886675439494073,0.017720036242838175,0.6353664420499481,0.0004094262497801464,0.014680314195734378,0.29775013577968346
2004,3095,0.01615995978185516,12.886675439494073,0.017720036242838175,0.6353664420499481,0.0002863550730172807,0.010267496150267567,0.20824815682404488
2005,3095,0.017431169627741872,12.886675439494073,0.017720036242838175,0.6353664420499481,0.00030888095755864597,0.011075180227147471,0.22462982552347624
2006,3095,0.015501712370630047,12.886675439494073,0.017720036242838175,0.6353664420499481,0.0002746909050336173,0.009849267834608879,0.19976553607669967
2007,3095,0.024228942868654874,12.886675439494073,0.017720036242838175,0.6353664420499481,0.0004293377457582199,0.01539425722508871,0.31223052299039983
2008,3095,0.02230037163915905,12.886675439494073,0.017720036242838175,0.6353664420499481,0.0003951633936746589,0.014168907784764056,0.2873776514939411
2009,3095,0.0,12.886675439494073,0.017720036242838175,0.6353664420499481,0.0,0.0,0.0
2010,3095,0.0,12.886675439494073,0.017720036242838175,0.6353664420499481,0.0,0.0,0.0
2011,3095,0.0,12.886675439494073,0.017720036242838175,0.6353664420499481,0.0,0.0,0.0
2012,3095,0.0,12.886675439494073,0.017720036242838175,0.6353664420499481,0.0,0.0,0.0
2013,3095,0.0,12.886675439494073,0.017720036242838175,0.6353664420499481,0.0,0.0,0.0
2014,3095,0.0,12.886675439494073,0.017720036242838175,0.6353664420499481,0.0,0.0,0.0
2015,3095,0.0,12.886675439494073,0.017720036242838175,0.6353664420499481,0.0,0.0,0.0
2016,3095,0.0,12.886675439494073,0.017720036242838175,0.6353664420499481,0.0,0.0,0.0
1979,3100,0.02265749984726101,15.155902977102661,0.03669044263011897,0.3893695528259729,0.0008313136982878594,0.008822140583682568,0.3433948693888062
1980,3100,0.015171007887153126,15.155902977102661,0.03669044263011897,0.3893695528259729,0.0005566309945246741,0.005907128556940121,0.229930323602552
1981,3100,0.02045846665594037,15.155902977102661,0.03669044263011897,0.3893695528259729,0.0007506301971399819,0.007965904013328579,0.3100665356977222
1982,3100,0.013456600676728202,15.155902977102661,0.03669044263011897,0.3893695528259729,0.0004937286351259162,0.005239590588055345,0.20394693425810664
1983,3100,0.008049732515074666,15.155902977102661,0.03669044263011897,0.3893695528259729,0.0002953482490321503,0.003134320749763317,0.12200096499010021
1984,3100,0.00960787681389592,15.155902977102661,0.03669044263011897,0.3893695528259729,0.0003525172530374985,0.003741014698633688,0.14561604880736082
1985,3100,0.011060782992788063,15.155902977102661,0.03669044263011897,0.3893695528259729,0.000405825023841086,0.004306732127807015,0.16763615388948308
1986,3100,0.014416595104520237,15.155902977102661,0.03669044263011897,0.3893695528259729,0.0005289512556040537,0.005613383189120155,0.2184965166642819
1987,3100,0.014799371229904225,15.155902977102661,0.03669044263011897,0.3893695528259729,0.0005429954810726341,0.005762424557893377,0.22429783448255292
1988,3100,0.00960474801913106,15.155902977102661,0.03669044263011897,0.3893695528259729,0.0003524024561726769,0.00373979644121521,0.14556862909746932
1989,3100,0.009623147761623072,15.155902977102661,0.03669044263011897,0.3893695528259729,0.0003530775508689891,0.003746960740721438,0.14584749380948192
1990,3100,0.010857609730632337,15.155902977102661,0.03669044263011897,0.3893695528259729,0.0003983705069219872,0.0042276226455752455,0.16455687964070945
1991,3100,0.015131203517386782,15.155902977102661,0.03669044263011897,0.3893695528259729,0.0005551705545793341,0.00589162994728368,0.22932705243630858
1992,3100,0.0144747742393365,15.155902977102661,0.03669044263011897,0.3893695528259729,0.0005310858738122998,0.005636036372827365,0.21937827398684895
1993,3100,0.010566334517223492,15.155902977102661,0.03669044263011897,0.3893695528259729,0.00038768349041483433,0.004114208945980954,0.16014234076665013
1994,3100,0.013589034368854629,15.155902977102661,0.03669044263011897,0.3893695528259729,0.0004985876859091757,0.005291156235537704,0.20595408644687424
1995,3100,0.01465804806325539,15.155902977102661,0.03669044263011897,0.3893695528259729,0.0005378102715343984,0.00570739761969137,0.22215595428040627
1996,3100,0.011314517479572976,15.155902977102661,0.03669044263011897,0.3893695528259729,0.00041513465447175056,0.004405528611462984,0.17148172915314017
1997,3100,0.0103346898189819,15.155902977102661,0.03669044263011897,0.3893695528259729,0.00037918434390343,0.004024013553412117,0.15663155619494035
1998,3100,0.013878535496552956,15.155902977102661,0.03669044263011897,0.3893695528259729,0.0005092096104263459,0.005403879160172216,0.2103417374500319
1999,3100,0.014078286468126791,15.155902977102661,0.03669044263011897,0.3893695528259729,0.0005165385619891862,0.005481656106650475,0.21336914379478694
2000,3100,0.0153457971130209,15.155902977102661,0.03669044263011897,0.3893695528259729,0.0005630440885887386,0.0059751861596550535,0.23257941215124686
2001,3100,0.014897430011920253,15.155902977102661,0.03669044263011897,0.3893695528259729,0.0005465933011885725,0.005800605661997617,0.2257840038688407
2002,3100,0.012967564932957951,15.155902977102661,0.03669044263011897,0.3893695528259729,0.0004757856972250362,0.005049174959187605,0.1965351559731895
2003,3100,0.015374946348243029,15.155902977102661,0.03669044263011897,0.3893695528259729,0.000564113586931368,0.005986535984338713,0.2330211951321302
2004,3100,0.014186983516466882,15.155902977102661,0.03669044263011897,0.3893695528259729,0.0005205267048053716,0.005523979427756159,0.2150165457133268
2005,3100,0.008950755717157869,15.155902977102661,0.03669044263011897,0.3893695528259729,0.00032840718913659014,0.00348515175104428,0.13565678522099162
2006,3100,0.009757679337931887,15.155902977102661,0.03669044263011897,0.3893695528259729,0.00035801357395148716,0.0037993432404297743,0.14788644132737502
2007,3100,0.016333215133776554,15.155902977102661,0.03669044263011897,0.3893695528259729,0.0005992728928312195,0.00635965667284899,0.24754462387166232
2008,3100,0.01795171148191694,15.155902977102661,0.03669044263011897,0.3893695528259729,0.0006586562402397214,0.006989849872174882,0.272074397492873
2009,3100,0.0,15.155902977102661,0.03669044263011897,0.3893695528259729,0.0,0.0,0.0
2010,3100,0.0,15.155902977102661,0.03669044263011897,0.3893695528259729,0.0,0.0,0.0
2011,3100,0.0,15.155902977102661,0.03669044263011897,0.3893695528259729,0.0,0.0,0.0
2012,3100,0.0,15.155902977102661,0.03669044263011897,0.3893695528259729,0.0,0.0,0.0
2013,3100,0.0,15.155902977102661,0.03669044263011897,0.3893695528259729,0.0,0.0,0.0
2014,3100,0.0,15.155902977102661,0.03669044263011897,0.3893695528259729,0.0,0.0,0.0
2015,3100,0.0,15.155902977102661,0.03669044263011897,0.3893695528259729,0.0,0.0,0.0
2016,3100,0.0,15.155902977102661,0.03669044263011897,0.3893695528259729,0.0,0.0,0.0
1979,3127,0.010827765141356312,13.13505213920788,0.028293146027491143,0.4985291379285955,0.0003063515402957724,0.005397956421613659,0.14222325968281274
1980,3127,0.008405780033859684,13.13505213920788,0.028293146027491143,0.4985291379285955,0.0002378259619729615,0.004190526273897468,0.11041035901545954
1981,3127,0.01748186967615376,13.13505213920788,0.028293146027491143,0.4985291379285955,0.0004946170915809876,0.008715221419032988,0.2296252696871168
1982,3127,0.009718275219918422,13.13505213920788,0.028293146027491143,0.4985291379285955,0.0002749605799325005,0.004844843367538763,0.1276500517168004
1983,3127,0.016224918276696244,13.13505213920788,0.028293146027491143,0.4985291379285955,0.00045905398208667675,0.008088594521443292,0.21311514751879204
1984,3127,0.023081211825249,13.13505213920788,0.028293146027491143,0.4985291379285955,0.0006530400966632253,0.011506656633588687,0.3031729207607471
1985,3127,0.013781283158373948,13.13505213920788,0.028293146027491143,0.4985291379285955,0.0003899158568460785,0.0068703712124940355,0.18101787283042925
1986,3127,0.009593344527070244,13.13505213920788,0.028293146027491143,0.4985291379285955,0.00027142589759643137,0.004782561776932338,0.12600908055245222
1987,3127,0.015733201165389378,13.13505213920788,0.028293146027491143,0.4985291379285955,0.0004451417580522555,0.00784345921383874,0.20665641762403567
1988,3127,0.017853985983830718,13.13505213920788,0.028293146027491143,0.4985291379285955,0.0005051454326133026,0.008900732241108355,0.2345130367903032
1989,3127,0.01489206869592979,13.13505213920788,0.028293146027491143,0.4985291379285955,0.0004213434742653712,0.007424130168955302,0.19560809878170332
1990,3127,0.02595720868486664,13.13505213920788,0.028293146027491143,0.4985291379285955,0.0007344110957869932,0.01294042486869922,0.340949289464023
1991,3127,0.011112330385693273,13.13505213920788,0.028293146027491143,0.4985291379285955,0.0003144027863081467,0.005539820487557404,0.14596103900418517
1992,3127,0.019488471409937973,13.13505213920788,0.028293146027491143,0.4985291379285955,0.0005513901674539613,0.009715570851542458,0.2559820880829974
1993,3127,0.01584658771164086,13.13505213920788,0.028293146027491143,0.4985291379285955,0.00044834982016290153,0.007899985710994192,0.2081457558209336
1994,3127,0.013452792875640569,13.13505213920788,0.028293146027491143,0.4985291379285955,0.0003806218333080911,0.006706609235025043,0.1767031358395032
1995,3127,0.018220521895474386,13.13505213920788,0.028293146027491143,0.4985291379285955,0.0005155158866857565,0.009083461073159944,0.23932750510063486
1996,3127,0.01873233372398497,13.13505213920788,0.028293146027491143,0.4985291379285955,0.0005299966534884037,0.009338614182808984,0.2460501801535847
1997,3127,0.01477746958000736,13.13505213920788,0.028293146027491143,0.4985291379285955,0.00041810110474395644,0.007366999170487113,0.19410283341895504
1998,3127,0.02149288696684003,13.13505213920788,0.028293146027491143,0.4985291379285955,0.0006081013895051662,0.010714830411175507,0.2823101909315453
1999,3127,0.017381525927227203,13.13505213920788,0.028293146027491143,0.4985291379285955,0.0004917780512396627,0.008665197136384108,0.2283072493131229
2000,3127,0.023509747269044447,13.13505213920788,0.028293146027491143,0.4985291379285955,0.0006651647125524856,0.011720294038955881,0.3088017561584989
2001,3127,0.01576171525796325,13.13505213920788,0.028293146027491143,0.4985291379285955,0.0004459485114372895,0.007857674319828409,0.2070309517166957
2002,3127,0.013855492089913431,13.13505213920788,0.028293146027491143,0.4985291379285955,0.00039201546098266914,0.006907366527161017,0.1819926110153953
2003,3127,0.020525202322523327,13.13505213920788,0.028293146027491143,0.4985291379285955,0.0005807225465549529,0.01023241141965756,0.2695996026741346
2004,3127,0.02419997549887155,13.13505213920788,0.028293146027491143,0.4985291379285955,0.0006846934406512805,0.012064392923345567,0.31786793994523105
2005,3127,0.01276490840512574,13.13505213920788,0.028293146027491143,0.4985291379285955,0.00036115941753377167,0.006363678782944818,0.16766773745353952
2006,3127,0.01808648663389483,13.13505213920788,0.028293146027491143,0.4985291379285955,0.0005117236074570533,0.009016640589752656,0.23756694495129504
2007,3127,0.01695168657437195,13.13505213920788,0.028293146027491143,0.4985291379285955,0.00047961654366096665,0.008450909694357394,0.22266128700188578
2008,3127,0.014103594432530637,13.13505213920788,0.028293146027491143,0.4985291379285955,0.0003990350567921004,0.007031052774144037,0.1852514482215319
2009,3127,0.0,13.13505213920788,0.028293146027491143,0.4985291379285955,0.0,0.0,0.0
2010,3127,0.0,13.13505213920788,0.028293146027491143,0.4985291379285955,0.0,0.0,0.0
2011,3127,0.0,13.13505213920788,0.028293146027491143,0.4985291379285955,0.0,0.0,0.0
2012,3127,0.0,13.13505213920788,0.028293146027491143,0.4985291379285955,0.0,0.0,0.0
2013,3127,0.0,13.13505213920788,0.028293146027491143,0.4985291379285955,0.0,0.0,0.0
2014,3127,0.0,13.13505213920788,0.028293146027491143,0.4985291379285955,0.0,0.0,0.0
2015,3127,0.0,13.13505213920788,0.028293146027491143,0.4985291379285955,0.0,0.0,0.0
2016,3127,0.0,13.13505213920788,0.028293146027491143,0.4985291379285955,0.0,0.0,0.0
1979,3146,0.013896796052388204,6.292497913403194,0.030414361626758587,0.4438799057032836,0.00042266218059064603,0.0061685085213118405,0.08744556016264252
1980,3146,0.009437101893369186,6.292497913403194,0.030414361626758587,0.4438799057032836,0.0002870234296934986,0.004188939898540993,0.05938294397259893
1981,3146,0.01884860848404556,6.292497913403194,0.030414361626758587,0.4438799057032836,0.0005732683945949516,0.008366518556536254,0.11860482955641043
1982,3146,0.0076258528931834645,6.292497913403194,0.030414361626758587,0.4438799057032836,0.00023193544760574512,0.0033849628631333886,0.04798566341827666
1983,3146,0.01914112660429597,6.292497913403194,0.030414361626758587,0.4438799057032836,0.0005821651464866272,0.008496361472169508,0.12044549921771874
1984,3146,0.008015342432733481,6.292497913403194,0.030414361626758587,0.4438799057032836,0.00024378152331145902,0.0035578494432212653,0.05043652553318751
1985,3146,0.009604707539770527,6.292497913403194,0.030414361626758587,0.4438799057032836,0.0002921210484338356,0.004263336677060959,0.060437602152853966
1986,3146,0.011896481487929858,6.292497913403194,0.030414361626758587,0.4438799057032836,0.0003618238900599378,0.005280609081063164,0.07485858493963836
1987,3146,0.01490582441535374,6.292497913403194,0.030414361626758587,0.4438799057032836,0.00045335113411353604,0.006616395935916921,0.0937948690311678
1988,3146,0.011884237751599915,6.292497913403194,0.030414361626758587,0.4438799057032836,0.0003614515046355362,0.005275174332535573,0.07478154125432993
1989,3146,0.00797477116379417,6.292497913403194,0.030414361626758587,0.4438799057032836,0.0002425475740662823,0.0035398406721902213,0.05018123090804277
1990,3146,0.010539419725625915,6.292497913403194,0.030414361626758587,0.4438799057032836,0.00032054972287137934,0.004678236633978159,0.06631927663198153
1991,3146,0.021665500835183656,6.292497913403194,0.030414361626758587,0.4438799057032836,0.0006589423772261159,0.009616880467735733,0.13633011879822832
1992,3146,0.013897491011861416,6.292497913403194,0.030414361626758587,0.4438799057032836,0.00042268331733938023,0.0061688169998572765,0.08744993319367761
1993,3146,0.012793754616133487,6.292497913403194,0.030414361626758587,0.4438799057032836,0.0003891138794590959,0.005678890592600282,0.08050467422661245
1994,3146,0.011033850322770078,6.292497913403194,0.030414361626758587,0.4438799057032836,0.0003355875138522561,0.004897704440815328,0.06943048013283387
1995,3146,0.012317693157538685,6.292497913403194,0.030414361626758587,0.4438799057032836,0.0003746347741008314,0.005467576477250253,0.07750905849175298
1996,3146,0.01672810447945949,6.292497913403194,0.030414361626758587,0.4438799057032836,0.0005087746189684811,0.007425269438937155,0.10526156253218946
1997,3146,0.013496338982238672,6.292497913403194,0.030414361626758587,0.4438799057032836,0.0004104825344431259,0.005990753674775653,0.08492568488431904
1998,3146,0.011478248399059185,6.292497913403194,0.030414361626758587,0.4438799057032836,0.00034910359765074884,0.0050949638170132575,0.07222685410060348
1999,3146,0.014993830669112428,6.292497913403194,0.030414361626758587,0.4438799057032836,0.0004560277881407691,0.006655460143536626,0.09434864819931077
2000,3146,0.016258140005621244,6.292497913403194,0.030414361626758587,0.4438799057032836,0.0004944809495094354,0.007216661652605941,0.10230431206118867
2001,3146,0.013757493375471995,6.292497913403194,0.030414361626758587,0.4438799057032836,0.0004184253785993409,0.006106674862218058,0.08656899835881579
2002,3146,0.01525931638365284,6.292497913403194,0.030414361626758587,0.4438799057032836,0.00046410236666953955,0.006773303917472394,0.09601921650409467
2003,3146,0.020008363472827813,6.292497913403194,0.030414361626758587,0.4438799057032836,0.0006085416022222124,0.008881310491595833,0.1259025854033817
2004,3146,0.011246181877336336,6.292497913403194,0.030414361626758587,0.4438799057032836,0.00034204544253760614,0.00499195415123403,0.0707665759968917
2005,3146,0.013444613875407992,6.292497913403194,0.030414361626758587,0.4438799057032836,0.00040890934833879487,0.005967793939233158,0.08460020475751642
2006,3146,0.01793815951627351,6.292497913403194,0.030414361626758587,0.4438799057032836,0.0005455776704464234,0.007962388554573945,0.1128758313264447
2007,3146,0.022008927527148614,6.292497913403194,0.030414361626758587,0.4438799057032836,0.0006693874808278195,0.00976932067538113,0.13849113054082476
2008,3146,0.014581999329761631,6.292497913403194,0.030414361626758587,0.4438799057032836,0.0004435022008565216,0.006472656487459938,0.09175720035577184
2009,3146,0.0,6.292497913403194,0.030414361626758587,0.4438799057032836,0.0,0.0,0.0
2010,3146,0.0,6.292497913403194,0.030414361626758587,0.4438799057032836,0.0,0.0,0.0
2011,3146,0.0,6.292497913403194,0.030414361626758587,0.4438799057032836,0.0,0.0,0.0
2012,3146,0.0,6.292497913403194,0.030414361626758587,0.4438799057032836,0.0,0.0,0.0
2013,3146,0.0,6.292497913403194,0.030414361626758587,0.4438799057032836,0.0,0.0,0.0
2014,3146,0.0,6.292497913403194,0.030414361626758587,0.4438799057032836,0.0,0.0,0.0
2015,3146,0.0,6.292497913403194,0.030414361626758587,0.4438799057032836,0.0,0.0,0.0
2016,3146,0.0,6.292497913403194,0.030414361626758587,0.4438799057032836,0.0,0.0,0.0
1979,3249,0.019514019720501485,18.317151458901698,0.03283960163015185,0.5755460078361128,0.000640832633824196,0.011231216146969807,0.3574412547924203
1980,3249,0.01339218525816504,18.317151458901698,0.03283960163015185,0.5755460078361128,0.00043979402883533226,0.00770781876153853,0.24530668573947959
1981,3249,0.013769157252929532,18.317151458901698,0.03283960163015185,0.5755460078361128,0.00045217363896912186,0.007924783488191249,0.2522117388633451
1982,3249,0.021278567537067555,18.317151458901698,0.03283960163015185,0.5755460078361128,0.0006987796811775799,0.012246794598430338,0.3897627444049353
1983,3249,0.01978917440136164,18.317151458901698,0.03283960163015185,0.5755460078361128,0.000649868603930315,0.011389580325076289,0.36248130475636153
1984,3249,0.027127035967286342,18.317151458901698,0.03283960163015185,0.5755460078361128,0.0008908410545724844,0.015612857255398297,0.4968900264438579
1985,3249,0.02635705505043014,18.317151458901698,0.03283960163015185,0.5755460078361128,0.0008655551880001077,0.01516969781259172,0.4827861693693388
1986,3249,0.023697503297742915,18.317151458901698,0.03283960163015185,0.5755460078361128,0.0007782165679270871,0.013639003418699051,0.4340707571025794
1987,3249,0.01826012465813149,18.317151458901698,0.03283960163015185,0.5755460078361128,0.0005996552194899509,0.010509541849577341,0.33447346902142006
1988,3249,0.017344043945138228,18.317151458901698,0.03283960163015185,0.5755460078361128,0.0005695714938141866,0.00998229525235841,0.3176934798529438
1989,3249,0.01770981507388995,18.317151458901698,0.03283960163015185,0.5755460078361128,0.0005815832719702042,0.010192813365293173,0.3243933650175826
1990,3249,0.02188623034735735,18.317151458901698,0.03283960163015185,0.5755460078361128,0.0007187350857929554,0.012596532503003103,0.4008933961369553
1991,3249,0.025096085278297504,18.317151458901698,0.03283960163015185,0.5755460078361128,0.0008241454430156086,0.014443951694238769,0.4596887950680885
1992,3249,0.014184200593167341,18.317151458901698,0.03283960163015185,0.5755460078361128,0.00046580349692177905,0.008163660025744085,0.2598141505884895
1993,3249,0.01614877126825057,18.317151458901698,0.03283960163015185,0.5755460078361128,0.0005303192152657908,0.009294360834900135,0.29579948919570576
1994,3249,0.02258892824948799,18.317151458901698,0.03283960163015185,0.5755460078361128,0.000741811404965269,0.013000967475289204,0.4137648200401347
1995,3249,0.026689686462215576,18.317151458901698,0.03283960163015185,0.5755460078361128,0.0008764786710528164,0.015361142493725718,0.4888790293190009
1996,3249,0.021156549736095685,18.317151458901698,0.03283960163015185,0.5755460078361128,0.0006947726652018765,0.012176567740196036,0.3875277258638514
1997,3249,0.02107220087128369,18.317151458901698,0.03283960163015185,0.5755460078361128,0.0006920026820834951,0.012128021087787984,0.3859826949317037
1998,3249,0.02033123315384426,18.317151458901698,0.03283960163015185,0.5755460078361128,0.0006676695974219813,0.011701560076080284,0.37241027702520896
1999,3249,0.02047431587155388,18.317151458901698,0.03283960163015185,0.5755460078361128,0.0006723683768717247,0.011783910763048399,0.37503114483664735
2000,3249,0.013510503118551207,18.317151458901698,0.03283960163015185,0.5755460078361128,0.0004436795402361459,0.0077759161337394985,0.24747393190846617
2001,3249,0.014704011275643188,18.317151458901698,0.03283960163015185,0.5755460078361128,0.00048287387265738324,0.008462834988873624,0.26933560158935466
2002,3249,0.01972994778965662,18.317151458901698,0.03283960163015185,0.5755460078361128,0.0006479236255960184,0.011355492685151803,0.36139644193936304
2003,3249,0.016259142568995136,18.317151458901698,0.03283960163015185,0.5755460078361128,0.000533943764813644,0.009357884596423349,0.29782117702815997
2004,3249,0.012524372676480558,18.317151458901698,0.03283960163015185,0.5755460078361128,0.00041129540936318023,0.007208352694600076,0.2294108312428244
2005,3249,0.01922756950811164,18.317151458901698,0.03283960163015185,0.5755460078361128,0.000631425722962441,0.011066350870785025,0.35219430286664094
2006,3249,0.015734300107645004,18.317151458901698,0.03283960163015185,0.5755460078361128,0.0005167081474643173,0.009055813613050401,0.2882075581715468
2007,3249,0.01899145385607732,18.317151458901698,0.03283960163015185,0.5755460078361128,0.0006236717790109904,0.01093045544986905,0.34786933670651093
2008,3249,0.018653119239308586,18.317151458901698,0.03283960163015185,0.5755460078361128,0.000612561004978615,0.010735728311875045,0.3416720102873686
2009,3249,0.0,18.317151458901698,0.03283960163015185,0.5755460078361128,0.0,0.0,0.0
2010,3249,0.0,18.317151458901698,0.03283960163015185,0.5755460078361128,0.0,0.0,0.0
2011,3249,0.0,18.317151458901698,0.03283960163015185,0.5755460078361128,0.0,0.0,0.0
2012,3249,0.0,18.317151458901698,0.03283960163015185,0.5755460078361128,0.0,0.0,0.0
2013,3249,0.0,18.317151458901698,0.03283960163015185,0.5755460078361128,0.0,0.0,0.0
2014,3249,0.0,18.317151458901698,0.03283960163015185,0.5755460078361128,0.0,0.0,0.0
2015,3249,0.0,18.317151458901698,0.03283960163015185,0.5755460078361128,0.0,0.0,0.0
2016,3249,0.0,18.317151458901698,0.03283960163015185,0.5755460078361128,0.0,0.0,0.0
1979,5776,0.0015086378114019894,0.30432215541098506,0.04529909836744272,0.3563071841194423,6.833993261954222e-05,0.0005375384904367611,0.0004591119105003646
1980,5776,0.002789140689984153,0.30432215541098506,0.04529909836744272,0.3563071841194423,0.0001263455584762292,0.000993790865361212,0.0008487973065204595
1981,5776,0.002950113462721012,0.30432215541098506,0.04529909836744272,0.3563071841194423,0.00013363747994291617,0.001051146620734981,0.0008977848876822231
1982,5776,0.0054490088726256965,0.30432215541098506,0.04529909836744272,0.3563071841194423,0.0002468351889261396,0.0019415210076471187,0.0016582541249710338
1983,5776,0.007358145541939282,0.30432215541098506,0.04529909836744272,0.3563071841194423,0.0003333173587062676,0.002621760118389413,0.002239246711150693
1984,5776,0.011469921352019031,0.30432215541098506,0.04529909836744272,0.3563071841194423,0.0005195770955919417,0.004086815379009367,0.0034905511882409117
1985,5776,0.001180674873827036,0.30432215541098506,0.04529909836744272,0.3563071841194423,5.3483507249458924e-05,0.000420682939653889,0.00035930552244263644
1986,5776,0.003906192447558726,0.30432215541098506,0.04529909836744272,0.3563071841194423,0.00017694699592412456,0.0013918044316182819,0.0011887409050911828
1987,5776,0.004179460433327108,0.30432215541098506,0.04529909836744272,0.3563071841194423,0.00018932578929211944,0.001489171778137406,0.001271902407525035
1988,5776,0.008604806697255414,0.30432215541098506,0.04529909836744272,0.3563071841194423,0.0003897899850118029,0.003065954444191195,0.0026186333210036473
1989,5776,0.000858576885844277,0.30432215541098506,0.04529909836744272,0.3563071841194423,3.889275880787254e-05,0.00030591711254521415,0.0002612839684861816
1990,5776,0.0022642089101947045,0.30432215541098506,0.04529909836744272,0.3563071841194423,0.00010256662214735019,0.0008067539010496263,0.0006890489358512099
1991,5776,0.002214617474975479,0.30432215541098506,0.04529909836744272,0.3563071841194423,0.00010032017484517183,0.0007890841164102224,0.000673957163395371
1992,5776,0.0048908525915761355,0.30432215541098506,0.04529909836744272,0.3563071841194423,0.0002215512126464695,0.0017426459148477695,0.0014883948024658517
1993,5776,0.007863989040110887,0.30432215541098506,0.04529909836744272,0.3563071841194423,0.0003562316130884745,0.002801995790828066,0.0023931860948149084
1994,5776,0.0072102108029335156,0.30432215541098506,0.04529909836744272,0.3563071841194423,0.0003266160484120835,0.002569049908100824,0.0021942268925162966
1995,5776,0.004478746602816753,0.30432215541098506,0.04529909836744272,0.3563071841194423,0.000202883182923846,0.0015958095904341555,0.0013629818197088213
1996,5776,0.00771216099246755,0.30432215541098506,0.04529909836744272,0.3563071841194423,0.00034935393942334223,0.002747898366701916,0.0023469814561042465
1997,5776,0.013693570700170809,0.30432215541098506,0.04529909836744272,0.3563071841194423,0.0006203064061485689,0.004879117616718361,0.004167256950748693
1998,5776,0.011330706731254721,0.30432215541098506,0.04529909836744272,0.3563071841194423,0.0005132707987917529,0.00403721220949658,0.003448185094785194
1999,5776,0.007119395842193595,0.30432215541098506,0.04529909836744272,0.3563071841194423,0.00032250221257229035,0.0025366918851636652,0.00216658988792036
2000,5776,0.013704522828180266,0.30432215541098506,0.04529909836744272,0.3563071841194423,0.0006208025276726022,0.004883019938609526,0.004170589925950868
2001,5776,0.02172219079611881,0.30432215541098506,0.04529909836744272,0.3563071841194423,0.0009839956576297448,0.007739772635470359,0.006610543923323537
2002,5776,0.022406090790231568,0.30432215541098506,0.04529909836744272,0.3563071841194423,0.001014975710736552,0.00798345111659198,0.006818669843617492
2003,5776,0.00936897656662319,0.30432215541098506,0.04529909836744272,0.3563071841194423,0.00042440619109372966,0.0033382336585345493,0.0028511871427497797
2004,5776,0.02248968888775911,0.30432215541098506,0.04529909836744272,0.3563071841194423,0.0010187626291797832,0.008013237719319761,0.0068441105968453314
2005,5776,0.013985948515041294,0.30432215541098506,0.04529909836744272,0.3563071841194423,0.000633550857544845,0.004983293932633859,0.004256233997564433
2006,5776,0.012422083086753686,0.30432215541098506,0.04529909836744272,0.3563071841194423,0.0005627091636754017,0.004426077445538956,0.0037803150996552244
2007,5776,0.01887513273780821,0.30432215541098506,0.04529909836744272,0.3563071841194423,0.0008550264945885124,0.006725345395689143,0.005744121078438242
2008,5776,0.018538468312282404,0.30432215541098506,0.04529909836744272,0.3563071841194423,0.0008397758996598004,0.006605389442236853,0.005641666634812028
2009,5776,0.08077014123690568,0.30432215541098506,0.04529909836744272,0.3563071841194423,0.0036588145730428318,0.02877898158505151,0.024580143474064824
2010,5776,0.06897817708564566,0.30432215541098506,0.04529909836744272,0.3563071841194423,0.003124649229009546,0.024577420043078644,0.020991587527024305
2011,5776,0.05589664995489683,0.30432215541098506,0.04529909836744272,0.3563071841194423,0.002532067844717384,0.01991637794713944,0.017010588994527544
2012,5776,0.09350873458017166,0.30432215541098506,0.04529909836744272,0.3563071841194423,0.004235861365962289,0.033317833908833284,0.028456779657191553
2013,5776,0.06952864767544538,0.30432215541098506,0.04529909836744272,0.3563071841194423,0.0031495850504052675,0.02477355666887075,0.021159107923402514
2014,5776,0.09198553742524826,0.30432215541098506,0.04529909836744272,0.3563071841194423,0.004166861908208404,0.03277510781970378,0.027993237015889384
2015,5776,0.09642345448852123,0.30432215541098506,0.04529909836744272,0.3563071841194423,0.004367895549804159,0.0343563695518742,0.029343793502119804
2016,5776,0.07598188668791296,0.30432215541098506,0.04529909836744272,0.3563071841194423,0.003441910959219656,0.027072892089852803,0.023122971529058907
1979,5807,0.016312471129491718,6.655214960566057,0.046449250514355514,0.3299956950906241,0.0007577020580019527,0.005383045249022358,0.10856300190479516
1980,5807,0.0049678613160128345,6.655214960566057,0.046449250514355514,0.3299956950906241,0.000230753434788056,0.001639372848091478,0.033062184952345995
1981,5807,0.005739911072873266,6.655214960566057,0.046449250514355514,0.3299956950906241,0.00026661456735401347,0.0018941459442511834,0.038200342044504926
1982,5807,0.0070191653896159905,6.655214960566057,0.046449250514355514,0.3299956950906241,0.000326034971583967,0.0023162943617023803,0.04671405451165982
1983,5807,0.013499867740361285,6.655214960566057,0.046449250514355514,0.3299956950906241,0.0006270587385827078,0.004454898238612015,0.0898445217513155
1984,5807,0.004929904915980119,6.655214960566057,0.046449250514355514,0.3299956950906241,0.0002289903884543133,0.0016268473994795441,0.032809576950999036
1985,5807,0.007955845022735894,6.655214960566057,0.046449250514355514,0.3299956950906241,0.000369543038514448,0.0026253946083110136,0.05294785881925693
1986,5807,0.009084880371041994,6.655214960566057,0.046449250514355514,0.3299956950906241,0.0004219858842474807,0.0029979714128571698,0.060461831760311585
1987,5807,0.011839471245387326,6.655214960566057,0.046449250514355514,0.3299956950906241,0.0005499345658345045,0.003906974543127047,0.07879422615749337
1988,5807,0.016213357804950757,6.655214960566057,0.046449250514355514,0.3299956950906241,0.0007530983183610389,0.00535033827859772,0.10790338142451872
1989,5807,0.0057002673258918935,6.655214960566057,0.046449250514355514,0.3299956950906241,0.00026477314501914794,0.0018810636784100684,0.0379365043865016
1990,5807,0.010321005389555623,6.655214960566057,0.046449250514355514,0.3299956950906241,0.00047940296489948255,0.0034058873475604854,0.06868850947665349
1991,5807,0.01030619697249192,6.655214960566057,0.046449250514355514,0.3299956950906241,0.0004787151250255696,0.003401000633678357,0.06858995627786883
1992,5807,0.01136202432645453,6.655214960566057,0.046449250514355514,0.3299956950906241,0.000527757514289688,0.003749419115244943,0.07561671427973567
1993,5807,0.0076699682253230875,6.655214960566057,0.046449250514355514,0.3299956950906241,0.0003562642755351789,0.002531056495838493,0.0510452872802365
1994,5807,0.011482450926742587,6.655214960566057,0.046449250514355514,0.3299956950906241,0.00053335123961506,0.003789159374914401,0.07641817919162285
1995,5807,0.013211345873704624,6.655214960566057,0.046449250514355514,0.3299956950906241,0.0006136571141195031,0.004359687264675806,0.08792434670789165
1996,5807,0.015292472832106675,6.655214960566057,0.046449250514355514,0.3299956950906241,0.0007103239015624987,0.0050464502018855275,0.10177469397628632
1997,5807,0.007790822122978894,6.655214960566057,0.046449250514355514,0.3299956950906241,0.0003618778485030297,0.0025709377617998317,0.05184959594795814
1998,5807,0.007616018403028494,6.655214960566057,0.046449250514355514,0.3299956950906241,0.00035375834672421235,0.0025132532867303725,0.05068623961578164
1999,5807,0.013710904358168756,6.655214960566057,0.046449250514355514,0.3299956950906241,0.0006368612313109494,0.004524539413994966,0.09124901580737506
2000,5807,0.00930308560748876,6.655214960566057,0.046449250514355514,0.3299956950906241,0.00043212135393874067,0.0030699782015308342,0.06191403451438596
2001,5807,0.009857289557587254,6.655214960566057,0.046449250514355514,0.3299956950906241,0.000457863712052911,0.0032528631192655566,0.06560238093428626
2002,5807,0.012700129973336558,6.655214960566057,0.046449250514355514,0.3299956950906241,0.000589911518696385,0.004190988218292467,0.08452209499968286
2003,5807,0.008261260453402466,6.655214960566057,0.046449250514355514,0.3299956950906241,0.00038372935636442936,0.0027261803856452314,0.054980464162616816
2004,5807,0.006627398550238277,6.655214960566057,0.046449250514355514,0.3299956950906241,0.0003078376955184943,0.0021870129912284746,0.044106761981179576
2005,5807,0.007737151131560853,6.655214960566057,0.046449250514355514,0.3299956950906241,0.00035938487117729927,0.0025532265656806326,0.051492403962924385
2006,5807,0.009645829688459059,6.655214960566057,0.046449250514355514,0.3299956950906241,0.0004480415596180426,0.003183082272768825,0.06419507004970496
2007,5807,0.013309215525477723,6.655214960566057,0.046449250514355514,0.3299956950906241,0.0006182030860924645,0.004391983828440947,0.08857569027855737
2008,5807,0.013892445838379786,6.655214960566057,0.046449250514355514,0.3299956950906241,0.0006452936970040183,0.004584447320944985,0.0924572133824388
2009,5807,0.0,6.655214960566057,0.046449250514355514,0.3299956950906241,0.0,0.0,0.0
2010,5807,0.0,6.655214960566057,0.046449250514355514,0.3299956950906241,0.0,0.0,0.0
2011,5807,0.0,6.655214960566057,0.046449250514355514,0.3299956950906241,0.0,0.0,0.0
2012,5807,0.0,6.655214960566057,0.046449250514355514,0.3299956950906241,0.0,0.0,0.0
2013,5807,0.0,6.655214960566057,0.046449250514355514,0.3299956950906241,0.0,0.0,0.0
2014,5807,0.0,6.655214960566057,0.046449250514355514,0.3299956950906241,0.0,0.0,0.0
2015,5807,0.0,6.655214960566057,0.046449250514355514,0.3299956950906241,0.0,0.0,0.0
2016,5807,0.0,6.655214960566057,0.046449250514355514,0.3299956950906241,0.0,0.0,0.0
1979,5834,0.004841411156837009,2.4328622590736417,0.03721988876144957,0.4002296904336436,0.00018019678470591435,0.0019376764885628644,0.01177848648412682
1980,5834,0.006299672565087732,2.4328622590736417,0.03721988876144957,0.4002296904336436,0.00023447311210612106,0.0025213160005583806,0.015326235628123583
1981,5834,0.003155062786241161,2.4328622590736417,0.03721988876144957,0.4002296904336436,0.00011743108593928516,0.0012627498022360088,0.007675833177653849
1982,5834,0.0073583802187202185,2.4328622590736417,0.03721988876144957,0.4002296904336436,0.0002738780932052175,0.0029450422370314398,0.017901925522038467
1983,5834,0.003549121344580922,2.4328622590736417,0.03721988876144957,0.4002296904336436,0.00013209790164618826,0.0014204637370530593,0.008634523372103624
1984,5834,0.0062746072782357,2.4328622590736417,0.03721988876144957,0.4002296904336436,0.0002335401849177146,0.0025112841285609613,0.015265255237728419
1985,5834,0.019316176617644825,2.4328622590736417,0.03721988876144957,0.4002296904336436,0.0007189459450052535,0.007730907388041573,0.04699359708266884
1986,5834,0.006586327434007782,2.4328622590736417,0.03721988876144957,0.4002296904336436,0.0002451423744402532,0.0026360437900075488,0.016023627440098876
1987,5834,0.01493968111155492,2.4328622590736417,0.03721988876144957,0.4002296904336436,0.0005560532691036034,0.005979303946454978,0.036346186338897316
1988,5834,0.008137190937309151,2.4328622590736417,0.03721988876144957,0.4002296904336436,0.00030286534151732216,0.0032567454098386918,0.019796664726255506
1989,5834,0.004859178200433159,2.4328622590736417,0.03721988876144957,0.4002296904336436,0.00018085807209218289,0.0019447873869212727,0.011821711253947209
1990,5834,0.006070338410101189,2.4328622590736417,0.03721988876144957,0.4002296904336436,0.00022593732036832088,0.002429529662702255,0.014768297217740277
1991,5834,0.010719812223406634,2.4328622590736417,0.03721988876144957,0.4002296904336436,0.0003989902184988223,0.004290387127680826,0.026079826582682302
1992,5834,0.017828782886940626,2.4328622590736417,0.03721988876144957,0.4002296904336436,0.0006635853158039658,0.007135608255648889,0.043374973010855855
1993,5834,0.0082066786293044,2.4328622590736417,0.03721988876144957,0.4002296904336436,0.0003054516656836752,0.0032845564472948987,0.01996571870958088
1994,5834,0.010866392150141863,2.4328622590736417,0.03721988876144957,0.4002296904336436,0.00040444590706656896,0.004349052766381853,0.026436435354374222
1995,5834,0.017479527425798422,2.4328622590736417,0.03721988876144957,0.4002296904336436,0.0006505860663909242,0.006995825850553685,0.04252528258066763
1996,5834,0.0122966590759432,2.4328622590736417,0.03721988876144957,0.4002296904336436,0.00045768028294407515,0.004921488055332801,0.029916077778557572
1997,5834,0.019491023983323117,2.4328622590736417,0.03721988876144957,0.4002296904336436,0.0007254537445060321,0.007800886495080134,0.04741897663972601
1998,5834,0.016193534265062804,2.4328622590736417,0.03721988876144957,0.4002296904336436,0.0006027215440003596,0.006481133205932686,0.03939663835448712
1999,5834,0.01518020998311906,2.4328622590736417,0.03721988876144957,0.4002296904336436,0.0005650057269471376,0.006075570742261447,0.036931359952743284
2000,5834,0.01508819554244475,2.4328622590736417,0.03721988876144957,0.4002296904336436,0.0005615809597007928,0.0060387438311549435,0.03670750149273699
2001,5834,0.01475327351823175,2.4328622590736417,0.03721988876144957,0.4002296904336436,0.0005491151992158255,0.0059046980930847655,0.035892682340296626
2002,5834,0.013461800826251223,2.4328622590736417,0.03721988876144957,0.4002296904336436,0.0005010467292818604,0.0053878123773698945,0.032750707169352966
2003,5834,0.018682839857722577,2.4328622590736417,0.03721988876144957,0.4002296904336436,0.0006953732212524106,0.007477427212677645,0.04545277598217002
2004,5834,0.02079212419337073,2.4328622590736417,0.03721988876144957,0.4002296904336436,0.000773880549591503,0.008321625429370639,0.05058437423602364
2005,5834,0.015408776016896313,2.4328622590736417,0.03721988876144957,0.4002296904336436,0.0005735129292989727,0.006167049655203764,0.03748742963002612
2006,5834,0.020182845473453326,2.4328622590736417,0.03721988876144957,0.4002296904336436,0.0007512032634114588,0.00807777399591029,0.049102083033079884
2007,5834,0.015156895289683685,2.4328622590736417,0.03721988876144957,0.4002296904336436,0.0005641379566509657,0.006066239509725252,0.036874638515002486
2008,5834,0.020017980064104903,2.4328622590736417,0.03721988876144957,0.4002296904336436,0.0007450669912148996,0.008011789964163555,0.04870098820084938
2009,5834,0.07067033256184395,2.4328622590736417,0.03721988876144957,0.4002296904336436,0.0026303419166864793,0.028284365324069447,0.1719311849258932
2010,5834,0.06781678398144023,2.4328622590736417,0.03721988876144957,0.4002296904336436,0.0025241331559484603,0.0271422904590971,0.16498889428019584
2011,5834,0.1016603622289738,2.4328622590736417,0.03721988876144957,0.4002296904336436,0.003783787373611074,0.040687495304274256,0.24732565851062593
2012,5834,0.05478092970810602,2.4328622590736417,0.03721988876144957,0.4002296904336436,0.002038940109984494,0.02192495453874246,0.1332744564038172
2013,5834,0.07962400831072637,2.4328622590736417,0.03721988876144957,0.4002296904336436,0.0029635967320659714,0.03186789219728788,0.1937142447353322
2014,5834,0.06482817743681422,2.4328622590736417,0.03721988876144957,0.4002296904336436,0.00241289755280574,0.025946161386913476,0.15771802621055475
2015,5834,0.06026075215823834,2.4328622590736417,0.03721988876144957,0.4002296904336436,0.002242898492010913,0.024118142181590252,0.14660610962916856
2016,5834,0.06567295962574482,2.4328622590736417,0.03721988876144957,0.4002296904336436,0.002444340251905391,0.026284268300873024,0.1597732649151416
1979,5837,0.018432585833024977,4.696518994290253,0.034402132188839696,0.5059714001237168,0.0006341202544098591,0.009326361261836233,0.08656898947868723
1980,5837,0.02317866010972604,4.696518994290253,0.034402132188839696,0.5059714001237168,0.0007973953290549809,0.011727739108709829,0.10885901746752615
1981,5837,0.010457444670828722,4.696518994290253,0.034402132188839696,0.5059714001237168,0.0003597583939233269,0.005291167921815509,0.04911358752828648
1982,5837,0.011098797292091485,4.696518994290253,0.034402132188839696,0.5059714001237168,0.00038182229157966734,0.005615674005568845,0.05212571229608488
1983,5837,0.02567328644550815,4.696518994290253,0.034402132188839696,0.5059714001237168,0.0008832157940203178,0.012989948688611,0.12057507743718353
1984,5837,0.013387947592730995,4.696518994290253,0.034402132188839696,0.5059714001237168,0.0004605739428223899,0.006773918588277045,0.06287675016382359
1985,5837,0.016946842265214066,4.696518994290253,0.034402132188839696,0.5059714001237168,0.0005830075077913098,0.008574617508606141,0.07959116659181872
1986,5837,0.022172026345038277,4.696518994290253,0.034402132188839696,0.5059714001237168,0.000762764981216443,0.011218411213378951,0.10413134287137617
1987,5837,0.019958230390235948,4.696518994290253,0.034402132188839696,0.5059714001237168,0.0006866056801402147,0.010098293774539397,0.0937342081201641
1988,5837,0.012607312305882298,4.696518994290253,0.034402132188839696,0.5059714001237168,0.0004337184244929482,0.00637893945920423,0.05921048171152546
1989,5837,0.0150771275457819,4.696518994290253,0.034402132188839696,0.5059714001237168,0.0005186853348579852,0.007628595334183126,0.07081001589810147
1990,5837,0.02186043674114056,4.696518994290253,0.034402132188839696,0.5059714001237168,0.0007520456344744856,0.011060755785230829,0.10266795637824716
1991,5837,0.017309147614524373,4.696518994290253,0.034402132188839696,0.5059714001237168,0.0005954715843110068,0.00875793365346899,0.08129274054658754
1992,5837,0.016332943049763092,4.696518994290253,0.034402132188839696,0.5059714001237168,0.0005618880658307405,0.00826400206302956,0.07670797726587333
1993,5837,0.012500492750274778,4.696518994290253,0.034402132188839696,0.5059714001237168,0.0004300436040205852,0.0063248918190929,0.0587088016396531
1994,5837,0.01631038277384389,4.696518994290253,0.034402132188839696,0.5059714001237168,0.0005611119442363514,0.008252587208635545,0.07660202250150237
1995,5837,0.02077146733213084,4.696518994290253,0.034402132188839696,0.5059714001237168,0.0007145827649161305,0.010509768408662284,0.09755359086463197
1996,5837,0.023168608185194648,4.696518994290253,0.034402132188839696,0.5059714001237168,0.0007970495214184996,0.01172265312238074,0.1088118084130353
1997,5837,0.013594426147048118,4.696518994290253,0.034402132188839696,0.5059714001237168,0.0004676772453421681,0.0068783908315004005,0.06384648061608755
1998,5837,0.020483605249104076,4.696518994290253,0.034402132188839696,0.5059714001237168,0.0007046796954836891,0.010364118427470703,0.09620164112396082
1999,5837,0.027994383517448797,4.696518994290253,0.034402132188839696,0.5059714001237168,0.0009630664823123486,0.014164357423923867,0.13147615392314427
2000,5837,0.017272751584513548,4.696518994290253,0.034402132188839696,0.5059714001237168,0.0005942194832754254,0.008739518303205468,0.08112180590032494
2001,5837,0.015296597672288624,4.696518994290253,0.034402132188839696,0.5059714001237168,0.0005262355751615708,0.007739640941377062,0.0718407615159196
2002,5837,0.013871954165142444,4.696518994290253,0.034402132188839696,0.5059714001237168,0.00047722480090675573,0.0070188120713891465,0.06514989622451528
2003,5837,0.022196916405568784,4.696518994290253,0.034402132188839696,0.5059714001237168,0.0007636212523690018,0.011231004872154737,0.10424823951342672
2004,5837,0.013579107629035246,4.696518994290253,0.034402132188839696,0.5059714001237168,0.00046715025566055213,0.006870640099493608,0.06377453690527571
2005,5837,0.01557296182883236,4.696518994290253,0.034402132188839696,0.5059714001237168,0.0005357430914072457,0.007879473300607506,0.07313871102646825
2006,5837,0.01510490737369843,4.696518994290253,0.034402132188839696,0.5059714001237168,0.0005196410201701528,0.0076426511326092485,0.07094048438756959
2007,5837,0.016563368931209455,4.696518994290253,0.034402132188839696,0.5059714001237168,0.0005698152074639881,0.008380590968889719,0.07779017679486225
2008,5837,0.014181983093736788,4.696518994290253,0.034402132188839696,0.5059714001237168,0.0004878904570906227,0.007175677842468883,0.06660595297643807
2009,5837,0.0,4.696518994290253,0.034402132188839696,0.5059714001237168,0.0,0.0,0.0
2010,5837,0.0,4.696518994290253,0.034402132188839696,0.5059714001237168,0.0,0.0,0.0
2011,5837,0.0,4.696518994290253,0.034402132188839696,0.5059714001237168,0.0,0.0,0.0
2012,5837,0.0,4.696518994290253,0.034402132188839696,0.5059714001237168,0.0,0.0,0.0
2013,5837,0.0,4.696518994290253,0.034402132188839696,0.5059714001237168,0.0,0.0,0.0
2014,5837,0.0,4.696518994290253,0.034402132188839696,0.5059714001237168,0.0,0.0,0.0
2015,5837,0.0,4.696518994290253,0.034402132188839696,0.5059714001237168,0.0,0.0,0.0
2016,5837,0.0,4.696518994290253,0.034402132188839696,0.5059714001237168,0.0,0.0,0.0
1979,5855,0.0034689940694468987,14.900892232894645,0.04024497055206728,0.3028787948199257,0.00013960956417018646,0.0010506847429915462,0.05169110678537888
1980,5855,0.0114709598669218,14.900892232894645,0.04024497055206728,0.3028787948199257,0.0004616484420482134,0.00347431049992101,0.17092753678486122
1981,5855,0.005256228788727418,14.900892232894645,0.04024497055206728,0.3028787948199257,0.00021153677281726322,0.0015920002408275583,0.07832249873226561
1982,5855,0.00549670310022088,14.900892232894645,0.04024497055206728,0.3028787948199257,0.00022121465440184623,0.0016648348104778493,0.08190578053260922
1983,5855,0.006643808737742432,14.900892232894645,0.04024497055206728,0.3028787948199257,0.00026737988700401146,0.0020122687835015195,0.09899867801706379
1984,5855,0.004165916105279396,14.900892232894645,0.04024497055206728,0.3028787948199257,0.0001676571709793521,0.001261767649287942,0.06207586693604846
1985,5855,0.008735264743727265,14.900892232894645,0.04024497055206728,0.3028787948199257,0.0003515504723758153,0.002645726458013101,0.13016323857208403
1986,5855,0.005289187713845826,14.900892232894645,0.04024497055206728,0.3028787948199257,0.0002128632037880813,0.0016019828003459818,0.07881361612356705
1987,5855,0.007376379127888053,14.900892232894645,0.04024497055206728,0.3028787948199257,0.0002968621607827384,0.002234148820389588,0.10991463045363327
1988,5855,0.0072956661701011095,14.900892232894645,0.04024497055206728,0.3028787948199257,0.00029361387017343263,0.002209702577008727,0.10871193536785184
1989,5855,0.013066817623770237,14.900892232894645,0.04024497055206728,0.3028787948199257,0.0005258736904778669,0.003957661974019294,0.19470724123868877
1990,5855,0.011836207434674242,14.900892232894645,0.04024497055206728,0.3028787948199257,0.00047634781965662465,0.003584936243052779,0.17637005143026727
1991,5855,0.011103626255574326,14.900892232894645,0.04024497055206728,0.3028787948199257,0.0004468651116767498,0.003363052938419236,0.1654539382286525
1992,5855,0.011551228558874574,14.900892232894645,0.04024497055206728,0.3028787948199257,0.0004648788531921058,0.0034986221846014377,0.17212361191332493
1993,5855,0.007578279879568898,14.900892232894645,0.04024497055206728,0.3028787948199257,0.0003049876505885743,0.0022953002767319196,0.11292313179616996
1994,5855,0.01437877259103266,14.900892232894645,0.04024497055206728,0.3028787948199257,0.0005786732795009815,0.0043550253133617526,0.21425654082027698
1995,5855,0.013638719394331644,14.900892232894645,0.04024497055206728,0.3028787948199257,0.0005488898603927859,0.004130878893042316,0.20322908788962596
1996,5855,0.012613239531781579,14.900892232894645,0.04024497055206728,0.3028787948199257,0.0005076194535227205,0.0038202827881610485,0.1879485229707638
1997,5855,0.00889194383912938,14.900892232894645,0.04024497055206728,0.3028787948199257,0.00035785601795639796,0.0026931812336019696,0.13249789688781838
1998,5855,0.013981916797743668,14.900892232894645,0.04024497055206728,0.3028787948199257,0.0005627018297866488,0.004234826108973077,0.20834303541247778
1999,5855,0.017855366342594308,14.900892232894645,0.04024497055206728,0.3028787948199257,0.0007185886926540812,0.005408011838913229,0.266060889649852
2000,5855,0.011235662482695608,14.900892232894645,0.04024497055206728,0.3028787948199257,0.00045217890574905184,0.0034030439117623,0.16742139581982474
2001,5855,0.014217100072918168,14.900892232894645,0.04024497055206728,0.3028787948199257,0.0005721667737703853,0.004306058135919733,0.2118474760508322
2002,5855,0.01063790509358935,14.900892232894645,0.04024497055206728,0.3028787948199257,0.00042812217722718987,0.003221995874155091,0.15851427738333593
2003,5855,0.014631512142132975,14.900892232894645,0.04024497055206728,0.3028787948199257,0.0005888447752923564,0.004431574764002345,0.21802258563421292
2004,5855,0.01034896184637856,14.900892232894645,0.04024497055206728,0.3028787948199257,0.00041649366475197296,0.003134481091668531,0.1542087651952253
2005,5855,0.00928503203586112,14.900892232894645,0.04024497055206728,0.3028787948199257,0.00037367584085823207,0.0028122393128860172,0.1383552617453409
2006,5855,0.012399181052534491,14.900892232894645,0.04024497055206728,0.3028787948199257,0.0004990046763290012,0.0037554490139457045,0.18475886063996563
2007,5855,0.00826420339516505,14.900892232894645,0.04024497055206728,0.3028787948199257,0.00033259262227471184,0.002503051964474328,0.12314400418207644
2008,5855,0.011334875270020984,14.900892232894645,0.04024497055206728,0.3028787948199257,0.00045617172145335014,0.0034330933612181356,0.16889975487188527
2009,5855,0.06515699805979322,14.900892232894645,0.04024497055206728,0.3028787948199257,0.002622241468177483,0.019734673046434406,0.9708974063079042
2010,5855,0.05701184625231046,14.900892232894645,0.04024497055206728,0.3028787948199257,0.002294440073543222,0.017267679283358688,0.8495273770040366
2011,5855,0.054608137081356915,14.900892232894645,0.04024497055206728,0.3028787948199257,0.0021977028687424622,0.016539646746562678,0.8137099656884373
2012,5855,0.028539166795691618,14.900892232894645,0.04024497055206728,0.3028787948199257,0.0011485579272731453,0.008643908444243918,0.42525904883920596
2013,5855,0.05233331796663706,14.900892232894645,0.04024497055206728,0.3028787948199257,0.002106152840459282,0.015850652274662997,0.7798131312106679
2014,5855,0.06324475721148208,14.900892232894645,0.04024497055206728,0.3028787948199257,0.002545283391548741,0.019155495842892497,0.9424033115038809
2015,5855,0.06300643872584766,14.900892232894645,0.04024497055206728,0.3028787948199257,0.0025356922711123704,0.019083314227180233,0.9388521534323357
2016,5855,0.05660906915435579,14.900892232894645,0.04024497055206728,0.3028787948199257,0.002278230321096989,0.017145686641349113,0.843525638873536
1979,5867,0.006611808815810913,10.900122589515462,0.03949816427360092,0.41202490024755656,0.00026115431075254223,0.0027242298677904067,0.07206952663077801
1980,5867,0.01911346988331368,10.900122589515462,0.03949816427360092,0.41202490024755656,0.0007549469732896476,0.007875225522056996,0.2083391648391309
1981,5867,0.004685091348573618,10.900122589515462,0.03949816427360092,0.41202490024755656,0.00018505250772278724,0.001930374295546735,0.05106807004253075
1982,5867,0.009342107583419464,10.900122589515462,0.03949816427360092,0.41202490024755656,0.00036899609999155493,0.0038491809451603465,0.1018301179037142
1983,5867,0.014513035100566438,10.900122589515462,0.03949816427360092,0.41202490024755656,0.0005732382445107094,0.0059797318396001735,0.15819386174211503
1984,5867,0.011905798888379344,10.900122589515462,0.03949816427360092,0.41202490024755656,0.0004702572003016626,0.004905485599351969,0.12977466740945176
1985,5867,0.00944125650380632,10.900122589515462,0.03949816427360092,0.41202490024755656,0.0003729123003365451,0.0038900327691923937,0.10291085329054904
1986,5867,0.015237000994323,10.900122589515462,0.03949816427360092,0.41202490024755656,0.0006018335683107904,0.006278023814757854,0.16608517873468967
1987,5867,0.010828557730414287,10.900122589515462,0.03949816427360092,0.41202490024755656,0.0004277081520820747,0.0044616354186988545,0.11803260672916105
1988,5867,0.013635503922446349,10.900122589515462,0.03949816427360092,0.41202490024755656,0.0005385773738821156,0.005618167143471123,0.14862866432448413
1989,5867,0.013745670206462848,10.900122589515462,0.03949816427360092,0.41202490024755656,0.0005429287398656115,0.005663558395653665,0.14982949032549536
1990,5867,0.011785475423904585,10.900122589515462,0.03949816427360092,0.41202490024755656,0.00046550464433586976,0.004855909335904316,0.12846312689628167
1991,5867,0.013333356134240571,10.900122589515462,0.03949816427360092,0.41202490024755656,0.0005266430909086587,0.005493674731175618,0.1453352163928902
1992,5867,0.01871345836211793,10.900122589515462,0.03949816427360092,0.41202490024755656,0.000739147252514125,0.007710410814938444,0.20397899022087868
1993,5867,0.013555052745680168,10.900122589515462,0.03949816427360092,0.41202490024755656,0.0005353997000862005,0.005585019255389239,0.14775173663526198
1994,5867,0.013934553894796607,10.900122589515462,0.03949816427360092,0.41202490024755656,0.0005503892988160219,0.005741383178497773,0.15188834568349316
1995,5867,0.01388668676998982,10.900122589515462,0.03949816427360092,0.41202490024755656,0.0005484986352570986,0.0057216607311741195,0.15136658815509155
1996,5867,0.014588854224693963,10.900122589515462,0.03949816427360092,0.41202490024755656,0.000576232960730579,0.006010971206655674,0.15902029948973476
1997,5867,0.013164169510487923,10.900122589515462,0.03949816427360092,0.41202490024755656,0.0005199605298507806,0.0054239656294007114,0.14349106145348012
1998,5867,0.011594382113639688,10.900122589515462,0.03949816427360092,0.41202490024755656,0.00045795680937544067,0.004777174133804446,0.126380186388358
1999,5867,0.013943709492408491,10.900122589515462,0.03949816427360092,0.41202490024755656,0.0005507509281145191,0.005745155512690516,0.15198814281984296
2000,5867,0.018230715674507892,10.900122589515462,0.03949816427360092,0.41202490024755656,0.0007200798025370239,0.00751150880723068,0.19871703574673708
2001,5867,0.015312848027747294,10.900122589515462,0.03949816427360092,0.41202490024755656,0.0006048293868966485,0.006309274681138572,0.16691192069706556
2002,5867,0.0146405743261574,10.900122589515462,0.03949816427360092,0.41202490024755656,0.000578275809794429,0.0060322811763019405,0.1595840549360284
2003,5867,0.013509789369907524,10.900122589515462,0.03949816427360092,0.41202490024755656,0.0005336118798343549,0.005566369617501648,0.14725836029052486
2004,5867,0.011934009825028593,10.900122589515462,0.03949816427360092,0.41202490024755656,0.00047137148051174676,0.0049171092077107655,0.13008217007729364
2005,5867,0.007604428027025591,10.900122589515462,0.03949816427360092,0.41202490024755656,0.00030036094741823176,0.0031332136992749423,0.08288919771772614
2006,5867,0.009484509926299784,10.900122589515462,0.03949816427360092,0.41202490024755656,0.00037462073112358744,0.003907854256280628,0.1033823208981439
2007,5867,0.01579273870536033,10.900122589515462,0.03949816427360092,0.41202490024755656,0.0006237841877143778,0.006507001589711815,0.1721427879126133
2008,5867,0.01677030473455975,10.900122589515462,0.03949816427360092,0.41202490024755656,0.0006623962513239883,0.006909783135378106,0.18279837747023284
2009,5867,0.0,10.900122589515462,0.03949816427360092,0.41202490024755656,0.0,0.0,0.0
2010,5867,0.0,10.900122589515462,0.03949816427360092,0.41202490024755656,0.0,0.0,0.0
2011,5867,0.0,10.900122589515462,0.03949816427360092,0.41202490024755656,0.0,0.0,0.0
2012,5867,0.0,10.900122589515462,0.03949816427360092,0.41202490024755656,0.0,0.0,0.0
2013,5867,0.0,10.900122589515462,0.03949816427360092,0.41202490024755656,0.0,0.0,0.0
2014,5867,0.0,10.900122589515462,0.03949816427360092,0.41202490024755656,0.0,0.0,0.0
2015,5867,0.0,10.900122589515462,0.03949816427360092,0.41202490024755656,0.0,0.0,0.0
2016,5867,0.0,10.900122589515462,0.03949816427360092,0.41202490024755656,0.0,0.0,0.0
1979,5869,0.02746490197302792,16.465093497708477,0.02351299615247188,0.8156188083066183,0.0006457821344198228,0.02240089061749912,0.4522121788913027
1980,5869,0.03351273779016311,16.465093497708477,0.02351299615247188,0.8156188083066183,0.0007879848747189041,0.027333619259505008,0.5517903610792237
1981,5869,0.02738752079024109,16.465093497708477,0.02351299615247188,0.8156188083066183,0.0006439626709666824,0.02233777706940917,0.45093809048175426
1982,5869,0.032761058704615084,16.465093497708477,0.02351299615247188,0.8156188083066183,0.0007703106472725198,0.026720535659521316,0.5394138946554035
1983,5869,0.037188090955425565,16.465093497708477,0.02351299615247188,0.8156188083066183,0.0008744034395526956,0.030331306428262327,0.6123053945823689
1984,5869,0.021300774180395082,16.465093497708477,0.02351299615247188,0.8156188083066183,0.0005008450213483019,0.01737331205302222,0.35071923845377967
1985,5869,0.032926735132329264,16.465093497708477,0.02351299615247188,0.8156188083066183,0.0007742061964799186,0.026855664470058056,0.5421417725280838
1986,5869,0.02224702983203659,16.465093497708477,0.02351299615247188,0.8156188083066183,0.0005230943268446035,0.01814509595996747,0.36629942623079215
1987,5869,0.026012455403728263,16.465093497708477,0.02351299615247188,0.8156188083066183,0.000611630763824209,0.0212162478775179,0.42829751032735797
1988,5869,0.02437002742544459,16.465093497708477,0.02351299615247188,0.8156188083066183,0.0005730123610901129,0.01987665272714072,0.401254780101665
1989,5869,0.031154191568864106,16.465093497708477,0.02351299615247188,0.8156188083066183,0.0007325283864920737,0.025409944601153037,0.5129566770268686
1990,5869,0.025358965492227308,16.465093497708477,0.02351299615247188,0.8156188083066183,0.0005962652580494079,0.020683249214659093,0.4175377378346855
1991,5869,0.024009275243548373,16.465093497708477,0.02351299615247188,0.8156188083066183,0.0005645299964251912,0.019582416462448515,0.3953149616972414
1992,5869,0.02135162371974602,16.465093497708477,0.02351299615247188,0.8156188083066183,0.0005020406463714155,0.017414785893710573,0.35155648087350827
1993,5869,0.03356069560600521,16.465093497708477,0.02351299615247188,0.8156188083066183,0.0007891125066582805,0.027372734556111132,0.5525799910010099
1994,5869,0.01728190633404159,16.465093497708477,0.02351299615247188,0.8156188083066183,0.0004063493971396993,0.014095447849437599,0.2845482036086351
1995,5869,0.019731721484285505,16.465093497708477,0.02351299615247188,0.8156188083066183,0.0004639518913416518,0.01609356316285104,0.32488463910950394
1996,5869,0.024449345186015558,16.465093497708477,0.02351299615247188,0.8156188083066183,0.0005748773592892407,0.019941345784495162,0.40256075444549483
1997,5869,0.023062678862981204,16.465093497708477,0.02351299615247188,0.8156188083066183,0.0005422726793709716,0.018810354650582964,0.37972916378661054
1998,5869,0.027539566986952382,16.465093497708477,0.02351299615247188,0.8156188083066183,0.0006475377326049529,0.022461788807178387,0.4534415453265767
1999,5869,0.022573928679064367,16.465093497708477,0.02351299615247188,0.8156188083066183,0.0005307806981770151,0.018411720808017073,0.3716818463113976
2000,5869,0.02323023977444665,16.465093497708477,0.02351299615247188,0.8156188083066183,0.0005462125384375633,0.01894702048151118,0.38248806986045036
2001,5869,0.022535411308905167,16.465093497708477,0.02351299615247188,0.8156188083066183,0.0005298750394006585,0.018380305316468722,0.37104765421044056
2002,5869,0.030531262244234136,16.465093497708477,0.02351299615247188,0.8156188083066183,0.0007178814516787872,0.024901871727739094,0.5027000874543718
2003,5869,0.015263207424544775,16.465093497708477,0.02351299615247188,0.8156188083066183,0.00035888373744770154,0.012448959050543938,0.2513101373200479
2004,5869,0.023433676345857385,16.465093497708477,0.02351299615247188,0.8156188083066183,0.000550995941758416,0.01911294717545119,0.38583767202958136
2005,5869,0.035633298548788696,16.465093497708477,0.02351299615247188,0.8156188083066183,0.0008378456116775504,0.029063188498396987,0.5867055922375657
2006,5869,0.026626381350358105,16.465093497708477,0.02351299615247188,0.8156188083066183,0.0006260660022452192,0.021716977426496642,0.4384058584392875
2007,5869,0.016858112576886762,16.465093497708477,0.02351299615247188,0.8156188083066183,0.00039638473615827627,0.013749793690259195,0.2775703997733357
2008,5869,0.029077716649559705,16.465093497708477,0.02351299615247188,0.8156188083066183,0.0006837042397037649,0.023716332601991397,0.478767323334875
2009,5869,0.0,16.465093497708477,0.02351299615247188,0.8156188083066183,0.0,0.0,0.0
2010,5869,0.0,16.465093497708477,0.02351299615247188,0.8156188083066183,0.0,0.0,0.0
2011,5869,0.0,16.465093497708477,0.02351299615247188,0.8156188083066183,0.0,0.0,0.0
2012,5869,0.0,16.465093497708477,0.02351299615247188,0.8156188083066183,0.0,0.0,0.0
2013,5869,0.0,16.465093497708477,0.02351299615247188,0.8156188083066183,0.0,0.0,0.0
2014,5869,0.0,16.465093497708477,0.02351299615247188,0.8156188083066183,0.0,0.0,0.0
2015,5869,0.0,16.465093497708477,0.02351299615247188,0.8156188083066183,0.0,0.0,0.0
2016,5869,0.0,16.465093497708477,0.02351299615247188,0.8156188083066183,0.0,0.0,0.0
1979,5870,0.019411097002832448,6.944857005666809,0.04561690312878633,0.4827392259260142,0.0008854741316016825,0.00937049794152211,0.13480729300779892
1980,5870,0.023302624999684832,6.944857005666809,0.04561690312878633,0.4827392259260142,0.0010629935872570576,0.011249091154392044,0.16183339847948774
1981,5870,0.0262509664625838,6.944857005666809,0.04561690312878633,0.4827392259260142,0.0011974877941607041,0.012672371229957465,0.18230920834319958
1982,5870,0.013348660858433052,6.944857005666809,0.04561690312878633,0.4827392259260142,0.0006089245692781623,0.0064439222099488555,0.0927045408789591
1983,5870,0.022629528880641545,6.944857005666809,0.04561690312878633,0.4827392259260142,0.001032289026798298,0.010924161254911283,0.15715884218166282
1984,5870,0.011201928938193972,6.944857005666809,0.04561690312878633,0.4827392259260142,0.0005109973072291427,0.005407610504501976,0.07779579466339817
1985,5870,0.01471559243105472,6.944857005666809,0.04561690312878633,0.4827392259260142,0.0006712797544101244,0.007103793699210069,0.10219768518734784
1986,5870,0.019893298860565324,6.944857005666809,0.04561690312878633,0.4827392259260142,0.0009074706870344038,0.009603275693064165,0.13815611595762065
1987,5870,0.019109655919723148,6.944857005666809,0.04561690312878633,0.4827392259260142,0.0008717233229144491,0.009224980506399628,0.1327138277899715
1988,5870,0.02340282190739344,6.944857005666809,0.04561690312878633,0.4827392259260142,0.001067564259889805,0.011297460132059477,0.162529251675934
1989,5870,0.009761755483056744,6.944857005666809,0.04561690312878633,0.4827392259260142,0.0004453010542374983,0.004712382285569838,0.06779399595411302
1990,5870,0.02016478207318937,6.944857005666809,0.04561690312878633,0.4827392259260142,0.0009198549104457666,0.009734331288978205,0.14004152804873368
1991,5870,0.01964472155063472,6.944857005666809,0.04561690312878633,0.4827392259260142,0.0008961313599672851,0.009483277674885493,0.13642978208529927
1992,5870,0.018581010302761224,6.944857005666809,0.04561690312878633,0.4827392259260142,0.0008476081470160396,0.008969782530478249,0.12904245957349844
1993,5870,0.019352017628243862,6.944857005666809,0.04561690312878633,0.4827392259260142,0.0008827791134941657,0.009341978009965023,0.134396995199297
1994,5870,0.01756754189090353,6.944857005666809,0.04561690312878633,0.4827392259260142,0.0008013768566482422,0.008480541573837598,0.12200406637338652
1995,5870,0.019474128580076147,6.944857005666809,0.04561690312878633,0.4827392259260142,0.0008883494369548629,0.00940092575632963,0.13524503829859805
1996,5870,0.015843078490986696,6.944857005666809,0.04561690312878633,0.4827392259260142,0.0007227121767850984,0.007648075447024003,0.11002791464945809
1997,5870,0.018620119069743687,6.944857005666809,0.04561690312878633,0.4827392259260142,0.0008493921678509648,0.008988661866378284,0.12931406436785958
1998,5870,0.012959820975867276,6.944857005666809,0.04561690312878633,0.4827392259260142,0.0005911868980225507,0.006256213946029891,0.09000410349643952
1999,5870,0.013755665240814832,6.944857005666809,0.04561690312878633,0.4827392259260142,0.0006274908487622635,0.0066403991904483315,0.0955311281152803
2000,5870,0.009863731241153514,6.944857005666809,0.04561690312878633,0.4827392259260142,0.0004499528725160832,0.004761609984096691,0.06850220301213955
2001,5870,0.010043968672005322,6.944857005666809,0.04561690312878633,0.4827392259260142,0.0004581747459394314,0.004848617661948986,0.06975392619647411
2002,5870,0.01768480587823182,6.944857005666809,0.04561690312878633,0.4827392259260142,0.0008067260765986919,0.008537149500309454,0.12281844799729581
2003,5870,0.007596351335067853,6.944857005666809,0.04561690312878633,0.4827392259260142,0.00034652202298401697,0.0036670567633526998,0.052755573786852396
2004,5870,0.012937611676333529,6.944857005666809,0.04561690312878633,0.4827392259260142,0.0005901737785571615,0.006245492645964611,0.08984986308698162
2005,5870,0.01613611544291311,6.944857005666809,0.04561690312878633,0.4827392259260142,0.0007360796150342804,0.007789535878364678,0.11206301437796348
2006,5870,0.015878512379383397,6.944857005666809,0.04561690312878633,0.4827392259260142,0.0007243285610395669,0.007665180774880175,0.11027399793752794
2007,5870,0.013312575243299849,6.944857005666809,0.04561690312878633,0.4827392259260142,0.0006072784552682883,0.006426502268032389,0.09245393144189748
2008,5870,0.015085934185492091,6.944857005666809,0.04561690312878633,0.4827392259260142,0.0006881735983468388,0.007282572191075248,0.10476965571514316
2009,5870,0.0,6.944857005666809,0.04561690312878633,0.4827392259260142,0.0,0.0,0.0
2010,5870,0.0,6.944857005666809,0.04561690312878633,0.4827392259260142,0.0,0.0,0.0
2011,5870,0.0,6.944857005666809,0.04561690312878633,0.4827392259260142,0.0,0.0,0.0
2012,5870,0.0,6.944857005666809,0.04561690312878633,0.4827392259260142,0.0,0.0,0.0
2013,5870,0.0,6.944857005666809,0.04561690312878633,0.4827392259260142,0.0,0.0,0.0
2014,5870,0.0,6.944857005666809,0.04561690312878633,0.4827392259260142,0.0,0.0,0.0
2015,5870,0.0,6.944857005666809,0.04561690312878633,0.4827392259260142,0.0,0.0,0.0
2016,5870,0.0,6.944857005666809,0.04561690312878633,0.4827392259260142,0.0,0.0,0.0
1979,5877,0.016007687075889183,18.9687091928839,0.02352623398500405,0.5281137255847129,0.0003766005917060942,0.008453879259642095,0.30364516099322797
1980,5877,0.01515614668097345,18.9687091928839,0.02352623398500405,0.5281137255847129,0.00035656705312762395,0.00800416908919727,0.2874925388760779
1981,5877,0.011583789663161368,18.9687091928839,0.02352623398500405,0.5281137255847129,0.00027252294604860564,0.006117558315401837,0.21972953747204255
1982,5877,0.0197108451789986,18.9687091928839,0.02352623398500405,0.5281137255847129,0.00046372195572331006,0.010409567881904428,0.373889290146382
1983,5877,0.009936810998171845,18.9687091928839,0.02352623398500405,0.5281137255847129,0.00023377574060775248,0.005247766276675682,0.1884884781289721
1984,5877,0.010625039678365221,18.9687091928839,0.02352623398500405,0.5281137255847129,0.00024996716957317237,0.005611229289026857,0.20154328782176256
1985,5877,0.018420757826491527,18.9687091928839,0.02352623398500405,0.5281137255847129,0.00043337105880713434,0.009728255043842199,0.3494179983232579
1986,5877,0.009264522191787654,18.9687091928839,0.02352623398500405,0.5281137255847129,0.00021795931684325892,0.004892721330467228,0.17573602726703938
1987,5877,0.017689780368036,18.9687091928839,0.02352623398500405,0.5281137255847129,0.000416173912081746,0.009342215814938807,0.3355522994872616
1988,5877,0.017718143943183298,18.9687091928839,0.02352623398500405,0.5281137255847129,0.00041684120018731257,0.009357195008280748,0.3360903198959012
1989,5877,0.017750036591779622,18.9687091928839,0.02352623398500405,0.5281137255847129,0.00041759151410059123,0.009374037953749716,0.3366952822725157
1990,5877,0.01662006364416439,18.9687091928839,0.02352623398500405,0.5281137255847129,0.00039100750613827053,0.008777283730574697,0.3152611540333765
1991,5877,0.017252149874427376,18.9687091928839,0.02352623398500405,0.5281137255847129,0.0004058781146901367,0.009111097144529678,0.3272510139200614
1992,5877,0.016081269497871774,18.9687091928839,0.02352623398500405,0.5281137255847129,0.00037833170898283997,0.008492739146652868,0.30504092455752374
1993,5877,0.022943332134066373,18.9687091928839,0.02352623398500405,0.5281137255847129,0.0005397702001817079,0.012116688610649254,0.43520539516685336
1994,5877,0.01774977293168904,18.9687091928839,0.02352623398500405,0.5281137255847129,0.0004175853111716077,0.00937389871123699,0.3366902809809317
1995,5877,0.017736721820618463,18.9687091928839,0.02352623398500405,0.5281137255847129,0.000417278267678797,0.009367006240346488,0.3364427182503899
1996,5877,0.01819592513550902,18.9687091928839,0.02352623398500405,0.5281137255847129,0.0004280815923116017,0.00960951781377419,0.34515321239095714
1997,5877,0.0220123123869887,18.9687091928839,0.02352623398500405,0.5281137255847129,0.0005178668117672992,0.011625004303427128,0.4175451523317047
1998,5877,0.018644237757121877,18.9687091928839,0.02352623398500405,0.5281137255847129,0.0004386286999460964,0.009846277862600806,0.35365712413783085
1999,5877,0.019070522628273412,18.9687091928839,0.02352623398500405,0.5281137255847129,0.00044865757756907474,0.010071404754065042,0.3617431978920303
2000,5877,0.022626405809207405,18.9687091928839,0.02352623398500405,0.5281137255847129,0.0005323141173070683,0.011949315468492113,0.4291937118750342
2001,5877,0.02141323699166404,18.9687091928839,0.02352623398500405,0.5281137255847129,0.0005037728238422325,0.011308624364496088,0.4061814653731793
2002,5877,0.01381313124212842,18.9687091928839,0.02352623398500405,0.5281137255847129,0.0003249709576678829,0.007294904202271034,0.26201726957507315
2003,5877,0.02090279503424765,18.9687091928839,0.02352623398500405,0.5281137255847129,0.0004917640469162911,0.011039052960670164,0.39649904032310135
2004,5877,0.017047167804928168,18.9687091928839,0.02352623398500405,0.5281137255847129,0.00040105565856036796,0.009002843300128387,0.3233627686539754
2005,5877,0.01581127900587053,18.9687091928839,0.02352623398500405,0.5281137255847129,0.00037197984949429233,0.008350153462049642,0.29991955342990856
2006,5877,0.01458911565306836,18.9687091928839,0.02352623398500405,0.5281137255847129,0.0003432269484883714,0.007704712220528183,0.27673669220440417
2007,5877,0.01213858232311931,18.9687091928839,0.02352623398500405,0.5281137255847129,0.0002855751279799389,0.006410551933979278,0.23025323810113124
2008,5877,0.015247051064595847,18.9687091928839,0.02352623398500405,0.5281137255847129,0.000358705690926987,0.008052176941904077,0.2892168776933695
2009,5877,0.0,18.9687091928839,0.02352623398500405,0.5281137255847129,0.0,0.0,0.0
2010,5877,0.0,18.9687091928839,0.02352623398500405,0.5281137255847129,0.0,0.0,0.0
2011,5877,0.0,18.9687091928839,0.02352623398500405,0.5281137255847129,0.0,0.0,0.0
2012,5877,0.0,18.9687091928839,0.02352623398500405,0.5281137255847129,0.0,0.0,0.0
2013,5877,0.0,18.9687091928839,0.02352623398500405,0.5281137255847129,0.0,0.0,0.0
2014,5877,0.0,18.9687091928839,0.02352623398500405,0.5281137255847129,0.0,0.0,0.0
2015,5877,0.0,18.9687091928839,0.02352623398500405,0.5281137255847129,0.0,0.0,0.0
2016,5877,0.0,18.9687091928839,0.02352623398500405,0.5281137255847129,0.0,0.0,0.0
1979,5878,0.017731595800153394,3.217056409493905,0.018168827711342785,0.6301083928957114,0.0003221623091401563,0.011172827333111002,0.05704354391943868
1980,5878,0.015596348100811187,3.217056409493905,0.018168827711342785,0.6301083928957114,0.0002833673615697667,0.009827389836844218,0.05017433162241272
1981,5878,0.01931985123293277,3.217056409493905,0.018168827711342785,0.6301083928957114,0.000351019048459929,0.012173600411367495,0.06215305123937509
1982,5878,0.015799643222258918,3.217056409493905,0.018168827711342785,0.6301083928957114,0.0002870609956059071,0.009955487799103187,0.050828343495884984
1983,5878,0.016875499037049112,3.217056409493905,0.018168827711342785,0.6301083928957114,0.0003066080345470764,0.010633393577548141,0.05428943234054707
1984,5878,0.016127676039265924,3.217056409493905,0.018168827711342785,0.6301083928957114,0.0002930209673417738,0.010162184030244523,0.051883643572361714
1985,5878,0.028122325369597845,3.217056409493905,0.018168827711342785,0.6301083928957114,0.0005109496844825476,0.01772011324312759,0.0904711070801378
1986,5878,0.016927447395478655,3.217056409493905,0.018168827711342785,0.6301083928957114,0.0003075518753212698,0.01066612667419175,0.05445655313999551
1987,5878,0.02438400722824615,3.217056409493905,0.018168827711342785,0.6301083928957114,0.0004430288262421414,0.015364567606947592,0.07844472674277499
1988,5878,0.01886901434086213,3.217056409493905,0.018168827711342785,0.6301083928957114,0.0003428278706419803,0.011889524301846768,0.060702683526102925
1989,5878,0.01557574671890731,3.217056409493905,0.018168827711342785,0.6301083928957114,0.0002829930586113396,0.009814408733201335,0.05010805581471442
1990,5878,0.018619654214848902,3.217056409493905,0.018168827711342785,0.6301083928957114,0.0003382972894743672,0.011732400393592302,0.05990047793443986
1991,5878,0.012900931631123,3.217056409493905,0.018168827711342785,0.6301083928957114,0.00023439480412168625,0.008128985296944363,0.0415030247923469
1992,5878,0.014653235020620626,3.217056409493905,0.018168827711342785,0.6301083928957114,0.0002662321025034706,0.009233126369566419,0.047140283642908135
1993,5878,0.017357498631940763,3.217056409493905,0.018168827711342785,0.6301083928957114,0.0003153654021435998,0.010937105567661703,0.055840052226666714
1994,5878,0.017265133209583734,3.217056409493905,0.018168827711342785,0.6301083928957114,0.00031368723069830957,0.010878905339821183,0.05554290745265743
1995,5878,0.021690069058326863,3.217056409493905,0.018168827711342785,0.6301083928957114,0.00039408312776786783,0.013667094556139337,0.06977817568645586
1996,5878,0.020055399362171454,3.217056409493905,0.018168827711342785,0.6301083928957114,0.0003643830956934671,0.01263707546097953,0.06451935106303365
1997,5878,0.02349372830723544,3.217056409493905,0.018168827711342785,0.6301083928957114,0.0004268535019112577,0.014803595386800606,0.07558064923370016
1998,5878,0.01987834582014082,3.217056409493905,0.018168827711342785,0.6301083928957114,0.0003611662403926295,0.012525512538154114,0.0639497598308204
1999,5878,0.02183654566234752,3.217056409493905,0.018168827711342785,0.6301083928957114,0.00039674443595006173,0.013759390693695613,0.07024939918426142
2000,5878,0.017318491812743482,3.217056409493905,0.018168827711342785,0.6301083928957114,0.00031465669396603694,0.010912527043505331,0.055714565088954136
2001,5878,0.033018780877779,3.217056409493905,0.018168827711342785,0.6301083928957114,0.0005999125410069464,0.020805410954272973,0.10622328065653372
2002,5878,0.018403806459902756,3.217056409493905,0.018168827711342785,0.6301083928957114,0.0003343755888028706,0.011596392911613037,0.05920608353091549
2003,5878,0.02732491903068641,3.217056409493905,0.018168827711342785,0.6301083928957114,0.0004964617460949331,0.017217660816431255,0.0879058059065717
2004,5878,0.021817283082978662,3.217056409493905,0.018168827711342785,0.6301083928957114,0.0003963944574642329,0.013747253180766477,0.07018743037983945
2005,5878,0.02185752868345697,3.217056409493905,0.018168827711342785,0.6301083928957114,0.0003971256728454628,0.013772612271404985,0.07031690274681211
2006,5878,0.019787842573410187,3.217056409493905,0.018168827711342785,0.6301083928957114,0.0003595219024954635,0.012468485682804831,0.0636586057808456
2007,5878,0.026525492932017808,3.217056409493905,0.018168827711342785,0.6301083928957114,0.00048193711104027234,0.016713935722160293,0.08533400705193316
2008,5878,0.018024391929117117,3.217056409493905,0.018168827711342785,0.6301083928957114,0.0003274820715618463,0.011357320631378419,0.05798548558279643
2009,5878,0.07641965278177748,3.217056409493905,0.018168827711342785,0.6301083928957114,0.0013884555051527526,0.04815266459997409,0.24584633379291596
2010,5878,0.12462615382548775,3.217056409493905,0.018168827711342785,0.6301083928957114,0.0022643111171825906,0.0785279854997518,0.4009293669548587
2011,5878,0.08200013916052744,3.217056409493905,0.018168827711342785,0.6301083928957114,0.0014898464007137555,0.051668975903664635,0.26379907326576696
2012,5878,0.08875258156940091,3.217056409493905,0.018168827711342785,0.6301083928957114,0.0016125303634713423,0.05592374653804075,0.28552206139697184
2013,5878,0.0965845970561139,3.217056409493905,0.018168827711342785,0.6301083928957114,0.001754828903481999,0.06085876522950779,0.3107180970177574
2014,5878,0.0837823440210977,3.217056409493905,0.018168827711342785,0.6301083928957114,0.0015222269737717744,0.05279195814416949,0.2695325268354957
2015,5878,0.08785242275580375,3.217056409493905,0.018168827711342785,0.6301083928957114,0.0015961755330742486,0.05535654891465413,0.2826261997161266
2016,5878,0.07838416132600974,3.217056409493905,0.018168827711342785,0.6301083928957114,0.0014241483224303692,0.04939051792161017,0.25216626859664387
1979,5881,0.013421354386326323,3.030951074181061,0.024657738397952583,0.3059853240073867,0.0003309402454042479,0.0041067374705180204,0.04067946849420046
1980,5881,0.006527895909741653,3.030951074181061,0.024657738397952583,0.3059853240073867,0.00016096314963147436,0.0019974403450287942,0.019785733119773618
1981,5881,0.007503962873367713,3.030951074181061,0.024657738397952583,0.3059853240073867,0.00018503075347944963,0.00229610251114682,0.022744144331648668
1982,5881,0.00675457452832499,3.030951074181061,0.024657738397952583,0.3059853240073867,0.00016655253170891156,0.002066800675581563,0.02047278492226266
1983,5881,0.01296200825009877,3.030951074181061,0.024657738397952583,0.3059853240073867,0.0003196138085430386,0.003966184294192892,0.03928721282918064
1984,5881,0.006862366046467078,3.030951074181061,0.024657738397952583,0.3059853240073867,0.00016921042676477734,0.0020997832981855184,0.02079949573996303
1985,5881,0.012736508109385472,3.030951074181061,0.024657738397952583,0.3059853240073867,0.0003140534850646286,0.0038971845605730217,0.038603732935457685
1986,5881,0.005427790178285677,3.030951074181061,0.024657738397952583,0.3059853240073867,0.00013383703029514463,0.0016608241363468541,0.016451366471304383
1987,5881,0.00931985654585488,3.030951074181061,0.024657738397952583,0.3059853240073867,0.0002298065846141356,0.002851739324885769,0.02824802920887224
1988,5881,0.0059822448557289845,3.030951074181061,0.024657738397952583,0.3059853240073867,0.00014750862868506288,0.0018304791304717557,0.01813189147148589
1989,5881,0.00819495236600696,3.030951074181061,0.024657738397952583,0.3059853240073867,0.00020206899162468218,0.0025075351549377397,0.02483849967661142
1990,5881,0.009020829930543487,3.030951074181061,0.024657738397952583,0.3059853240073867,0.00022243326455976208,0.0027602415691128806,0.027341694167985445
1991,5881,0.010164956035680166,3.030951074181061,0.024657738397952583,0.3059853240073867,0.0002506448267544907,0.0031103273660984367,0.03080948441534806
1992,5881,0.0129627886339408,3.030951074181061,0.024657738397952583,0.3059853240073867,0.0003196330510436654,0.0039664230801956454,0.039289578134424914
1993,5881,0.01191696321921104,3.030951074181061,0.024657738397952583,0.3059853240073867,0.0002938453615573287,0.0036464158518144003,0.036119732470243894
1994,5881,0.0070080100379591006,3.030951074181061,0.024657738397952583,0.3059853240073867,0.00017280167820622126,0.002144348222111934,0.021240935552423793
1995,5881,0.013050144043437992,3.030951074181061,0.024657738397952583,0.3059853240073867,0.00032178703787869316,0.0039931525534744414,0.039554348106675956
1996,5881,0.006748044777934613,3.030951074181061,0.024657738397952583,0.3059853240073867,0.00016639152283198173,0.0020648026677926763,0.020452993568302814
1997,5881,0.012339405792543286,3.030951074181061,0.024657738397952583,0.3059853240073867,0.00030426184001871307,0.0037756770794899817,0.03740013524166508
1998,5881,0.010160529247448015,3.030951074181061,0.024657738397952583,0.3059853240073867,0.0002505356721683192,0.0031089728338669098,0.030796067036800646
1999,5881,0.009391860276247624,3.030951074181061,0.024657738397952583,0.3059853240073867,0.0002315820337618366,0.0028737714096597334,0.02846626899285117
2000,5881,0.009325678360179876,3.030951074181061,0.024657738397952583,0.3059853240073867,0.0002299501373887628,0.002853520714628314,0.02826567484325427
2001,5881,0.013549601806541784,3.030951074181061,0.024657738397952583,0.3059853240073867,0.000334102536742133,0.00414597929894576,0.041068180150263464
2002,5881,0.011759807299147464,3.030951074181061,0.024657738397952583,0.3059853240073867,0.0002899702519927115,0.003598328446694068,0.03564340056551329
2003,5881,0.014535992452249374,3.030951074181061,0.024657738397952583,0.3059853240073867,0.0003584246992421783,0.004447800360270452,0.044057881937433034
2004,5881,0.01572742455971459,3.030951074181061,0.024657738397952583,0.3059853240073867,0.00038780272046697696,0.004812361099706001,0.04766905436336854
2005,5881,0.011851876577489078,3.030951074181061,0.024657738397952583,0.3059853240073867,0.0002922404721725473,0.003626500294658553,0.035922458043601876
2006,5881,0.011503678297545058,3.030951074181061,0.024657738397952583,0.3059853240073867,0.0002836546900750706,0.003519956731151067,0.03486708609297755
2007,5881,0.015869639153575685,3.030951074181061,0.024657738397952583,0.3059853240073867,0.00039130941071877486,0.004855876678287166,0.04810009983939604
2008,5881,0.011067906382747057,3.030951074181061,0.024657738397952583,0.3059853240073867,0.0002729095401988066,0.0033866169206082817,0.03354628273972261
2009,5881,0.055965433350846056,3.030951074181061,0.024657738397952583,0.3059853240073867,0.001379981014893213,0.017124601257072436,0.16962849033175542
2010,5881,0.0472253024199182,3.030951074181061,0.024657738397952583,0.3059853240073867,0.00116446915283454,0.014450249462305494,0.1431375810981765
2011,5881,0.07353617272903537,3.030951074181061,0.024657738397952583,0.3059853240073867,0.001813235709939209,0.022500989638757043,0.22288454172423378
2012,5881,0.06075128435481492,3.030951074181061,0.024657738397952583,0.3059853240073867,0.001497989276960656,0.018589001427172926,0.18413417057310535
2013,5881,0.07288526338790859,3.030951074181061,0.024657738397952583,0.3059853240073867,0.001797185757684921,0.022301820933112927,0.22091166735755108
2014,5881,0.07340438829892842,3.030951074181061,0.024657738397952583,0.3059853240073867,0.0018099862039367086,0.02246066553721164,0.2224851095642408
2015,5881,0.06667201659290252,3.030951074181061,0.024657738397952583,0.3059853240073867,0.0016439811436117441,0.02040065859940514,0.2020796203100754
2016,5881,0.0530433999057292,3.030951074181061,0.024657738397952583,0.3059853240073867,0.0013079302786134532,0.016230501906607932,0.1607719499224855
1979,5892,0.04791102143806028,14.104063629876487,0.0164142883933423,0.8727512138430231,0.000786425323103927,0.04181440211652621,0.6757400949347787
1980,5892,0.02706104468630963,14.104063629876487,0.0164142883933423,0.8727512138430231,0.00044418779170620946,0.02361755959783702,0.381670696146642
1981,5892,0.04493369596458988,14.104063629876487,0.0164142883933423,0.8727512138430231,0.0007375546441415394,0.03921593769554917,0.6337477070101001
1982,5892,0.03611965264331755,14.104063629876487,0.0164142883933423,0.8727512138430231,0.0005928783951547627,0.031523470688043745,0.5094338791703872
1983,5892,0.022842255313547662,14.104063629876487,0.0164142883933423,0.8727512138430231,0.00037493936627092686,0.019935606051810967,0.32216862239216054
1984,5892,0.024639289717509016,14.104063629876487,0.0164142883933423,0.8727512138430231,0.0004044364072303065,0.021503970009185913,0.3475141099707086
1985,5892,0.02290586172848123,14.104063629876487,0.0164142883933423,0.8727512138430231,0.000375983420309313,0.019991118627652443,0.32306573131565186
1986,5892,0.025798900308862626,14.104063629876487,0.0164142883933423,0.8727512138430231,0.00042347058990075884,0.022516021560375,0.36386933153703865
1987,5892,0.036090922313854495,14.104063629876487,0.0164142883933423,0.8727512138430231,0.0005924068072413204,0.03149839625813076,0.509028664775533
1988,5892,0.03232533487944995,14.104063629876487,0.0164142883933423,0.8727512138430231,0.0005305973691226583,0.028211975253922154,0.45591857999682783
1989,5892,0.03456501890787197,14.104063629876487,0.0164142883933423,0.8727512138430231,0.0005673601886751399,0.030166662208352304,0.48750722604451013
1990,5892,0.022559192871855892,14.104063629876487,0.0164142883933423,0.8727512138430231,0.0003702930977196745,0.019688562962231104,0.3181762917033116
1991,5892,0.016795556218141897,14.104063629876487,0.0164142883933423,0.8727512138430231,0.0002756871034911746,0.014658342076552075,0.236885593599841
1992,5892,0.022636238934005612,14.104063629876487,0.0164142883933423,0.8727512138430231,0.00037155775400337136,0.019755805006494098,0.31926295426630263
1993,5892,0.025179811227396813,14.104063629876487,0.0164142883933423,0.8727512138430231,0.00041330868317640963,0.02197571081304875,0.355137659739483
1994,5892,0.021853859878641482,14.104063629876487,0.0164142883933423,0.8727512138430231,0.00035871555855571384,0.019072982736239696,0.3082282302867643
1995,5892,0.028282244738047288,14.104063629876487,0.0164142883933423,0.8727512138430231,0.0004642329215413959,0.024683363425336224,0.3988945793811584
1996,5892,0.027054467867394863,14.104063629876487,0.0164142883933423,0.8727512138430231,0.00044407983790383166,0.023611819671145933,0.38157793627418596
1997,5892,0.02126117139671297,14.104063629876487,0.0164142883933423,0.8727512138430231,0.00034898699888592696,0.01855571314420581,0.29986891422494966
1998,5892,0.028464424660338845,14.104063629876487,0.0164142883933423,0.8727512138430231,0.0004672232753253662,0.024842361173654008,0.4014640565972445
1999,5892,0.02189090102363024,14.104063629876487,0.0164142883933423,0.8727512138430231,0.0003593235625919789,0.01910531044049077,0.3087506609526092
2000,5892,0.023096090969116183,14.104063629876487,0.0164142883933423,0.8727512138430231,0.00037910589792594163,0.02015714142832503,0.32574873662983034
2001,5892,0.01924507021606576,14.104063629876487,0.0164142883933423,0.8727512138430231,0.00031589413267662576,0.0167961583915656,0.2714336948888323
2002,5892,0.022689599028518918,14.104063629876487,0.0164142883933423,0.8727512138430231,0.00037243362198340876,0.019802375093751365,0.32001554843461455
2003,5892,0.030997062232110687,14.104063629876487,0.0164142883933423,0.8727512138430231,0.0005087947188242434,0.02705272368864233,0.43718453806093044
2004,5892,0.022242116670719923,14.104063629876487,0.0164142883933423,0.8727512138430231,0.0003650885175115633,0.019411834322808953,0.31370422878697035
2005,5892,0.02762164448915071,14.104063629876487,0.0164142883933423,0.8727512138430231,0.00045338963854329377,0.02410682375624673,0.38957743143680884
2006,5892,0.02919538808228905,14.104063629876487,0.0164142883933423,0.8727512138430231,0.0004792215197382412,0.0254803103874359,0.41177361121154243
2007,5892,0.02028906838635836,14.104063629876487,0.0164142883933423,0.8727512138430231,0.0003330306197259302,0.017707309061938365,0.28615831151211374
2008,5892,0.01844856227409972,14.104063629876487,0.0164142883933423,0.8727512138430231,0.00030282002160960764,0.016101005118379134,0.2601996961936413
2009,5892,0.0,14.104063629876487,0.0164142883933423,0.8727512138430231,0.0,0.0,0.0
2010,5892,0.0,14.104063629876487,0.0164142883933423,0.8727512138430231,0.0,0.0,0.0
2011,5892,0.0,14.104063629876487,0.0164142883933423,0.8727512138430231,0.0,0.0,0.0
2012,5892,0.0,14.104063629876487,0.0164142883933423,0.8727512138430231,0.0,0.0,0.0
2013,5892,0.0,14.104063629876487,0.0164142883933423,0.8727512138430231,0.0,0.0,0.0
2014,5892,0.0,14.104063629876487,0.0164142883933423,0.8727512138430231,0.0,0.0,0.0
2015,5892,0.0,14.104063629876487,0.0164142883933423,0.8727512138430231,0.0,0.0,0.0
2016,5892,0.0,14.104063629876487,0.0164142883933423,0.8727512138430231,0.0,0.0,0.0
1979,5897,0.049218326214212765,8.887719124512502,0.020874575829373285,0.8747351073277312,0.0010274116827534152,0.043052997863480685,0.4374386591705538
1980,5897,0.047010764552609184,8.887719124512502,0.020874575829373285,0.8747351073277312,0.0009813297694502541,0.041121966176485295,0.4178184711721791
1981,5897,0.03249176622566986,8.887719124512502,0.020874575829373285,0.8747351073277312,0.0006782518379080154,0.02842168861667888,0.28877769207307546
1982,5897,0.02926166828662985,8.887719124512502,0.020874575829373285,0.8747351073277312,0.0006108249135432222,0.02559620854929363,0.2600694888462211
1983,5897,0.03280265904795678,8.887719124512502,0.020874575829373285,0.8747351073277312,0.0006847415937016515,0.02869363748294945,0.29154082015538857
1984,5897,0.03169420086505958,8.887719124512502,0.020874575829373285,0.8747351073277312,0.0006616029993090746,0.02772403019536456,0.2816891551645307
1985,5897,0.025503072224267183,8.887719124512502,0.020874575829373285,0.8747351073277312,0.0005323658150274489,0.022308432619281233,0.22666414274144303
1986,5897,0.04696723366791875,8.887719124512502,0.020874575829373285,0.8747351073277312,0.0009804210806968639,0.04108388818339354,0.41743158089580895
1987,5897,0.03228103950669831,8.887719124512502,0.020874575829373285,0.8747351073277312,0.0006738530070335687,0.028237358557542478,0.2869048121828262
1988,5897,0.02539712000368835,8.887719124512502,0.020874575829373285,0.8747351073277312,0.0005301541073646856,0.022215752492241597,0.22572246916431998
1989,5897,0.028479603780102777,8.887719124512502,0.020874575829373285,0.8747351073277312,0.0005944996486982614,0.024912109269239462,0.253118719174958
1990,5897,0.0415964383764211,8.887719124512502,0.020874575829373285,0.8747351073277312,0.0008683080071204553,0.03638586498765007,0.3696974608697236
1991,5897,0.02351505931286365,8.887719124512502,0.020874575829373285,0.8747351073277312,0.0004908668887585827,0.02056944793185575,0.2089952423689841
1992,5897,0.02423791347477405,8.887719124512502,0.020874575829373285,0.8747351073277312,0.0005059561627749594,0.02120175384475674,0.2154197671280286
1993,5897,0.029517254244933486,8.887719124512502,0.020874575829373285,0.8747351073277312,0.0006161601620107546,0.02581977855996182,0.2623410650557932
1994,5897,0.028896029381037813,8.887719124512502,0.020874575829373285,0.8747351073277312,0.0006031923564822722,0.025276371361967385,0.25681979295232493
1995,5897,0.02201964693366139,8.887719124512502,0.020874575829373285,0.8747351073277312,0.00045965078965274167,0.019261358223835044,0.19570443716731542
1996,5897,0.0287698628721,8.887719124512502,0.020874575829373285,0.8747351073277312,0.0006005586841243226,0.025166009087230504,0.25569846045796535
1997,5897,0.02441231767840131,8.887719124512502,0.020874575829373285,0.8747351073277312,0.0005095967765485381,0.02135431132453504,0.21696982270400197
1998,5897,0.028547767853320555,8.887719124512502,0.020874575829373285,0.8747351073277312,0.0005959225448134849,0.02497173477714151,0.25372454231210034
1999,5897,0.026257772920730286,8.887719124512502,0.020874575829373285,0.8747351073277312,0.0005481198719442488,0.0229685958140022,0.23337171055468106
2000,5897,0.020901167142960475,8.887719124512502,0.020874575829373285,0.8747351073277312,0.0004363029984481338,0.01828298468407238,0.18576370294112216
2001,5897,0.02703701084723709,8.887719124512502,0.020874575829373285,0.8747351073277312,0.0005643861331302387,0.02365022258527897,0.24029735837664104
2002,5897,0.028260759148758738,8.887719124512502,0.020874575829373285,0.8747351073277312,0.0005899313598464191,0.024720678187152637,0.2511736895596647
2003,5897,0.020311082927801632,8.887719124512502,0.020874575829373285,0.8747351073277312,0.0004239852407530843,0.017766817304793008,0.18051920017698195
2004,5897,0.023695528795235416,8.887719124512502,0.020874575829373285,0.8747351073277312,0.0004946341126532399,0.020727310923887597,0.2105992044388505
2005,5897,0.03832182018675657,8.887719124512502,0.020874575829373285,0.8747351073277312,0.0007999517414080579,0.033521441494056524,0.3405935741599656
2006,5897,0.03044579141700497,8.887719124512502,0.020874575829373285,0.8747351073277312,0.0006355429816195526,0.02663200262283156,0.27059364263783364
2007,5897,0.020051110611927363,8.887719124512502,0.020874575829373285,0.8747351073277312,0.0004185584289318291,0.017539410393164492,0.1782086392533424
2008,5897,0.031075716651190164,8.887719124512502,0.020874575829373285,0.8747351073277312,0.0006486924036873871,0.027183020340164992,0.27619224118871444
2009,5897,0.0,8.887719124512502,0.020874575829373285,0.8747351073277312,0.0,0.0,0.0
2010,5897,0.0,8.887719124512502,0.020874575829373285,0.8747351073277312,0.0,0.0,0.0
2011,5897,0.0,8.887719124512502,0.020874575829373285,0.8747351073277312,0.0,0.0,0.0
2012,5897,0.0,8.887719124512502,0.020874575829373285,0.8747351073277312,0.0,0.0,0.0
2013,5897,0.0,8.887719124512502,0.020874575829373285,0.8747351073277312,0.0,0.0,0.0
2014,5897,0.0,8.887719124512502,0.020874575829373285,0.8747351073277312,0.0,0.0,0.0
2015,5897,0.0,8.887719124512502,0.020874575829373285,0.8747351073277312,0.0,0.0,0.0
2016,5897,0.0,8.887719124512502,0.020874575829373285,0.8747351073277312,0.0,0.0,0.0
1979,5907,0.03294728305901118,4.033270115406953,0.017603629301330068,0.9556699917025112,0.0005799917574568249,0.0314867297276255,0.13288529214576358
1980,5907,0.03320089125898934,4.033270115406953,0.017603629301330068,0.9556699917025112,0.000584456182197018,0.03172909547399432,0.13390816251975765
1981,5907,0.04756797425424456,4.033270115406953,0.017603629301330068,0.9556699917025112,0.0008373689853869338,0.04545928556085917,0.19185448901009194
1982,5907,0.026159852791176084,4.033270115406953,0.017603629301330068,0.9556699917025112,0.0004605083511132285,0.02500018629988216,0.10550975248609568
1983,5907,0.035920922941908136,4.033270115406953,0.017603629301330068,0.9556699917025112,0.0006323386116309935,0.034328548129839896,0.1448787850194341
1984,5907,0.038052750841511634,4.033270115406953,0.017603629301330068,0.9556699917025112,0.0006698665197098466,0.03636587208096515,0.15347702277809566
1985,5907,0.034696100189236835,4.033270115406953,0.017603629301330068,0.9556699917025112,0.0006107772859331332,0.03315802177995746,0.13993874401441447
1986,5907,0.0412852759848065,4.033270115406953,0.017603629301330068,0.9556699917025112,0.0007267706940396383,0.039455099357835914,0.16651466983584845
1987,5907,0.02880677979886886,4.033270115406953,0.017603629301330068,0.9556699917025112,0.0005071038729443309,0.02752977501136107,0.11618552408388651
1988,5907,0.036176692769229496,4.033270115406953,0.017603629301330068,0.9556699917025112,0.0006368410888576239,0.03457297967859385,0.14591037382039215
1989,5907,0.027072326908084383,4.033270115406953,0.017603629301330068,0.9556699917025112,0.0004765712072143407,0.025872210431616673,0.10919000707290426
1990,5907,0.03601001017996168,4.033270115406953,0.017603629301330068,0.9556699917025112,0.0006339068703451674,0.034413686129891326,0.14523809791433961
1991,5907,0.03511999119470401,4.033270115406953,0.017603629301330068,0.9556699917025112,0.0006182393060575455,0.033563121693635053,0.14164841093895503
1992,5907,0.02860981020737942,4.033270115406953,0.017603629301330068,0.9556699917025112,0.0005036364932721164,0.02734153708349671,0.11539109251688821
1993,5907,0.02626664040772501,4.033270115406953,0.017603629301330068,0.9556699917025112,0.00046238820072892837,0.025102240020503406,0.105940455788618
1994,5907,0.0231505971663327,4.033270115406953,0.017603629301330068,0.9556699917025112,0.00040753453062054314,0.02212433100185735,0.09337261170479458
1995,5907,0.028038122006231143,4.033270115406953,0.017603629301330068,0.9556699917025112,0.0004935727061031579,0.026795191825048914,0.11308531957986612
1996,5907,0.02763964728470054,4.033270115406953,0.017603629301330068,0.9556699917025112,0.0004865581048193825,0.026414381491230102,0.11147816339377163
1997,5907,0.026412473500252453,4.033270115406953,0.017603629301330068,0.9556699917025112,0.000464955392429648,0.025241608330829057,0.10652864004254631
1998,5907,0.0230529007809302,4.033270115406953,0.017603629301330068,0.9556699917025112,0.0004058147196678377,0.022030965498030377,0.09297857579316739
1999,5907,0.023021178380079846,4.033270115406953,0.017603629301330068,0.9556699917025112,0.00040525629028271984,0.022000649351472938,0.0928506307818287
2000,5907,0.01655351781299541,4.033270115406953,0.017603629301330068,0.9556699917025112,0.00029140199121293524,0.015819700230992696,0.06676480870001106
2001,5907,0.022913391485282486,4.033270115406953,0.017603629301330068,0.9556699917025112,0.0004033588497431656,0.021897640650616303,0.09241589712020999
2002,5907,0.024008627021032236,4.033270115406953,0.017603629301330068,0.9556699917025112,0.00042263897011214787,0.022944324385978564,0.09683327787588118
2003,5907,0.020278154567538283,4.033270115406953,0.017603629301330068,0.9556699917025112,0.00035696911592201705,0.01937922380730155,0.08178727481285517
2004,5907,0.020753601882077567,4.033270115406953,0.017603629301330068,0.9556699917025112,0.0003653387141994795,0.01983359453844229,0.08370488225803695
2005,5907,0.01911950310050314,4.033270115406953,0.017603629301330068,0.9556699917025112,0.00033657264500688817,0.018271935369413975,0.0771141204766899
2006,5907,0.019181467064898438,4.033270115406953,0.017603629301330068,0.9556699917025112,0.00033766343566614377,0.01833115247075348,0.0773640378825176
2007,5907,0.019309225774885745,4.033270115406953,0.017603629301330068,0.9556699917025112,0.00033991245263677647,0.018453247636066976,0.07787932326949235
2008,5907,0.0182696638595747,4.033270115406953,0.017603629301330068,0.9556699917025112,0.0003216123900438602,0.017459769509087425,0.0736864892633531
2009,5907,0.0,4.033270115406953,0.017603629301330068,0.9556699917025112,0.0,0.0,0.0
2010,5907,0.0,4.033270115406953,0.017603629301330068,0.9556699917025112,0.0,0.0,0.0
2011,5907,0.0,4.033270115406953,0.017603629301330068,0.9556699917025112,0.0,0.0,0.0
2012,5907,0.0,4.033270115406953,0.017603629301330068,0.9556699917025112,0.0,0.0,0.0
2013,5907,0.0,4.033270115406953,0.017603629301330068,0.9556699917025112,0.0,0.0,0.0
2014,5907,0.0,4.033270115406953,0.017603629301330068,0.9556699917025112,0.0,0.0,0.0
2015,5907,0.0,4.033270115406953,0.017603629301330068,0.9556699917025112,0.0,0.0,0.0
2016,5907,0.0,4.033270115406953,0.017603629301330068,0.9556699917025112,0.0,0.0,0.0
1979,5912,0.009186130058595905,2.801559836590141,0.04165086904911772,0.4426000141800833,0.0003826103001387421,0.0040657812941946375,0.025735493025855725
1980,5912,0.01797314383281871,2.801559836590141,0.04165086904911772,0.4426000141800833,0.0007485970601816898,0.007954913715266238,0.05035283789928268
1981,5912,0.008879078155135075,2.801559836590141,0.04165086904911772,0.4426000141800833,0.0003698213215164127,0.003929880117368853,0.024875268745371312
1982,5912,0.008986806239364452,2.801559836590141,0.04165086904911772,0.4426000141800833,0.0003743082898455628,0.0039775605689763675,0.025177075419421133
1983,5912,0.008800925750116588,2.801559836590141,0.04165086904911772,0.4426000141800833,0.0003665662059291141,0.0038952898617994622,0.02465632010633859
1984,5912,0.0161877896626986,2.801559836590141,0.04165086904911772,0.4426000141800833,0.0006742355074357207,0.007164715934254606,0.04535106136218545
1985,5912,0.005438431180634749,2.801559836590141,0.04165086904911772,0.4426000141800833,0.0002265153849372566,0.002407049717666347,0.015236090369725815
1986,5912,0.009319233879512829,2.801559836590141,0.04165086904911772,0.4426000141800833,0.0003881541899536901,0.004124693047219891,0.026108391344633265
1987,5912,0.006836213709219854,2.801559836590141,0.04165086904911772,0.4426000141800833,0.00028473424199449945,0.003025708284638787,0.019152061762097255
1988,5912,0.009369487042406515,2.801559836590141,0.04165086904911772,0.4426000141800833,0.000390247277860679,0.004146935097829231,0.026249178587457837
1989,5912,0.009845796933701365,2.801559836590141,0.04165086904911772,0.4426000141800833,0.0004100859987698003,0.004357749862470445,0.027583589248680106
1990,5912,0.009722726659036224,2.801559836590141,0.04165086904911772,0.4426000141800833,0.00040496001487588356,0.004303278957158507,0.02723880051010013
1991,5912,0.020068781593291226,2.801559836590141,0.04165086904911772,0.4426000141800833,0.0008358821941175169,0.008882443017767692,0.05622389248106419
1992,5912,0.013996584953287016,2.801559836590141,0.04165086904911772,0.4426000141800833,0.0005829699270242089,0.0061948886987975745,0.0392122702545508
1993,5912,0.008873272491686436,2.801559836590141,0.04165086904911772,0.4426000141800833,0.00036957951058837023,0.0039273105306441595,0.024859003831828843
1994,5912,0.012897063645463423,2.801559836590141,0.04165086904911772,0.4426000141800833,0.0005371739090153338,0.005708240552363548,0.03613189551907715
1995,5912,0.009481662548183004,2.801559836590141,0.04165086904911772,0.4426000141800833,0.0003949194851622941,0.0041965839782765624,0.026563444979090436
1996,5912,0.013661328109389713,2.801559836590141,0.04165086904911772,0.4426000141800833,0.0005690061881212219,0.006046504014934658,0.038273028145746145
1997,5912,0.01362089626325212,2.801559836590141,0.04165086904911772,0.4426000141800833,0.0005673221665923308,0.006028608879260832,0.03815975590948787
1998,5912,0.0213677454724272,2.801559836590141,0.04165086904911772,0.4426000141800833,0.0008899851685469433,0.00945736444909269,0.05986301751403286
1999,5912,0.01524931874210791,2.801559836590141,0.04165086904911772,0.4426000141800833,0.000635147378015793,0.006749348691493571,0.04272187892325081
2000,5912,0.017654994368276652,2.801559836590141,0.04165086904911772,0.4426000141800833,0.0007353458584960016,0.007814100757748538,0.049461523137388996
2001,5912,0.019735383434769757,2.801559836590141,0.04165086904911772,0.4426000141800833,0.0008219958710757221,0.008734880988078475,0.05528985759055733
2002,5912,0.020859516036189026,2.801559836590141,0.04165086904911772,0.4426000141800833,0.0008688169708512801,0.009232422093406939,0.05843918233769515
2003,5912,0.014439696166171894,2.801559836590141,0.04165086904911772,0.4426000141800833,0.0006014258941262727,0.006391009727903775,0.040453672831711814
2004,5912,0.018907637830189648,2.801559836590141,0.04165086904911772,0.4426000141800833,0.0007875195472933733,0.008368520771753818,0.05297087874985167
2005,5912,0.010139417557029351,2.801559836590141,0.04165086904911772,0.4426000141800833,0.00042231555290215455,0.004487706354518977,0.028406184994190353
2006,5912,0.01368759712757064,2.801559836590141,0.04165086904911772,0.4426000141800833,0.0005701003155575246,0.006058130682754033,0.03834662237202849
2007,5912,0.016222593839627184,2.801559836590141,0.04165086904911772,0.4426000141800833,0.0006756851316513356,0.007180120263456724,0.045448567346414157
2008,5912,0.016109521043365518,2.801559836590141,0.04165086904911772,0.4426000141800833,0.0006709755514212234,0.007130074242227929,0.04513178714179653
2009,5912,0.10271109809779402,2.801559836590141,0.04165086904911772,0.4426000141800833,0.004278006496762302,0.045459933474535565,0.28775128720284976
2010,5912,0.0584691610699654,2.801559836590141,0.04165086904911772,0.4426000141800833,0.0024352913711369003,0.02587845151866426,0.1638048533327349
2011,5912,0.07786867629561027,2.801559836590141,0.04165086904911772,0.4426000141800833,0.0032432980394166,0.03446467723262142,0.2181537560382205
2012,5912,0.05796402328605123,2.801559836590141,0.04165086904911772,0.4426000141800833,0.00241425194344733,0.025654877528340954,0.16238967960537679
2013,5912,0.04873377322555476,2.801559836590141,0.04165086904911772,0.4426000141800833,0.0020298040068869806,0.021569568720679503,0.13653058175420618
2014,5912,0.045334306992901335,2.801559836590141,0.04165086904911772,0.4426000141800833,0.001888213283993835,0.02006496491790238,0.12700677369095995
2015,5912,0.058175223208384065,2.801559836590141,0.04165086904911772,0.4426000141800833,0.0024230486037555986,0.0257483546169603,0.16298136882527542
2016,5912,0.050053818019958916,2.801559836590141,0.04165086904911772,0.4426000141800833,0.0020847850197576773,0.022153820565401126,0.14022876623270875
1979,5914,0.012486325186621412,5.78543786989423,0.04555568641542429,0.4031257505586655,0.0005688231146827392,0.005033559212576326,0.07223885859049366
1980,5914,0.01388473079294898,5.78543786989423,0.04555568641542429,0.4031257505586655,0.0006325284419661692,0.005597292522212573,0.08032924734281358
1981,5914,0.015761182808492594,5.78543786989423,0.04555568641542429,0.4031257505586655,0.000718011501559865,0.006353738649365913,0.09118534389457895
1982,5914,0.011796388548821285,5.78543786989423,0.04555568641542429,0.4031257505586655,0.0005373925775646045,0.004755427987625228,0.0682472730383373
1983,5914,0.009333939499175796,5.78543786989423,0.04555568641542429,0.4031257505586655,0.000425214020844995,0.003762751366274417,0.054000927053833234
1984,5914,0.00923593249305876,5.78543786989423,0.04555568641542429,0.4031257505586655,0.0004207492444078127,0.003723242218373479,0.053433913609128775
1985,5914,0.015070503292068587,5.78543786989423,0.04555568641542429,0.4031257505586655,0.000686547122096096,0.006075307950911988,0.08718946046429928
1986,5914,0.012792541841960565,5.78543786989423,0.04555568641542429,0.4031257505586655,0.0005827730246085498,0.005157003031593486,0.07401045602468515
1987,5914,0.009095567110341738,5.78543786989423,0.04555568641542429,0.4031257505586655,0.0004143548030491751,0.0036666573181132257,0.05262183840833552
1988,5914,0.019005985322583258,5.78543786989423,0.04555568641542429,0.4031257505586655,0.0008658307073717596,0.007661802098273356,0.10995794723992709
1989,5914,0.00886083861518858,5.78543786989423,0.04555568641542429,0.4031257505586655,0.0004036615853312134,0.0035720322173271027,0.05126383128333316
1990,5914,0.01336280794851877,5.78543786989423,0.04555568641542429,0.4031257505586655,0.0006087518885322603,0.00538689198381793,0.07730969515348413
1991,5914,0.017381029762399032,5.78543786989423,0.04555568641542429,0.4031257505586655,0.0007918047414330069,0.007006740668449613,0.10055686780514207
1992,5914,0.01595523148036779,5.78543786989423,0.04555568641542429,0.4031257505586655,0.000726851522005141,0.0064319646658605135,0.0923080004294484
1993,5914,0.016249961993941853,5.78543786989423,0.04555568641542429,0.4031257505586655,0.0007402781728585779,0.006550778125357598,0.09401314550409315
1994,5914,0.014778434238624828,5.78543786989423,0.04555568641542429,0.4031257505586655,0.0006732417158857623,0.005957567394527514,0.08549971310188159
1995,5914,0.014163522315797856,5.78543786989423,0.04555568641542429,0.4031257505586655,0.0006452289811563512,0.005709680564110419,0.08194217837690894
1996,5914,0.017736203879914505,5.78543786989423,0.04555568641542429,0.4031257505586655,0.0008079849421534168,0.00714992050115205,0.10261170559502236
1997,5914,0.01398797016457615,5.78543786989423,0.04555568641542429,0.4031257505586655,0.0006372315824057419,0.005638910971386981,0.0809265323130895
1998,5914,0.01976572294738437,5.78543786989423,0.04555568641542429,0.4031257505586655,0.0009004410763651982,0.007968071898498961,0.11435336206563493
1999,5914,0.011109604309739958,5.78543786989423,0.04555568641542429,0.4031257505586655,0.0005061056501339598,0.004478567575773706,0.0642739254931097
2000,5914,0.0076902383532152065,5.78543786989423,0.04555568641542429,0.4031257505586655,0.00035033408687894083,0.003100133108114916,0.0444913961972043
2001,5914,0.009633522350759642,5.78543786989423,0.04555568641542429,0.4031257505586655,0.0004388617232871873,0.0038835209281736604,0.05573414502855732
2002,5914,0.00899287800903122,5.78543786989423,0.04555568641542429,0.4031257505586655,0.0004096767305515914,0.003625260697073228,0.052027736992788245
2003,5914,0.011459066094291929,5.78543786989423,0.04555568641542429,0.4031257505586655,0.0005220256216051838,0.00461944461996279,0.0662957149355375
2004,5914,0.008369682669129281,5.78543786989423,0.04555568641542429,0.4031257505586655,0.0003812866390714649,0.003374034607930596,0.04842227907297796
2005,5914,0.010987981475241495,5.78543786989423,0.04555568641542429,0.4031257505586655,0.0005005650384245927,0.00442953827933144,0.06357028414055842
2006,5914,0.007320165116897731,5.78543786989423,0.04555568641542429,0.4031257505586655,0.0003334751465745207,0.0029509470569627594,0.04235036048117886
2007,5914,0.008220809358422109,5.78543786989423,0.04555568641542429,0.4031257505586655,0.00037450461321326294,0.003314019942813614,0.04756098178339616
2008,5914,0.01212433795195563,5.78543786989423,0.04555568641542429,0.4031257505586655,0.0005523325377339183,0.004887632836909027,0.07014460393463995
2009,5914,0.0,5.78543786989423,0.04555568641542429,0.4031257505586655,0.0,0.0,0.0
2010,5914,0.0,5.78543786989423,0.04555568641542429,0.4031257505586655,0.0,0.0,0.0
2011,5914,0.0,5.78543786989423,0.04555568641542429,0.4031257505586655,0.0,0.0,0.0
2012,5914,0.0,5.78543786989423,0.04555568641542429,0.4031257505586655,0.0,0.0,0.0
2013,5914,0.0,5.78543786989423,0.04555568641542429,0.4031257505586655,0.0,0.0,0.0
2014,5914,0.0,5.78543786989423,0.04555568641542429,0.4031257505586655,0.0,0.0,0.0
2015,5914,0.0,5.78543786989423,0.04555568641542429,0.4031257505586655,0.0,0.0,0.0
2016,5914,0.0,5.78543786989423,0.04555568641542429,0.4031257505586655,0.0,0.0,0.0
1979,5924,0.009660602948313946,1.1858605934574522,0.04687626225076486,0.4121474008991395,0.00045285295730567674,0.003981592396266157,0.011456128345444388
1980,5924,0.0036386281551293157,1.1858605934574522,0.04687626225076486,0.4121474008991395,0.00017056528763285855,0.0014996511369749783,0.004314905743412645
1981,5924,0.01863306957069201,1.1858605934574522,0.04687626225076486,0.4121474008991395,0.0008734486557325053,0.007679571194333557,0.02209622293903482
1982,5924,0.010283454639500991,1.1858605934574522,0.04687626225076486,0.4121474008991395,0.0004820499165250931,0.004238299101934531,0.012194743621591436
1983,5924,0.006830212878072125,1.1858605934574522,0.04687626225076486,0.4121474008991395,0.0003201748501010604,0.0028150544852852573,0.008099680297031342
1984,5924,0.0037341027630442094,1.1858605934574522,0.04687626225076486,0.4121474008991395,0.00017504078039176605,0.0015390007484789663,0.004428125318614719
1985,5924,0.009369110986037044,1.1858605934574522,0.04687626225076486,0.4121474008991395,0.00043918890363799464,0.0038614547416307415,0.011110459514070624
1986,5924,0.003360405795983432,1.1858605934574522,0.04687626225076486,0.4121474008991395,0.0001575232633615096,0.0013849825147809753,0.003984972811482775
1987,5924,0.012695103555186807,1.1858605934574522,0.04687626225076486,0.4121474008991395,0.0005950990035535541,0.005232253934415668,0.01505462303595764
1988,5924,0.004910740431868853,1.1858605934574522,0.04687626225076486,0.4121474008991395,0.00023019715632971867,0.0020239489054850656,0.005823453562851503
1989,5924,0.0035047254702812373,1.1858605934574522,0.04687626225076486,0.4121474008991395,0.00016428843026183848,0.0014444634934414262,0.004156115826093157
1990,5924,0.00810703388840419,1.1858605934574522,0.04687626225076486,0.4121474008991395,0.0003800274466286728,0.0033412929461070313,0.009613812018082668
1991,5924,0.012865905119573874,1.1858605934574522,0.04687626225076486,0.4121474008991395,0.0006031055424786032,0.005302649355247304,0.015257169880465146
1992,5924,0.013402823644741851,1.1858605934574522,0.04687626225076486,0.4121474008991395,0.0006282742760716711,0.0055239389298898855,0.015893880401359143
1993,5924,0.016039072880508806,1.1858605934574522,0.04687626225076486,0.4121474008991395,0.0007518517866058614,0.006610462200533579,0.0190201044845875
1994,5924,0.015748945039435955,1.1858605934574522,0.04687626225076486,0.4121474008991395,0.0007382516778414822,0.006490886764906925,0.01867605331079432
1995,5924,0.010409468964715007,1.1858605934574522,0.04687626225076486,0.4121474008991395,0.0004879569970811785,0.0042902355785475466,0.01234417904407387
1996,5924,0.009608149792055428,1.1858605934574522,0.04687626225076486,0.4121474008991395,0.0004503941493970221,0.0039599739642452525,0.011393926214434946
1997,5924,0.02511370244398016,1.1858605934574522,0.04687626225076486,0.4121474008991395,0.0011772365018516884,0.01035054718924079,0.02978135008413218
1998,5924,0.022415655453855758,1.1858605934574522,0.04687626225076486,0.4121474008991395,0.0010507621435777302,0.00923855413475727,0.026581842479247164
1999,5924,0.015345575848921666,1.1858605934574522,0.04687626225076486,0.4121474008991395,0.0007193432378830556,0.006324639201433671,0.018197713683148594
2000,5924,0.023069165525203515,1.1858605934574522,0.04687626225076486,0.4121474008991395,0.0010813962530657438,0.00950789661212466,0.027356814320286037
2001,5924,0.02099267529357482,1.1858605934574522,0.04687626225076486,0.4121474008991395,0.0009840581524067655,0.008652076560166443,0.02489438638189823
2002,5924,0.019176513974821997,1.1858605934574522,0.04687626225076486,0.4121474008991395,0.0008989232981392132,0.007903550393028912,0.02274067224262754
2003,5924,0.017433286542289397,1.1858605934574522,0.04687626225076486,0.4121474008991395,0.0008172073118490875,0.007185083737534521,0.02067344752495312
2004,5924,0.024120155153675427,1.1858605934574522,0.04687626225076486,0.4121474008991395,0.0011306627185128269,0.009941059255871312,0.028603141504823366
2005,5924,0.01860717132614641,1.1858605934574522,0.04687626225076486,0.4121474008991395,0.0008722346428293513,0.007668897300156238,0.02206551123138847
2006,5924,0.019999433445581145,1.1858605934574522,0.04687626225076486,0.4121474008991395,0.0009374986870617797,0.008242714514051591,0.023716540014589674
2007,5924,0.02126354381740641,1.1858605934574522,0.04687626225076486,0.4121474008991395,0.0009967554563653726,0.008763714318249018,0.025215598690318104
2008,5924,0.023549021116400653,1.1858605934574522,0.04687626225076486,0.4121474008991395,0.0011038900896011966,0.009705667846843482,0.027925856156436953
2009,5924,0.06922047299209505,1.1858605934574522,0.04687626225076486,0.4121474008991395,0.003244797045099434,0.028529038032701057,0.08208583118181138
2010,5924,0.08717238355099427,1.1858605934574522,0.04687626225076486,0.4121474008991395,0.004086315512360669,0.03592787131072519,0.10337429449088271
2011,5924,0.09174669841936817,1.1858605934574522,0.04687626225076486,0.4121474008991395,0.004300742295748136,0.03781316329461978,0.10879879423535382
2012,5924,0.07769214140048199,1.1858605934574522,0.04687626225076486,0.4121474008991395,0.0036419171951124997,0.03202061414849708,0.09213204890815586
2013,5924,0.07255407454394963,1.1858605934574522,0.04687626225076486,0.4121474008991395,0.003401063825683726,0.029902973247931258,0.08603901789644433
2014,5924,0.09122964325729717,1.1858605934574522,0.04687626225076486,0.4121474008991395,0.0042765046823727846,0.03760006035345073,0.10818563889401007
2015,5924,0.08657350290786754,1.1858605934574522,0.04687626225076486,0.4121474008991395,0.004058242226276553,0.035681044210211704,0.10266410553601427
2016,5924,0.057575768091175074,1.1858605934574522,0.04687626225076486,0.4121474008991395,0.0026989368043311424,0.023729703173549416,0.06827683451736952
1979,5926,0.019489344418854592,13.01570822601444,0.03717155626363766,0.4633910395702955,0.0007244492626068661,0.009031187570796566,0.25366762047211433
1980,5926,0.007985422411296827,13.01570822601444,0.03717155626363766,0.4633910395702955,0.00029683057845043316,0.0037003731925787722,0.10393592816691617
1981,5926,0.011935067875683596,13.01570822601444,0.03717155626363766,0.4633910395702955,0.0004436450470513072,0.00553060351025506,0.15534336112757566
1982,5926,0.012691774137250249,13.01570822601444,0.03717155626363766,0.4633910395702955,0.000471772996428179,0.005881254411451783,0.16519242904092538
1983,5926,0.011758197463323662,13.01570822601444,0.03717155626363766,0.4633910395702955,0.00043707049856689715,0.0054486433460023635,0.15304126744648391
1984,5926,0.011610117629828451,13.01570822601444,0.03717155626363766,0.4633910395702955,0.0004315661407046198,0.005380024478019621,0.15111390353955342
1985,5926,0.01793104535304619,13.01570822601444,0.03717155626363766,0.4633910395702955,0.000666524861206595,0.008309085746730189,0.23338525450268127
1986,5926,0.027787714640495467,13.01570822601444,0.03717155626363766,0.4633910395702955,0.0010329125981970852,0.012876577974541914,0.3616767860284387
1987,5926,0.014634402605826624,13.01570822601444,0.03717155626363766,0.4633910395702955,0.0005439835198472099,0.006781451037004241,0.19047711437946474
1988,5926,0.010719058014508363,13.01570822601444,0.03717155626363766,0.4633910395702955,0.00039844406807949383,0.004967115436557338,0.1395161315745625
1989,5926,0.011975923188121441,13.01570822601444,0.03717155626363766,0.4633910395702955,0.0004451637025962591,0.005549535495957602,0.1558751219537493
1990,5926,0.02522291079398515,13.01570822601444,0.03717155626363766,0.4633910395702955,0.0009375748477113327,0.011688070853813605,0.3282940475053009
1991,5926,0.02313258350820009,13.01570822601444,0.03717155626363766,0.4633910395702955,0.0008598741293983563,0.010719431919811513,0.3010869574566459
1992,5926,0.02001732277832735,13.01570822601444,0.03717155626363766,0.4633910395702955,0.0007440750399019909,0.009275848011663267,0.2605396327486615
1993,5926,0.01510504177723098,13.01570822601444,0.03717155626363766,0.4633910395702955,0.0005614779102869388,0.0069995410119038075,0.19660281651419703
1994,5926,0.01606414959207865,13.01570822601444,0.03717155626363766,0.4633910395702955,0.0005971294403894435,0.007443982979286064,0.20908628398954457
1995,5926,0.01974667347749941,13.01570822601444,0.03717155626363766,0.4633910395702955,0.0007340145841885509,0.009150431550793633,0.2570169404175102
1996,5926,0.01842073148948891,13.01570822601444,0.03717155626363766,0.4633910395702955,0.000684727256978899,0.008536001914559544,0.23975886637694402
1997,5926,0.013107290180424185,13.01570822601444,0.03717155626363766,0.4633910395702955,0.00048721837440546305,0.0060738008226562884,0.17060066462210535
1998,5926,0.015733116245531163,13.01570822601444,0.03717155626363766,0.4633910395702955,0.0005848244157231133,0.00729058509269699,0.20477765053780136
1999,5926,0.019480833278800208,13.01570822601444,0.03717155626363766,0.4633910395702955,0.0007241328902854669,0.009027243584758836,0.2535568419564957
2000,5926,0.016308274099465208,13.01570822601444,0.03717155626363766,0.4633910395702955,0.0006062039282510958,0.007557108088548507,0.21226373734850754
2001,5926,0.01406871455956507,13.01570822601444,0.03717155626363766,0.4633910395702955,0.0005229560148079313,0.0065193162651746095,0.18311428382238018
2002,5926,0.015982203110467764,13.01570822601444,0.03717155626363766,0.4633910395702955,0.0005940833621376373,0.007406009713983267,0.20801969249474883
2003,5926,0.017345441225859185,13.01570822601444,0.03717155626363766,0.4633910395702955,0.0006447570444446449,0.008037722041456348,0.22576320204726538
2004,5926,0.013747729361912448,13.01570822601444,0.03717155626363766,0.4633910395702955,0.0005110244954735921,0.006370574600747685,0.1789364341448641
2005,5926,0.0155160376121256,13.01570822601444,0.03717155626363766,0.4633910395702955,0.0005767552650878449,0.007189992799094687,0.2019522183832926
2006,5926,0.01717036506381024,13.01570822601444,0.03717155626363766,0.4633910395702955,0.0006382491910366208,0.007956593316720509,0.22348446180470585
2007,5926,0.008339968851287259,13.01570822601444,0.03717155626363766,0.4633910395702955,0.0003100096213926099,0.0038646668359818863,0.10855060118240377
2008,5926,0.018949664906222026,13.01570822601444,0.03717155626363766,0.4633910395702955,0.0007043885352387121,0.00878110492040297,0.24664330940013116
2009,5926,0.0,13.01570822601444,0.03717155626363766,0.4633910395702955,0.0,0.0,0.0
2010,5926,0.0,13.01570822601444,0.03717155626363766,0.4633910395702955,0.0,0.0,0.0
2011,5926,0.0,13.01570822601444,0.03717155626363766,0.4633910395702955,0.0,0.0,0.0
2012,5926,0.0,13.01570822601444,0.03717155626363766,0.4633910395702955,0.0,0.0,0.0
2013,5926,0.0,13.01570822601444,0.03717155626363766,0.4633910395702955,0.0,0.0,0.0
2014,5926,0.0,13.01570822601444,0.03717155626363766,0.4633910395702955,0.0,0.0,0.0
2015,5926,0.0,13.01570822601444,0.03717155626363766,0.4633910395702955,0.0,0.0,0.0
2016,5926,0.0,13.01570822601444,0.03717155626363766,0.4633910395702955,0.0,0.0,0.0
1979,5929,0.005268808311637665,18.182459110279936,0.029177703352586105,0.4073975727699283,0.00015373172593860385,0.0021464997175512086,0.09579989168625491
1980,5929,0.011003519109753465,18.182459110279936,0.029177703352586105,0.4073975727699283,0.00032105741641889896,0.004482806977241084,0.20007103628227627
1981,5929,0.005590714267050937,18.182459110279936,0.029177703352586105,0.4073975727699283,0.0001631242024130831,0.0022776434224467605,0.10165293355791233
1982,5929,0.010800653339423531,18.182459110279936,0.029177703352586105,0.4073975727699283,0.0003151382591518183,0.004400159954810567,0.1963824377083768
1983,5929,0.014381417643785213,18.182459110279936,0.029177703352586105,0.4073975727699283,0.0004196167378000128,0.005858954641068717,0.26148953825598303
1984,5929,0.009505333452243272,18.182459110279936,0.029177703352586105,0.4073975727699283,0.0002773437997369674,0.003872449776812712,0.1728303368249893
1985,5929,0.010030141918229424,18.182459110279936,0.029177703352586105,0.4073975727699283,0.0002926565054744371,0.00408625547202458,0.18237264529851127
1986,5929,0.014326009021031129,18.182459110279936,0.029177703352586105,0.4073975727699283,0.00041800004144211875,0.005836381302648178,0.2604820732384
1987,5929,0.010686305957023802,18.182459110279936,0.029177703352586105,0.4073975727699283,0.0003118018651490143,0.004353575108768323,0.1943033211035262
1988,5929,0.01821796889241701,18.182459110279936,0.029177703352586105,0.4073975727699283,0.0005315584920295852,0.007421956307568748,0.3312474744587241
1989,5929,0.005383776675304833,18.182459110279936,0.029177703352586105,0.4073975727699283,0.00015708623874861668,0.002193337549854543,0.09789029925760898
1990,5929,0.00787997315277302,18.182459110279936,0.029177703352586105,0.4073975727699283,0.00022991951907795386,0.0032102819359319276,0.1432772896403991
1991,5929,0.009239612620222165,18.182459110279936,0.029177703352586105,0.4073975727699283,0.00026959067612565313,0.003764195754812907,0.16799887866201596
1992,5929,0.014220456089274766,18.182459110279936,0.029177703352586105,0.4073975727699283,0.00041492024931133584,0.005793379294451886,0.25856286137276974
1993,5929,0.016492209429829208,18.182459110279936,0.029177703352586105,0.4073975727699283,0.00048120479437227987,0.0067188860913257415,0.2998689235960427
1994,5929,0.021726305983129874,18.182459110279936,0.029177703352586105,0.4073975727699283,0.0006339237109232801,0.00885124432278388,0.39503767015568925
1995,5929,0.013473974498223587,18.182459110279936,0.029177703352586105,0.4073975727699283,0.00039313963088947806,0.005489264506140202,0.244989990366905
1996,5929,0.010973199444813023,18.182459110279936,0.029177703352586105,0.4073975727699283,0.0003201727582295169,0.00447045481933715,0.19951975021425927
1997,5929,0.011723812581791974,18.182459110279936,0.029177703352586105,0.4073975727699283,0.0003420739256728428,0.004776252789431596,0.21316774288501802
1998,5929,0.014784337374660287,18.182459110279936,0.029177703352586105,0.4073975727699283,0.0004313730101823895,0.006023103161448335,0.2688156097873441
1999,5929,0.01894265272864809,18.182459110279936,0.029177703352586105,0.4073975727699283,0.0005527031020275497,0.007717190743474891,0.34442400867887657
2000,5929,0.015477887785677434,18.182459110279936,0.029177703352586105,0.4073975727699283,0.000451609218335112,0.006305653915490306,0.2814260617765812
2001,5929,0.015356814187230025,18.182459110279936,0.029177703352586105,0.4073975727699283,0.00044807656879578337,0.006256328825356311,0.27922464602347674
2002,5929,0.015479877517718768,18.182459110279936,0.029177703352586105,0.4073975727699283,0.00045166727414636517,0.006306464527494409,0.2814622399980632
2003,5929,0.018577864710253127,18.182459110279936,0.029177703352586105,0.4073975727699283,0.0005420594254402437,0.007568576990205231,0.3377912654504901
2004,5929,0.01047946946286091,18.182459110279936,0.029177703352586105,0.4073975727699283,0.00030576685127984047,0.004269310423086118,0.19054252500589572
2005,5929,0.010321751788980257,18.182459110279936,0.029177703352586105,0.4073975727699283,0.0003011650117778909,0.0042050566255642215,0.1876748298495923
2006,5929,0.01763591637068535,18.182459110279936,0.029177703352586105,0.4073975727699283,0.0005145755362148741,0.007184829522990654,0.3206643282823029
2007,5929,0.01243250942984354,18.182459110279936,0.029177703352586105,0.4073975727699283,0.00036275207207220426,0.005064974165157503,0.2260535943462999
2008,5929,0.01533299054553456,18.182459110279936,0.029177703352586105,0.4073975727699283,0.0004473814496456148,0.006246623131555038,0.27879147363249096
2009,5929,0.0,18.182459110279936,0.029177703352586105,0.4073975727699283,0.0,0.0,0.0
2010,5929,0.0,18.182459110279936,0.029177703352586105,0.4073975727699283,0.0,0.0,0.0
2011,5929,0.0,18.182459110279936,0.029177703352586105,0.4073975727699283,0.0,0.0,0.0
2012,5929,0.0,18.182459110279936,0.029177703352586105,0.4073975727699283,0.0,0.0,0.0
2013,5929,0.0,18.182459110279936,0.029177703352586105,0.4073975727699283,0.0,0.0,0.0
2014,5929,0.0,18.182459110279936,0.029177703352586105,0.4073975727699283,0.0,0.0,0.0
2015,5929,0.0,18.182459110279936,0.029177703352586105,0.4073975727699283,0.0,0.0,0.0
2016,5929,0.0,18.182459110279936,0.029177703352586105,0.4073975727699283,0.0,0.0,0.0
1979,5934,0.00872613263398258,17.004850109370533,0.046412728742260885,0.41613614008414,0.0004050036269100239,0.00363125915216776,0.14838657747536044
1980,5934,0.013416050381305882,17.004850109370533,0.046412728742260885,0.41613614008414,0.0006226755071400556,0.0055829034208509844,0.2281379257938699
1981,5934,0.008261617222528904,17.004850109370533,0.046412728742260885,0.41613614008414,0.0003834441991216248,0.0034379575018358317,0.14048756253009811
1982,5934,0.015038665218758802,17.004850109370533,0.046412728742260885,0.41613614008414,0.0006979854894439257,0.006258132096151897,0.25573024788999743
1983,5934,0.007877644534510614,17.004850109370533,0.046412728742260885,0.41613614008414,0.00036562297890819514,0.003278172589546169,0.133958164524255
1984,5934,0.009327977499625368,17.004850109370533,0.046412728742260885,0.41613614008414,0.0004329368894040252,0.003881708551485808,0.1586208592047103
1985,5934,0.00896996820861821,17.004850109370533,0.046412728742260885,0.41613614008414,0.00041632070129330075,0.0037327279470118296,0.15253296487337156
1986,5934,0.008288896303806933,17.004850109370533,0.046412728742260885,0.41613614008414,0.00038471029572132007,0.0034493093134239125,0.14095143921835235
1987,5934,0.012318873942024348,17.004850109370533,0.046412728742260885,0.41613614008414,0.0005717525546812822,0.005126328652417107,0.20948060490035456
1988,5934,0.016114607288655526,17.004850109370533,0.046412728742260885,0.41613614008414,0.0007479228968764291,0.00670587047607286,0.2740264815149571
1989,5934,0.014161861321182462,17.004850109370533,0.046412728742260885,0.41613614008414,0.000657290627985558,0.005893262306603749,0.2408203290363999
1990,5934,0.020790557525210702,17.004850109370533,0.046412728742260885,0.41613614008414,0.0009649465068179751,0.008651702358738453,0.35354031440645356
1991,5934,0.02076250505394852,17.004850109370533,0.046412728742260885,0.41613614008414,0.0009636445150787334,0.008640028711627586,0.3530632863374427
1992,5934,0.010769438246429848,17.004850109370533,0.046412728742260885,0.41613614008414,0.0004998390160380783,0.0044815524627438265,0.18313268314266182
1993,5934,0.01705324628291765,17.004850109370533,0.046412728742260885,0.41613614008414,0.0007914876939040256,0.007096472084077559,0.2899878969191948
1994,5934,0.021317386786426636,17.004850109370533,0.046412728742260885,0.41613614008414,0.000989398090412276,0.00887093505398423,0.36249896702666096
1995,5934,0.012500236913416736,17.004850109370533,0.046412728742260885,0.41613614008414,0.0005801701050764074,0.005201800339286525,0.21256465504427216
1996,5934,0.018846191965452168,17.004850109370533,0.046412728742260885,0.41613614008414,0.000874703195517108,0.007842581579787997,0.32047666950493736
1997,5934,0.01102717308803766,17.004850109370533,0.046412728742260885,0.41613614008414,0.0005118011933290512,0.004588805244895699,0.18751542549216502
1998,5934,0.015310846748109829,17.004850109370533,0.046412728742260885,0.41613614008414,0.0007106181769343487,0.006371396667178232,0.26035865399915087
1999,5934,0.009375845283626406,17.004850109370533,0.046412728742260885,0.41613614008414,0.00043515856387835844,0.0039016280663543815,0.15943484369671568
2000,5934,0.01943220210029161,17.004850109370533,0.046412728742260885,0.41613614008414,0.0009019015249456268,0.008086441575350269,0.3304416840104541
2001,5934,0.01464244085258738,17.004850109370533,0.046412728742260885,0.41613614008414,0.0006795956354157373,0.006093248817806036,0.24899251193357208
2002,5934,0.012905783221362382,17.004850109370533,0.046412728742260885,0.41613614008414,0.0005989926158595141,0.0053705628145004,0.2194609092232965
2003,5934,0.010986735078745634,17.004850109370533,0.046412728742260885,0.41613614008414,0.0005099243549729034,0.004571977527796228,0.18682778320543278
2004,5934,0.010670484103253584,17.004850109370533,0.046412728742260885,0.41613614008414,0.0004952462842329155,0.004440374067557123,0.18144998277024824
2005,5934,0.015729493623904276,17.004850109370533,0.046412728742260885,0.41613614008414,0.0007300487208193913,0.006545610762129617,0.26747768137079175
2006,5934,0.016375337562462632,17.004850109370533,0.046412728742260885,0.41613614008414,0.0007600241003495337,0.0068143697658180295,0.2784601607400221
2007,5934,0.007757011820370393,17.004850109370533,0.046412728742260885,0.41613614008414,0.0003600240854693624,0.003227972957515984,0.131906823302014
2008,5934,0.013642410123452568,17.004850109370533,0.046412728742260885,0.41613614008414,0.0006331814804504779,0.0056770998902183475,0.23198713927987008
2009,5934,0.0,17.004850109370533,0.046412728742260885,0.41613614008414,0.0,0.0,0.0
2010,5934,0.0,17.004850109370533,0.046412728742260885,0.41613614008414,0.0,0.0,0.0
2011,5934,0.0,17.004850109370533,0.046412728742260885,0.41613614008414,0.0,0.0,0.0
2012,5934,0.0,17.004850109370533,0.046412728742260885,0.41613614008414,0.0,0.0,0.0
2013,5934,0.0,17.004850109370533,0.046412728742260885,0.41613614008414,0.0,0.0,0.0
2014,5934,0.0,17.004850109370533,0.046412728742260885,0.41613614008414,0.0,0.0,0.0
2015,5934,0.0,17.004850109370533,0.046412728742260885,0.41613614008414,0.0,0.0,0.0
2016,5934,0.0,17.004850109370533,0.046412728742260885,0.41613614008414,0.0,0.0,0.0
1979,5940,0.027252217250618882,3.5010834361516325,0.017663493300735175,0.8390816036392283,0.0004813693568364862,0.022866834153373934,0.09541228641454755
1980,5940,0.02040496632837125,3.5010834361516325,0.017663493300735175,0.8390816036392283,0.0003604229860429124,0.017121431869014207,0.07143948962749237
1981,5940,0.026002969624155818,3.5010834361516325,0.017663493300735175,0.8390816036392283,0.00045930327975549654,0.021818613451618805,0.09103856624188597
1982,5940,0.038100840225732034,3.5010834361516325,0.017663493300735175,0.8390816036392283,0.000672993936079599,0.03196971411660925,0.13339422061777026
1983,5940,0.02586900843176823,3.5010834361516325,0.017663493300735175,0.8390816036392283,0.0004569370571311999,0.021706209079484808,0.09056955693013068
1984,5940,0.021796763961175764,3.5010834361516325,0.017663493300735175,0.8390816036392283,0.000385006994205934,0.0182892636586891,0.07631228926617932
1985,5940,0.019587791790012226,3.5010834361516325,0.017663493300735175,0.8390816036392283,0.0003459888290590764,0.01643575574691477,0.06857849338679874
1986,5940,0.031743262137859635,3.5010834361516325,0.017663493300735175,0.8390816036392283,0.0005606968981155642,0.02663518729937566,0.11113580928027962
1987,5940,0.02413040828860071,3.5010834361516325,0.017663493300735175,0.8390816036392283,0.00042622730514970314,0.02024738168326841,0.08448257276679601
1988,5940,0.02712435682734324,3.5010834361516325,0.017663493300735175,0.8390816036392283,0.00047911089510652773,0.02275954882436982,0.09496463640447787
1989,5940,0.03178568220220921,3.5010834361516325,0.017663493300735175,0.8390816036392283,0.0005614461846380197,0.026670781194996582,0.11128432546493441
1990,5940,0.018345734485184173,3.5010834361516325,0.017663493300735175,0.8390816036392283,0.0003240497581761169,0.015393568311767828,0.06422994713011411
1991,5940,0.032088332939608215,3.5010834361516325,0.017663493300735175,0.8390816036392283,0.0005667920539105296,0.026924729861075934,0.11234393094858114
1992,5940,0.03093191788209324,3.5010834361516325,0.017663493300735175,0.8390816036392283,0.0005463657242892445,0.02595440326014372,0.10829522534539912
1993,5940,0.02490143525677976,3.5010834361516325,0.017663493300735175,0.8390816036392283,0.00043984633483682,0.02089433622817718,0.08718200251391389
1994,5940,0.0265485229860696,3.5010834361516325,0.017663493300735175,0.8390816036392283,0.00046893965790885416,0.022276377241404195,0.09294859408081915
1995,5940,0.027949116668820585,3.5010834361516325,0.017663493300735175,0.8390816036392283,0.0004936790350411782,0.023451589634773864,0.09785218942427724
1996,5940,0.0229412974788802,3.5010834361516325,0.017663493300735175,0.8390816036392283,0.0004052234543283732,0.019249620678143384,0.08031939660713468
1997,5940,0.027183493847684356,3.5010834361516325,0.017663493300735175,0.8390816036392283,0.0004801554614691485,0.022809169610232088,0.09517168004685751
1998,5940,0.031513725739287464,3.5010834361516325,0.017663493300735175,0.8390816036392283,0.0005566424834771098,0.026442587529968153,0.11033218319724471
1999,5940,0.022262174638194233,3.5010834361516325,0.017663493300735175,0.8390816036392283,0.00039322777258154036,0.018679781195912574,0.07794173087849679
2000,5940,0.02933442416230369,3.5010834361516325,0.017663493300735175,0.8390816036392283,0.0005181484046717752,0.024613975667939107,0.10270226654368768
2001,5940,0.01931152488181464,3.5010834361516325,0.017663493300735175,0.8390816036392283,0.0003411089903769135,0.016203945266551886,0.06761125989055135
2002,5940,0.01835222633049955,3.5010834361516325,0.017663493300735175,0.8390816036392283,0.0003241644268423545,0.015399015499745634,0.06425267562221783
2003,5940,0.03067874337465701,3.5010834361516325,0.017663493300735175,0.8390816036392283,0.0005418937780732278,0.025741969188443556,0.1074088402709583
2004,5940,0.020744492988849183,3.5010834361516325,0.017663493300735175,0.8390816036392283,0.00036642021293568537,0.0174063224437663,0.07262820079462355
2005,5940,0.01788924206869161,3.5010834361516325,0.017663493300735175,0.8390816036392283,0.00031598650743556414,0.015010533922888104,0.06263172909200317
2006,5940,0.021286820946458968,3.5010834361516325,0.017663493300735175,0.8390816036392283,0.0003759996191817272,0.01786137985613591,0.0745269362239731
2007,5940,0.02460739069703308,3.5010834361516325,0.017663493300735175,0.8390816036392283,0.00043465248072561686,0.020647608847443547,0.08615252797629429
2008,5940,0.019504805143143605,3.5010834361516325,0.017663493300735175,0.8390816036392283,0.00034452299497806206,0.016366123178179606,0.06828795021202524
2009,5940,0.0,3.5010834361516325,0.017663493300735175,0.8390816036392283,0.0,0.0,0.0
2010,5940,0.0,3.5010834361516325,0.017663493300735175,0.8390816036392283,0.0,0.0,0.0
2011,5940,0.0,3.5010834361516325,0.017663493300735175,0.8390816036392283,0.0,0.0,0.0
2012,5940,0.0,3.5010834361516325,0.017663493300735175,0.8390816036392283,0.0,0.0,0.0
2013,5940,0.0,3.5010834361516325,0.017663493300735175,0.8390816036392283,0.0,0.0,0.0
2014,5940,0.0,3.5010834361516325,0.017663493300735175,0.8390816036392283,0.0,0.0,0.0
2015,5940,0.0,3.5010834361516325,0.017663493300735175,0.8390816036392283,0.0,0.0,0.0
2016,5940,0.0,3.5010834361516325,0.017663493300735175,0.8390816036392283,0.0,0.0,0.0
1979,5951,0.004729876745357336,0.4127929017200209,0.02409814182404374,0.5540021651834016,0.00011398124061986749,0.002620361957978585,0.0019524595464941031
1980,5951,0.015509968958806953,0.4127929017200209,0.02409814182404374,0.5540021651834016,0.00037376143165584596,0.008592556385106401,0.006402405092093374
1981,5951,0.011787904005006363,0.4127929017200209,0.02409814182404374,0.5540021651834016,0.00028406658252085656,0.0065305243417476165,0.004865963099423633
1982,5951,0.017344343363346056,0.4127929017200209,0.02409814182404374,0.5540021651834016,0.00041796644621482505,0.009608803776978078,0.007159621825384006
1983,5951,0.011798961559295808,0.4127929017200209,0.02409814182404374,0.5540021651834016,0.00028433304903235067,0.006536650250765602,0.004870527579344699
1984,5951,0.014556579612132985,0.4127929017200209,0.02409814182404374,0.5540021651834016,0.00035078651996616427,0.008064376622786234,0.006008852737210872
1985,5951,0.01336314965083796,0.4127929017200209,0.02409814182404374,0.5540021651834016,0.00032202707550181374,0.007403213840234047,0.005516213320488286
1986,5951,0.008756569500966798,0.4127929017200209,0.02409814182404374,0.5540021651834016,0.0002110170537263938,0.0048511584631145445,0.00361464973341712
1987,5951,0.012673613937294362,0.4127929017200209,0.02409814182404374,0.5540021651834016,0.00030541054608409693,0.007021209561959612,0.005231577872455039
1988,5951,0.011788076455277687,0.4127929017200209,0.02409814182404374,0.5540021651834016,0.0002840707382519525,0.0065306198795713165,0.004866034285671535
1989,5951,0.008193113801843966,0.4127929017200209,0.02409814182404374,0.5540021651834016,0.0001974388183773661,0.004539002785815568,0.0033820592203855234
1990,5951,0.006101325801829537,0.4127929017200209,0.02409814182404374,0.5540021651834016,0.00014703061448718556,0.0033801477047029176,0.002518583982076448
1991,5951,0.0137698519823042,0.4127929017200209,0.02409814182404374,0.5540021651834016,0.00033182784596565645,0.0076285278124514815,0.005684097156030533
1992,5951,0.01642587458906145,0.4127929017200209,0.02409814182404374,0.5540021651834016,0.00039583305543115896,0.00909997008737106,0.006780484434907832
1993,5951,0.012966609733958443,0.4127929017200209,0.02409814182404374,0.5540021651834016,0.0003124712003459566,0.007183529867701149,0.005352524457551774
1994,5951,0.012405209657425914,0.4127929017200209,0.02409814182404374,0.5540021651834016,0.00029894250168164676,0.006872513009768001,0.00512078249093407
1995,5951,0.013387779338934754,0.4127929017200209,0.02409814182404374,0.5540021651834016,0.00032262060521865224,0.007416858740767463,0.005526380280906221
1996,5951,0.02262006850353084,0.4127929017200209,0.02409814182404374,0.5540021651834016,0.000545101618867671,0.012531566927552952,0.009337403714678146
1997,5951,0.016142304719825532,0.4127929017200209,0.02409814182404374,0.5540021651834016,0.00038899954850528634,0.008942871765833587,0.006663428805745571
1998,5951,0.0188127322004799,0.4127929017200209,0.02409814182404374,0.5540021651834016,0.00045335188866491905,0.010422294372081363,0.007765762314317772
1999,5951,0.013574883776452136,0.4127929017200209,0.02409814182404374,0.5540021651834016,0.00032712947448985404,0.007520515004267515,0.0056036156645937136
2000,5951,0.014786114523374944,0.4127929017200209,0.02409814182404374,0.5540021651834016,0.0003563178848108423,0.008191539460599459,0.006103603119268487
2001,5951,0.02331384240300693,0.4127929017200209,0.02409814182404374,0.5540021651834016,0.0005618202806910658,0.01291591917001044,0.009623788655780497
2002,5951,0.017918337417624004,0.4127929017200209,0.02409814182404374,0.5540021651834016,0.0004317986363409729,0.009926797725850459,0.007396562496619439
2003,5951,0.028136786263470333,0.4127929017200209,0.02409814182404374,0.5540021651834016,0.0006780442658499138,0.015587840511265157,0.011614665646773943
2004,5951,0.02681544702711532,0.4127929017200209,0.02409814182404374,0.5540021651834016,0.0006462024455345571,0.014855815713382696,0.011069226189242441
2005,5951,0.016826934353048127,0.4127929017200209,0.02409814182404374,0.5540021651834016,0.0004054978505036275,0.009322158064987623,0.00694603905864704
2006,5951,0.015344763520405763,0.4127929017200209,0.02409814182404374,0.5540021651834016,0.00036978028757115076,0.008501032214532068,0.006334209459795818
2007,5951,0.02754830015706279,0.4127929017200209,0.02409814182404374,0.5540021651834016,0.0006638628441962256,0.015261817934135028,0.011371742759288058
2008,5951,0.02497213903317772,0.4127929017200209,0.02409814182404374,0.5540021651834016,0.0006017821480712552,0.013834619093641393,0.010308321733661228
2009,5951,0.08416313364233023,0.4127929017200209,0.02409814182404374,0.5540021651834016,0.0020281751308688207,0.04662655826647094,0.03474194415406741
2010,5951,0.11847215638884255,0.4127929017200209,0.02409814182404374,0.5540021651834016,0.0028549588268586175,0.06563383115336534,0.04890446520877843
2011,5951,0.08000558430911939,0.4127929017200209,0.02409814182404374,0.5540021651834016,0.0019279859173966475,0.044323266934015323,0.03302573730076717
2012,5951,0.10015376306506693,0.4127929017200209,0.02409814182404374,0.5540021651834016,0.0024135195865536566,0.05548540158931248,0.041342762473808435
2013,5951,0.10538680813514764,0.4127929017200209,0.02409814182404374,0.5540021651834016,0.0025396262488240743,0.05838451988863952,0.043502926333118704
2014,5951,0.0777520886684362,0.4127929017200209,0.02409814182404374,0.5540021651834016,0.0018736808598475998,0.043074825469845486,0.03209551029623614
2015,5951,0.1303279468154794,0.4127929017200209,0.02409814182404374,0.5540021651834016,0.0031406613459958525,0.0722019647196828,0.0537984513411743
2016,5951,0.17738224909819933,0.4127929017200209,0.02409814182404374,0.5540021651834016,0.004274582595836262,0.09827015006550392,0.07322213331886926
1979,5959,0.010567620459635642,8.334524620599494,0.02570086191101713,0.4421075312446098,0.000271596954161135,0.004672024592539542,0.08807609290198419
1980,5959,0.02348963990283459,8.334524620599494,0.02570086191101713,0.4421075312446098,0.0006037039914822697,0.010384946707267077,0.1957749820991912
1981,5959,0.024756064842284316,8.334524620599494,0.02570086191101713,0.4421075312446098,0.0006362522039717354,0.0109448427107538,0.20633003193717617
1982,5959,0.01195261794997087,8.334524620599494,0.02570086191101713,0.4421075312446098,0.000307192583407346,0.00528434241377163,0.09961938858465166
1983,5959,0.012061910368149336,8.334524620599494,0.02570086191101713,0.4421075312446098,0.0003100014927548719,0.005332661414956265,0.10053028893480494
1984,5959,0.013515348683371849,8.334524620599494,0.02570086191101713,0.4421075312446098,0.00034735611019058707,0.005975237440315615,0.11264400635754962
1985,5959,0.011510168153326512,8.334524620599494,0.02570086191101713,0.4421075312446098,0.00029582124228123174,0.005088732026477513,0.09593177986114003
1986,5959,0.010990417569367169,8.334524620599494,0.02570086191101713,0.4421075312446098,0.00028246320429472214,0.004858946378940304,0.0915999058225599
1987,5959,0.01201926371758738,8.334524620599494,0.02570086191101713,0.4421075312446098,0.00030890543707781166,0.005313807009560467,0.10017484937571022
1988,5959,0.010072057586619727,8.334524620599494,0.02570086191101713,0.4421075312446098,0.0002588605611935261,0.0044529325141739904,0.08394581193577803
1989,5959,0.011539231806440951,8.334524620599494,0.02570086191101713,0.4421075312446098,0.00029656820321655565,0.005101581286404888,0.09617401159358688
1990,5959,0.01891147755384621,8.334524620599494,0.02570086191101713,0.4421075312446098,0.0004860412731447015,0.008360906653518801,0.15761817528444594
1991,5959,0.014613765277101653,8.334524620599494,0.02570086191101713,0.4421075312446098,0.0003755863633868066,0.006460855688847612,0.12179878650166572
1992,5959,0.01731576573075289,8.334524620599494,0.02570086191101713,0.4421075312446098,0.0004450301039296027,0.007655430438833176,0.14431867580749294
1993,5959,0.015960914574376324,8.334524620599494,0.02570086191101713,0.4421075312446098,0.0004102092614495867,0.0070564405388836285,0.13302663548742477
1994,5959,0.019442838305216557,8.334524620599494,0.02570086191101713,0.4421075312446098,0.0004996977024406052,0.008595825243507426,0.16204681454916234
1995,5959,0.020001107075478804,8.334524620599494,0.02570086191101713,0.4421075312446098,0.0005140456910143485,0.008842640071299031,0.16669971935982483
1996,5959,0.015280032193245825,8.334524620599494,0.02570086191101713,0.4421075312446098,0.0003927099973945072,0.006755417310294071,0.1273518045181602
1997,5959,0.014377093362216563,8.334524620599494,0.02570086191101713,0.4421075312446098,0.0003695036911841289,0.0063562212528428304,0.1198262386000515
1998,5959,0.016506743303996034,8.334524620599494,0.02570086191101713,0.4421075312446098,0.00042423753025660875,0.0072977555310181795,0.13757585847307077
1999,5959,0.013831979081628162,8.334524620599494,0.02570086191101713,0.4421075312446098,0.00035549378433300297,0.006115222124005711,0.11528297020744709
2000,5959,0.02194872621457024,8.334524620599494,0.02570086191101713,0.4421075312446098,0.0005641011815633915,0.009703697160687497,0.18293219902613317
2001,5959,0.010611749809434207,8.334524620599494,0.02570086191101713,0.4421075312446098,0.00027273111648653094,0.004691534510434416,0.08844389005437138
2002,5959,0.021211960182748364,8.334524620599494,0.02570086191101713,0.4421075312446098,0.0005451656595188094,0.00937796734925384,0.17679160439429237
2003,5959,0.017545950107431506,8.334524620599494,0.02570086191101713,0.4421075312446098,0.0004509460408086933,0.007757196685337638,0.1462371531621982
2004,5959,0.014473830699073115,8.334524620599494,0.02570086191101713,0.4421075312446098,0.0003719899241203187,0.00639898955801966,0.12063249831581366
2005,5959,0.007889602583420738,8.334524620599494,0.02570086191101713,0.4421075312446098,0.0002027695865293004,0.003488052720657238,0.06575608697826552
2006,5959,0.007998724714749553,8.334524620599494,0.02570086191101713,0.4421075312446098,0.00020557411935801816,0.0035362964367431707,0.06666556806847782
2007,5959,0.017943589914008268,8.334524620599494,0.02570086191101713,0.4421075312446098,0.00046116572656784623,0.007932996238547875,0.14955129192024266
2008,5959,0.01112995284814272,8.334524620599494,0.02570086191101713,0.4421075312446098,0.00028604938122624786,0.004920635976561291,0.09276286603895695
2009,5959,0.0,8.334524620599494,0.02570086191101713,0.4421075312446098,0.0,0.0,0.0
2010,5959,0.0,8.334524620599494,0.02570086191101713,0.4421075312446098,0.0,0.0,0.0
2011,5959,0.0,8.334524620599494,0.02570086191101713,0.4421075312446098,0.0,0.0,0.0
2012,5959,0.0,8.334524620599494,0.02570086191101713,0.4421075312446098,0.0,0.0,0.0
2013,5959,0.0,8.334524620599494,0.02570086191101713,0.4421075312446098,0.0,0.0,0.0
2014,5959,0.0,8.334524620599494,0.02570086191101713,0.4421075312446098,0.0,0.0,0.0
2015,5959,0.0,8.334524620599494,0.02570086191101713,0.4421075312446098,0.0,0.0,0.0
2016,5959,0.0,8.334524620599494,0.02570086191101713,0.4421075312446098,0.0,0.0,0.0
1979,5961,0.010839376743217626,15.103312350549837,0.021805183186632014,0.4174732505059878,0.00023635459551477904,0.004525149842450071,0.16371049263810145
1980,5961,0.016526423906303774,15.103312350549837,0.021805183186632014,0.4174732505059878,0.00036036170069688844,0.006899339907404501,0.24960374229449986
1981,5961,0.008948798751504705,15.103312350549837,0.021805183186632014,0.4174732505059878,0.00019513019607686396,0.003735884102914595,0.13515650270618598
1982,5961,0.014560438455601944,15.103312350549837,0.021805183186632014,0.4174732505059878,0.0003174930278020817,0.006078593570852529,0.21991084995591362
1983,5961,0.02359381999418677,15.103312350549837,0.021805183186632014,0.4174732505059878,0.0005144675670456636,0.009849788724826317,0.3563448329148507
1984,5961,0.02456537078003632,15.103312350549837,0.021805183186632014,0.4174732505059878,0.0005356524099062294,0.010255385189426576,0.3710184678979586
1985,5961,0.017979847438832634,15.103312350549837,0.021805183186632014,0.4174732505059878,0.000392053867071442,0.00750610535389122,0.27155525188392277
1986,5961,0.008253102913346045,15.103312350549837,0.021805183186632014,0.4174732505059878,0.00017996042088363687,0.0034454496999950113,0.12464919116149815
1987,5961,0.01708292679063321,15.103312350549837,0.021805183186632014,0.4174732505059878,0.00037249634803358084,0.007131664975441468,0.25800877918050924
1988,5961,0.01647602387272986,15.103312350549837,0.021805183186632014,0.4174732505059878,0.0003592627187321968,0.006878299241562789,0.24884253484495486
1989,5961,0.00787574221103742,15.103312350549837,0.021805183186632014,0.4174732505059878,0.0001717320016423612,0.0032879117009890074,0.11894979460570815
1990,5961,0.008967112286459269,15.103312350549837,0.021805183186632014,0.4174732505059878,0.000195529526061343,0.0037435295138803317,0.13543309774484746
1991,5961,0.009785307128981909,15.103312350549837,0.021805183186632014,0.4174732505059878,0.0002133704144849067,0.004085103974335493,0.14779055001507582
1992,5961,0.012258107511879338,15.103312350549837,0.021805183186632014,0.4174732505059878,0.00026729027981795895,0.005117431988036134,0.18513802657853495
1993,5961,0.011838287846586065,15.103312350549837,0.021805183186632014,0.4174732505059878,0.00025813603511088854,0.004942168507739816,0.17879735904270735
1994,5961,0.012479286271283209,15.103312350549837,0.021805183186632014,0.4174732505059878,0.00027211312318375236,0.0052097682036673495,0.1884785584671187
1995,5961,0.013489519808175256,15.103312350549837,0.021805183186632014,0.4174732505059878,0.0002941414505169626,0.005631513682083833,0.2037364311218
1996,5961,0.011295983063687705,15.103312350549837,0.021805183186632014,0.4174732505059878,0.0002463109799768031,0.0047157707672582936,0.17060676051739632
1997,5961,0.01600650252354096,15.103312350549837,0.021805183186632014,0.4174732505059878,0.00034902471970309825,0.006682286637734941,0.2417512072529033
1998,5961,0.015792847938394625,15.103312350549837,0.021805183186632014,0.4174732505059878,0.0003443659423353185,0.006593091563588393,0.23852431531831106
1999,5961,0.008731461307216595,15.103312350549837,0.021805183186632014,0.4174732505059878,0.00019039111329084728,0.0036451515335909736,0.13187398739963244
2000,5961,0.013351567217206472,15.103312350549837,0.021805183186632014,0.4174732505059878,0.00029113336899981774,0.005573922165516372,0.2016528900508308
2001,5961,0.012694264080160837,15.103312350549837,0.021805183186632014,0.4174732505059878,0.0002768007536873898,0.005299515688326148,0.19172543546303433
2002,5961,0.02209795414514946,15.103312350549837,0.021805183186632014,0.4174732505059878,0.00048184993818477825,0.009225304746507812,0.33375230376231985
2003,5961,0.02198041123052853,15.103312350549837,0.021805183186632014,0.4174732505059878,0.0004792868933991782,0.009176233723867064,0.33197701640820587
2004,5961,0.016183081820980556,15.103312350549837,0.021805183186632014,0.4174732505059878,0.00035287506363073544,0.006756003771009113,0.2444181395367742
2005,5961,0.014273891712402422,15.103312350549837,0.021805183186632014,0.4174732505059878,0.00031124482357508336,0.00595896797054712,0.21558304499033845
2006,5961,0.013726812976363365,15.103312350549837,0.021805183186632014,0.4174732505059878,0.0002993156715182406,0.005730577232330187,0.2073203439595966
2007,5961,0.012024908447271868,15.103312350549837,0.021805183186632014,0.4174732505059878,0.0002622053314952418,0.005020077616519497,0.18161594826591226
2008,5961,0.018547483603601624,15.103312350549837,0.021805183186632014,0.4174732505059878,0.00040443127762758706,0.007743078268702083,0.280128438181897
2009,5961,0.0,15.103312350549837,0.021805183186632014,0.4174732505059878,0.0,0.0,0.0
2010,5961,0.0,15.103312350549837,0.021805183186632014,0.4174732505059878,0.0,0.0,0.0
2011,5961,0.0,15.103312350549837,0.021805183186632014,0.4174732505059878,0.0,0.0,0.0
2012,5961,0.0,15.103312350549837,0.021805183186632014,0.4174732505059878,0.0,0.0,0.0
2013,5961,0.0,15.103312350549837,0.021805183186632014,0.4174732505059878,0.0,0.0,0.0
2014,5961,0.0,15.103312350549837,0.021805183186632014,0.4174732505059878,0.0,0.0,0.0
2015,5961,0.0,15.103312350549837,0.021805183186632014,0.4174732505059878,0.0,0.0,0.0
2016,5961,0.0,15.103312350549837,0.021805183186632014,0.4174732505059878,0.0,0.0,0.0
1979,5962,0.0037425817884349155,15.980614711604874,0.03490294489816925,0.3150609764908622,0.0001306271259386356,0.0011791414728612218,0.05980875758764749
1980,5962,0.005343827393911166,15.980614711604874,0.03490294489816925,0.3150609764908622,0.00018651531307500881,0.001683631476924271,0.08539764666741391
1981,5962,0.0062065535730444245,15.980614711604874,0.03490294489816925,0.3150609764908622,0.00021662699736750503,0.0019554428293662262,0.09918454133775753
1982,5962,0.011647126118336956,15.980614711604874,0.03490294489816925,0.3150609764908622,0.0004065190011303427,0.0036695549281554663,0.18612823499461292
1983,5962,0.005486519076198769,15.980614711604874,0.03490294489816925,0.3150609764908622,0.0001914956729993201,0.0017285880576829273,0.08767794746460283
1984,5962,0.01212733803318358,15.980614711604874,0.03490294489816925,0.3150609764908622,0.00042327981113367876,0.003820850962969591,0.19380231658569885
1985,5962,0.0073427119733146815,15.980614711604874,0.03490294489816925,0.3150609764908622,0.00025628227140772993,0.0023134020044036693,0.11734105098382985
1986,5962,0.009198032246750877,15.980614711604874,0.03490294489816925,0.3150609764908622,0.0003210384126799298,0.00289794102145577,0.1469902094402431
1987,5962,0.013004922708199213,15.980614711604874,0.03490294489816925,0.3150609764908622,0.00045391010068922716,0.004097343647633432,0.20782665915393264
1988,5962,0.006998315773450558,15.980614711604874,0.03490294489816925,0.3150609764908622,0.00024426182982073357,0.002204896201374736,0.11183738800566043
1989,5962,0.011480277551036488,15.980614711604874,0.03490294489816925,0.3150609764908622,0.000400695494779516,0.0036169874556156796,0.18346189232540086
1990,5962,0.010885164865294441,15.980614711604874,0.03490294489816925,0.3150609764908622,0.0003799243095008598,0.003429490671723691,0.17395162578456883
1991,5962,0.010282771070916151,15.980614711604874,0.03490294489816925,0.3150609764908622,0.00035889899208867523,0.003239699894634831,0.16432500265194763
1992,5962,0.0180897137759386,15.980614711604874,0.03490294489816925,0.3150609764908622,0.0006313842831452382,0.0056993628866874166,0.2890847460964857
1993,5962,0.011901453825993542,15.980614711604874,0.03490294489816925,0.3150609764908622,0.0004153957870967582,0.003749683664078433,0.19019254810115852
1994,5962,0.009243654846685056,15.980614711604874,0.03490294489816925,0.3150609764908622,0.00032263077577154365,0.0029123149223410846,0.1477192866319329
1995,5962,0.008038251817231216,15.980614711604874,0.03490294489816925,0.3150609764908622,0.00028055866025443,0.0025325394668163147,0.1284562052460298
1996,5962,0.013897938719249915,15.980614711604874,0.03490294489816925,0.3150609764908622,0.00048507898931611276,0.004378698144097041,0.22209760395782818
1997,5962,0.012946643413290172,15.980614711604874,0.03490294489816925,0.3150609764908622,0.00045187598167031277,0.004078982116070191,0.20689532019632725
1998,5962,0.01592791663959406,15.980614711604874,0.03490294489816925,0.3150609764908622,0.0005559311968143846,0.005018264969935556,0.2545378989759129
1999,5962,0.015331849171513728,15.980614711604874,0.03490294489816925,0.3150609764908622,0.0005351266868203855,0.004830467371387732,0.24501237442639928
2000,5962,0.020196529677045296,15.980614711604874,0.03490294489816925,0.3150609764908622,0.000704918362452152,0.006363138361776569,0.32275295928035447
2001,5962,0.011364028677884622,15.980614711604874,0.03490294489816925,0.3150609764908622,0.0003966380667654221,0.0035803619721244905,0.18160416387290268
2002,5962,0.013481110644008771,15.980614711604874,0.03490294489816925,0.3150609764908622,0.00047053046197396113,0.0042473718836827596,0.21543643508641963
2003,5962,0.013186727963503416,15.980614711604874,0.03490294489816925,0.3150609764908622,0.0004602556394973074,0.004154623388900745,0.21073201889149407
2004,5962,0.015219547048628185,15.980614711604874,0.03490294489816925,0.3150609764908622,0.0005312070120133641,0.004795085354889416,0.2432177174692701
2005,5962,0.014933746042958666,15.980614711604874,0.03490294489816925,0.3150609764908622,0.0005212317152606394,0.004705040610961106,0.23865044171347632
2006,5962,0.012347262213639113,15.980614711604874,0.03490294489816925,0.3150609764908622,0.00043095581268589325,0.0038901404900178634,0.19731684017932416
2007,5962,0.010209441077829022,15.980614711604874,0.03490294489816925,0.3150609764908622,0.0003563395593805721,0.003216596475406732,0.16315314428561759
2008,5962,0.016957501719630022,15.980614711604874,0.03490294489816925,0.3150609764908622,0.000591866748130857,0.0053426470506321095,0.2709913014527845
2009,5962,0.0,15.980614711604874,0.03490294489816925,0.3150609764908622,0.0,0.0,0.0
2010,5962,0.0,15.980614711604874,0.03490294489816925,0.3150609764908622,0.0,0.0,0.0
2011,5962,0.0,15.980614711604874,0.03490294489816925,0.3150609764908622,0.0,0.0,0.0
2012,5962,0.0,15.980614711604874,0.03490294489816925,0.3150609764908622,0.0,0.0,0.0
2013,5962,0.0,15.980614711604874,0.03490294489816925,0.3150609764908622,0.0,0.0,0.0
2014,5962,0.0,15.980614711604874,0.03490294489816925,0.3150609764908622,0.0,0.0,0.0
2015,5962,0.0,15.980614711604874,0.03490294489816925,0.3150609764908622,0.0,0.0,0.0
2016,5962,0.0,15.980614711604874,0.03490294489816925,0.3150609764908622,0.0,0.0,0.0
1979,5965,0.029554085762844663,6.875090407922378,0.0186960356814934,0.9324199085363228,0.0005525442419560599,0.02755681794386626,0.20318701154304866
1980,5965,0.02707464535500431,6.875090407922378,0.0186960356814934,0.9324199085363228,0.00050618853562094,0.025244938345566497,0.18614063457809027
1981,5965,0.03316911421295402,6.875090407922378,0.0186960356814934,0.9324199085363228,0.0006201309428489183,0.030927542440673434,0.228040658964762
1982,5965,0.03970942149709628,6.875090407922378,0.0186960356814934,0.9324199085363228,0.0007424087612011731,0.03702585516035281,0.2730058628388333
1983,5965,0.02856361934939932,6.875090407922378,0.0186960356814934,0.9324199085363228,0.000534026446548965,0.026633287341233255,0.1963774654046013
1984,5965,0.048785145452542034,6.875090407922378,0.0186960356814934,0.9324199085363228,0.0009120888201075713,0.04548824086079045,0.3354022855498697
1985,5965,0.02733370369017377,6.875090407922378,0.0186960356814934,0.9324199085363228,0.0005110318994988566,0.025486489494750776,0.1879216840533062
1986,5965,0.030764567286433182,6.875090407922378,0.0186960356814934,0.9324199085363228,0.0005751754477128593,0.028685495015375578,0.21150918145483935
1987,5965,0.03826937614247243,6.875090407922378,0.0186960356814934,0.9324199085363228,0.0007154856218681568,0.03568312820250628,0.2631054208342857
1988,5965,0.0322866380376435,6.875090407922378,0.0186960356814934,0.9324199085363228,0.0006036321367872449,0.030104704086004914,0.2219735554766646
1989,5965,0.043496513589189004,6.875090407922378,0.0186960356814934,0.9324199085363228,0.0008132123700840401,0.040557015222480536,0.29904246335509865
1990,5965,0.03549688287030566,6.875090407922378,0.0186960356814934,0.9324199085363228,0.0006636509887250264,0.03309800027925497,0.2440442789327826
1991,5965,0.03141214552315245,6.875090407922378,0.0186960356814934,0.9324199085363228,0.0005872825935331213,0.029289309855627468,0.21596134037848724
1992,5965,0.018058810955715574,6.875090407922378,0.0186960356814934,0.9324199085363228,0.0003376281739934023,0.016838394859603062,0.12415595798012369
1993,5965,0.020587533737331742,6.875090407922378,0.0186960356814934,0.9324199085363228,0.0003849052653471034,0.019196226324351324,0.14154115572030782
1994,5965,0.025544993436733183,6.875090407922378,0.0186960356814934,0.9324199085363228,0.00047759010877667827,0.02381866044383972,0.1756241393473244
1995,5965,0.03007052125025385,6.875090407922378,0.0186960356814934,0.9324199085363228,0.0005621995382558516,0.02803835267380125,0.2067375522088463
1996,5965,0.0278420593879842,6.875090407922378,0.0186960356814934,0.9324199085363228,0.0005205361357640109,0.025960490468007094,0.19141667543513535
1997,5965,0.023225284923721445,6.875090407922378,0.0186960356814934,0.9324199085363228,0.00043422075564674686,0.02165571804430639,0.15967593360034152
1998,5965,0.019886208122761755,6.875090407922378,0.0186960356814934,0.9324199085363228,0.0003717932566327576,0.018542296358959796,0.1367194787147474
1999,5965,0.018912919339767624,6.875090407922378,0.0186960356814934,0.9324199085363228,0.0003535966148175021,0.01763478252094098,0.13002803033864602
2000,5965,0.02385885626264723,6.875090407922378,0.0186960356814934,0.9324199085363228,0.0004460660280060749,0.022246472574198806,0.16403179383532474
2001,5965,0.021240551903935548,6.875090407922378,0.0186960356814934,0.9324199085363228,0.0003971141162905916,0.0198051134635286,0.1460307146537247
2002,5965,0.024884951639449437,6.875090407922378,0.0186960356814934,0.9324199085363228,0.00046524994378338433,0.02320322433158626,0.17108629231799108
2003,5965,0.024582286873008525,6.875090407922378,0.0186960356814934,0.9324199085363228,0.0004595913125104742,0.022921013677744257,0.1690054446854171
2004,5965,0.019593385153163983,6.875090407922378,0.0186960356814934,0.9324199085363228,0.0003663186279447968,0.018269262392430107,0.13470629432524642
2005,5965,0.030312599794657436,6.875090407922378,0.0186960356814934,0.9324199085363228,0.000566725447359745,0.028264071528032644,0.2084018640874392
2006,5965,0.02916138141926998,6.875090407922378,0.0186960356814934,0.9324199085363228,0.0005452022275363102,0.02719065259574854,0.2004871336773889
2007,5965,0.020364404737610867,6.875090407922378,0.0186960356814934,0.9324199085363228,0.000380733637606746,0.018988176402839785,0.1400071236745975
2008,5965,0.021677110135970384,6.875090407922378,0.0186960356814934,0.9324199085363228,0.00040527602457376456,0.0202121690503133,0.14903209196728692
2009,5965,0.0,6.875090407922378,0.0186960356814934,0.9324199085363228,0.0,0.0,0.0
2010,5965,0.0,6.875090407922378,0.0186960356814934,0.9324199085363228,0.0,0.0,0.0
2011,5965,0.0,6.875090407922378,0.0186960356814934,0.9324199085363228,0.0,0.0,0.0
2012,5965,0.0,6.875090407922378,0.0186960356814934,0.9324199085363228,0.0,0.0,0.0
2013,5965,0.0,6.875090407922378,0.0186960356814934,0.9324199085363228,0.0,0.0,0.0
2014,5965,0.0,6.875090407922378,0.0186960356814934,0.9324199085363228,0.0,0.0,0.0
2015,5965,0.0,6.875090407922378,0.0186960356814934,0.9324199085363228,0.0,0.0,0.0
2016,5965,0.0,6.875090407922378,0.0186960356814934,0.9324199085363228,0.0,0.0,0.0
1979,5968,0.0061486850044301464,3.584479728841781,0.031782320723818584,0.4053103247313763,0.0001954194788405328,0.0024921255158165266,0.022039836757413295
1980,5968,0.010579431106026795,3.584479728841781,0.031782320723818584,0.4053103247313763,0.0003362388724872864,0.004287952657056944,0.03792175634223123
1981,5968,0.004383611313098562,3.584479728841781,0.031782320723818584,0.4053103247313763,0.000139321340681458,0.0017767229248081128,0.015712965890923296
1982,5968,0.0052802564335478214,3.584479728841781,0.031782320723818584,0.4053103247313763,0.00016781880347502333,0.0021401424497462062,0.018926972149138566
1983,5968,0.004975705981037967,3.584479728841781,0.031782320723818584,0.4053103247313763,0.00015813948331677108,0.0020167050069423496,0.0178353172257074
1984,5968,0.005881091945617754,3.584479728841781,0.031782320723818584,0.4053103247313763,0.00018691475042188971,0.0023836672862534137,0.02108065486252151
1985,5968,0.006098213715029276,3.584479728841781,0.031782320723818584,0.4053103247313763,0.00019381538413344967,0.0024716689811198483,0.02185892344366737
1986,5968,0.01577054517341049,3.584479728841781,0.031782320723818584,0.4053103247313763,0.0005012245246908014,0.006391964785425845,0.056529199486873495
1987,5968,0.011171351294261157,3.584479728841781,0.031782320723818584,0.4053103247313763,0.00035505146975265393,0.00452786402076527,0.04004348225804951
1988,5968,0.010480891962670064,3.584479728841781,0.031782320723818584,0.4053103247313763,0.00033310706982927243,0.0042480137248642755,0.037568544780371596
1989,5968,0.018321302301958827,3.584479728841781,0.031782320723818584,0.4053103247313763,0.0005822935058388912,0.007425812985508644,0.06567233670735367
1990,5968,0.0076924128393512595,3.584479728841781,0.031782320723818584,0.4053103247313763,0.0002444827320002817,0.0031178143458852675,0.027573297888536838
1991,5968,0.018997917691461082,3.584479728841781,0.031782320723818584,0.4053103247313763,0.0006037979131547233,0.00770005218874605,0.0680976508552469
1992,5968,0.010630268562233772,3.584479728841781,0.031782320723818584,0.4053103247313763,0.0003378546048252396,0.0043085576029407106,0.038103982173471024
1993,5968,0.012517103383645126,3.584479728841781,0.031782320723818584,0.4053103247313763,0.0003978225942722042,0.005073311237121415,0.04486730334249282
1994,5968,0.016471425619988413,3.584479728841781,0.031782320723818584,0.4053103247313763,0.000523500131832994,0.0066760388668262146,0.05904149123997363
1995,5968,0.01346240326454353,3.584479728841781,0.031782320723818584,0.4053103247313763,0.0004278664182671048,0.005456451038816879,0.04825571160324971
1996,5968,0.01383937845972796,3.584479728841781,0.031782320723818584,0.4053103247313763,0.00043984756482538047,0.005609242977592754,0.04960697154866447
1997,5968,0.01983712293907889,3.584479728841781,0.031782320723818584,0.4053103247313763,0.000630469803487624,0.008040190740174298,0.07110576505367057
1998,5968,0.014861762606502304,3.584479728841781,0.031782320723818584,0.4053103247313763,0.0004723413056811103,0.006023625828122074,0.0532716867978663
1999,5968,0.014082826878078837,3.584479728841781,0.031782320723818584,0.4053103247313763,0.00044758492053711437,0.005707915135089887,0.05047960746926178
2000,5968,0.014967226034816747,3.584479728841781,0.031782320723818584,0.4053103247313763,0.00047569317818443337,0.006066371244499485,0.05364971831879358
2001,5968,0.014946616884655388,3.584479728841781,0.031782320723818584,0.4053103247313763,0.0004750381715641597,0.0060580181431551475,0.05357584523781153
2002,5968,0.0125209140799253,3.584479728841781,0.031782320723818584,0.4053103247313763,0.00039794370704356177,0.005074855751668185,0.04488096270606188
2003,5968,0.021816240009102008,3.584479728841781,0.031782320723818584,0.4053103247313763,0.0006933707369570829,0.008842347322506779,0.07819987007217319
2004,5968,0.017849158676342642,3.584479728841781,0.031782320723818584,0.4053103247313763,0.0005672876857018511,0.007234448299290299,0.0639799474522306
2005,5968,0.010612057325367404,3.584479728841781,0.031782320723818584,0.4053103247313763,0.00033727580945437527,0.004301176400612643,0.03803870436408639
2006,5968,0.018318755859039304,3.584479728841781,0.031782320723818584,0.4053103247313763,0.000582212573973318,0.0074247808859020225,0.065663209034328
2007,5968,0.01849107945514129,3.584479728841781,0.031782320723818584,0.4053103247313763,0.0005876894177729131,0.007494625418596997,0.06628089947135668
2008,5968,0.010137202187983215,3.584479728841781,0.031782320723818584,0.4053103247313763,0.00032218381118067805,0.004108712710679095,0.036336595749996384
2009,5968,0.06794484161234518,3.584479728841781,0.031782320723818584,0.4053103247313763,0.0021594447476526095,0.027538745817721554,0.24354690743881682
2010,5968,0.06569353700671443,3.584479728841781,0.031782320723818584,0.4053103247313763,0.0020878930626294433,0.02662626881694411,0.23547715171648526
2011,5968,0.06893374246839115,3.584479728841781,0.031782320723818584,0.4053103247313763,0.002190874311823521,0.02793955754481268,0.2470916025111479
2012,5968,0.07516803545173356,3.584479728841781,0.031782320723818584,0.4053103247313763,0.0023890146109063616,0.030466380858361734,0.2694382993335993
2013,5968,0.06876081412926821,3.584479728841781,0.031782320723818584,0.4053103247313763,0.002185378247887279,0.027869467903527505,0.24647174438501943
2014,5968,0.062380088233860674,3.584479728841781,0.031782320723818584,0.4053103247313763,0.001982583971028662,0.025283293818837975,0.22360016175763528
2015,5968,0.056695595045149816,3.584479728841781,0.031782320723818584,0.4053103247313763,0.0018019175853526913,0.02297931003858828,0.20322421115396205
2016,5968,0.028535627791220843,3.584479728841781,0.031782320723818584,0.4053103247313763,0.0009069284745160918,0.011565784566473405,0.10228537936740528
1979,5970,0.014997810065485168,6.72925923537042,0.03224267745582935,0.6345625418094445,0.00048356955248522916,0.00951704847672954,0.10092415189349752
1980,5970,0.029485403831217238,6.72925923537042,0.03224267745582935,0.6345625418094445,0.0009506883653848123,0.018710332801415142,0.19841492603984495
1981,5970,0.01390781073438158,6.72925923537042,0.03224267745582935,0.6345625418094445,0.0004484250556253864,0.008825375730613852,0.0935892638281211
1982,5970,0.020974688829687237,6.72925923537042,0.03224267745582935,0.6345625418094445,0.0006762801266719924,0.013309751857428496,0.14114411851619363
1983,5970,0.020686658542854067,6.72925923537042,0.03224267745582935,0.6345625418094445,0.0006669932590361205,0.013126978626497535,0.13920588804845513
1984,5970,0.016875186256640383,6.72925923537042,0.03224267745582935,0.6345625418094445,0.0005441011874799002,0.010708361084521527,0.11355750296609328
1985,5970,0.014648600226116715,6.72925923537042,0.03224267745582935,0.6345625418094445,0.00047231009227007015,0.009295452993435026,0.09857422835684512
1986,5970,0.0321444856864608,6.72925923537042,0.03224267745582935,0.6345625418094445,0.001036424283972079,0.020397686542357872,0.2163085771718486
1987,5970,0.02362794458788109,6.72925923537042,0.03224267745582935,0.6345625418094445,0.0007618281962912587,0.014993408575418532,0.15899856433081935
1988,5970,0.014864723002472519,6.72925923537042,0.03224267745582935,0.6345625418094445,0.0004792784692389687,0.009432596411742279,0.10002857454561132
1989,5970,0.026963772460205974,6.72925923537042,0.03224267745582935,0.6345625418094445,0.0008693842184267955,0.017110199989119803,0.18144621484826765
1990,5970,0.022891769093596862,6.72925923537042,0.03224267745582935,0.6345625418094445,0.0007380919272781667,0.014526259182547708,0.15404464858705383
1991,5970,0.01605445435897423,6.72925923537042,0.03224267745582935,0.6345625418094445,0.0005176385936257397,0.010187555365394405,0.10803458526396024
1992,5970,0.015180720512410175,6.72925923537042,0.03224267745582935,0.6345625418094445,0.0004894670750287337,0.009633116594853773,0.10215500370771334
1993,5970,0.019266450292449444,6.72925923537042,0.03224267745582935,0.6345625418094445,0.0006212019424982165,0.012225767669222034,0.12964893856327056
1994,5970,0.019680950390494983,6.72925923537042,0.03224267745582935,0.6345625418094445,0.0006345665354649085,0.012488793905018076,0.13243821717610543
1995,5970,0.02312628844663308,6.72925923537042,0.03224267745582935,0.6345625418094445,0.0007456534591352632,0.014675076379313876,0.1556227901093459
1996,5970,0.022334651244929792,6.72925923537042,0.03224267745582935,0.6345625418094445,0.0007201289561787088,0.014172733064410123,0.15029565815872126
1997,5970,0.02008187986147114,6.72925923537042,0.03224267745582935,0.6345625418094445,0.000647493575080129,0.012743208729207022,0.13513617552140392
1998,5970,0.013186081568417777,6.72925923537042,0.03224267745582935,0.6345625418094445,0.0004251545749167508,0.008367393436561852,0.088732561172623
1999,5970,0.017450477993148295,6.72925923537042,0.03224267745582935,0.6345625418094445,0.0005626501333831288,0.011073419671121956,0.11742879019702143
2000,5970,0.02079396729681369,6.72925923537042,0.03224267745582935,0.6345625418094445,0.0006704531805782276,0.01319507274216856,0.13992799647207402
2001,5970,0.019829202379774726,6.72925923537042,0.03224267745582935,0.6345625418094445,0.0006393465765374402,0.012582869064163735,0.1334358432441282
2002,5970,0.0149771681281843,6.72925923537042,0.03224267745582935,0.6345625418094445,0.00048290400115877385,0.00950394987652803,0.10078524694627972
2003,5970,0.014272226324722475,6.72925923537042,0.03224267745582935,0.6345625418094445,0.00046017478996462354,0.00905662021389556,0.09604151080493555
2004,5970,0.017188056557727083,6.72925923537042,0.03224267745582935,0.6345625418094445,0.0005541889636833468,0.01090689685803579,0.11566288832915408
2005,5970,0.02793255492593916,6.72925923537042,0.03224267745582935,0.6345625418094445,0.0009006203589942937,0.017724953053035872,0.18796540320286761
2006,5970,0.012617568425781637,6.72925923537042,0.03224267745582935,0.6345625418094445,0.0004068241890293338,0.008006636291718586,0.08490688885710929
2007,5970,0.01648435710679079,6.72925923537042,0.03224267745582935,0.6345625418094445,0.0005314998092609637,0.010460355545779744,0.11092751230001593
2008,5970,0.019549596282523417,6.72925923537042,0.03224267745582935,0.6345625418094445,0.000630331327329083,0.012405441508386527,0.13155430133193394
2009,5970,0.0,6.72925923537042,0.03224267745582935,0.6345625418094445,0.0,0.0,0.0
2010,5970,0.0,6.72925923537042,0.03224267745582935,0.6345625418094445,0.0,0.0,0.0
2011,5970,0.0,6.72925923537042,0.03224267745582935,0.6345625418094445,0.0,0.0,0.0
2012,5970,0.0,6.72925923537042,0.03224267745582935,0.6345625418094445,0.0,0.0,0.0
2013,5970,0.0,6.72925923537042,0.03224267745582935,0.6345625418094445,0.0,0.0,0.0
2014,5970,0.0,6.72925923537042,0.03224267745582935,0.6345625418094445,0.0,0.0,0.0
2015,5970,0.0,6.72925923537042,0.03224267745582935,0.6345625418094445,0.0,0.0,0.0
2016,5970,0.0,6.72925923537042,0.03224267745582935,0.6345625418094445,0.0,0.0,0.0
1979,5978,0.032433635080164495,5.810167294059942,0.02419357921877672,0.8123933225063087,0.0007846857196648553,0.026348868563732003,0.18844484577024695
1980,5978,0.033234765664341887,5.810167294059942,0.02419357921877672,0.8123933225063087,0.0008040679359177359,0.026999701700773295,0.19309954848870556
1981,5978,0.024243945693186813,5.810167294059942,0.02419357921877672,0.8123933225063087,0.0005865478207038358,0.019695619592350548,0.1408613803455194
1982,5978,0.021327861991721854,5.810167294059942,0.02419357921877672,0.8123933225063087,0.0005159973186638596,0.017326612665410936,0.12391844619652644
1983,5978,0.03266284562097898,5.810167294059942,0.02419357921877672,0.8123933225063087,0.0007902311430418292,0.02653507767653775,0.18977659735794106
1984,5978,0.023413033647630442,5.810167294059942,0.02419357921877672,0.8123933225063087,0.0005664450843058319,0.019020592194950496,0.13603364235418733
1985,5978,0.039429275143399806,5.810167294059942,0.02419357921877672,0.8123933225063087,0.000953935291720787,0.032032079837761976,0.22909068486667217
1986,5978,0.02719249084896073,5.810167294059942,0.02419357921877672,0.8123933225063087,0.0006578836815101924,0.022090997988009602,0.1579929209746559
1987,5978,0.02130012898099983,5.810167294059942,0.02419357921877672,0.8123933225063087,0.0005153263578719813,0.01730408255268737,0.12375731276466354
1988,5978,0.02796267644325709,5.810167294059942,0.02419357921877672,0.8123933225063087,0.000676517227698962,0.022716691621906517,0.16246782812499272
1989,5978,0.024236179030893867,5.810167294059942,0.02419357921877672,0.8123933225063087,0.000586359917344386,0.0196893100077656,0.1408162547382809
1990,5978,0.02038945487019633,5.810167294059942,0.02419357921877672,0.8123933225063087,0.0004932938916297676,0.016564256986091232,0.11846614383052591
1991,5978,0.024340496975454384,5.810167294059942,0.02419357921877672,0.8123933225063087,0.0005888837418000508,0.019774057209344144,0.14142235944794998
1992,5978,0.026414506951559908,5.810167294059942,0.02419357921877672,0.8123933225063087,0.000639061466457493,0.02145896906474374,0.15347270437867236
1993,5978,0.029489156756623364,5.810167294059942,0.02419357921877672,0.8123933225063087,0.000713448250086292,0.023956794035422616,0.1713369341167398
1994,5978,0.025566395870880013,5.810167294059942,0.02419357921877672,0.8123933225063087,0.0006185426238407416,0.020769969286055786,0.1485450371159762
1995,5978,0.016182253728780214,5.810167294059942,0.02419357921877672,0.8123933225063087,0.00039150663752558903,0.01314635487236386,0.09402160135913834
1996,5978,0.02030491887588899,5.810167294059942,0.02419357921877672,0.8123933225063087,0.0004912486633546551,0.016495580508804522,0.11797497556123057
1997,5978,0.029760625842883432,5.810167294059942,0.02419357921877672,0.8123933225063087,0.000720016058930174,0.024177333708367187,0.1729142149230764
1998,5978,0.017387761085581762,5.810167294059942,0.02419357921877672,0.8123933225063087,0.0004206721752611854,0.014125700999261668,0.10102580077637534
1999,5978,0.017527054312696775,5.810167294059942,0.02419357921877672,0.8123933225063087,0.00042404217698603153,0.01423886188684026,0.10183511772884304
2000,5978,0.0213105063676297,5.810167294059942,0.02419357921877672,0.8123933225063087,0.0005155774239974949,0.01731251307229054,0.12381760711705822
2001,5978,0.02009061747207953,5.810167294059942,0.02419357921877672,0.8123933225063087,0.00048606394536489575,0.016321483479345984,0.1167298485537457
2002,5978,0.023561046705192715,5.810167294059942,0.02419357921877672,0.8123933225063087,0.0005700260499393781,0.019140837014557828,0.13689362298032945
2003,5978,0.019340155851246862,5.810167294059942,0.02419357921877672,0.8123933225063087,0.00046790759269062904,0.015711813469784265,0.11236954098893653
2004,5978,0.023402043725868987,5.810167294059942,0.02419357921877672,0.8123933225063087,0.000566179198763088,0.01901166405589662,0.13596978907020466
2005,5978,0.03295805844457392,5.810167294059942,0.02419357921877672,0.8123933225063087,0.0007973733978758721,0.026774906603144508,0.19149183325037944
2006,5978,0.026639891493212994,5.810167294059942,0.02419357921877672,0.8123933225063087,0.0006445143252206645,0.02164206996137885,0.1547822262711718
2007,5978,0.02641718469375711,5.810167294059942,0.02419357921877672,0.8123933225063087,0.0006391262506254685,0.02146114444462414,0.15348826250880845
2008,5978,0.02003202717341781,5.810167294059942,0.02419357921877672,0.8123933225063087,0.00048464643633277165,0.016273885111949552,0.11638942911671217
2009,5978,0.0,5.810167294059942,0.02419357921877672,0.8123933225063087,0.0,0.0,0.0
2010,5978,0.0,5.810167294059942,0.02419357921877672,0.8123933225063087,0.0,0.0,0.0
2011,5978,0.0,5.810167294059942,0.02419357921877672,0.8123933225063087,0.0,0.0,0.0
2012,5978,0.0,5.810167294059942,0.02419357921877672,0.8123933225063087,0.0,0.0,0.0
2013,5978,0.0,5.810167294059942,0.02419357921877672,0.8123933225063087,0.0,0.0,0.0
2014,5978,0.0,5.810167294059942,0.02419357921877672,0.8123933225063087,0.0,0.0,0.0
2015,5978,0.0,5.810167294059942,0.02419357921877672,0.8123933225063087,0.0,0.0,0.0
2016,5978,0.0,5.810167294059942,0.02419357921877672,0.8123933225063087,0.0,0.0,0.0
1979,5985,0.013981704367884136,17.74984479215564,0.04817876340381544,0.36254815777778027,0.0006736212267223826,0.0050690411611699375,0.24817308245974798
1980,5985,0.019411947726866486,17.74984479215564,0.04817876340381544,0.36254815777778027,0.0009352436367399333,0.007037765887254014,0.3445590592653186
1981,5985,0.008927243166388703,17.74984479215564,0.04817876340381544,0.36254815777778027,0.0004301035363617695,0.003236555564008502,0.15845718062523154
1982,5985,0.019533283125489773,17.74984479215564,0.04817876340381544,0.36254815777778027,0.0009410894262027123,0.0070817558124981195,0.3467127437586763
1983,5985,0.016790343826283534,17.74984479215564,0.04817876340381544,0.36254815777778027,0.0008089380026752276,0.006087308222674621,0.2980259969234614
1984,5985,0.0187052255399038,17.74984479215564,0.04817876340381544,0.36254815777778027,0.0009011946357020312,0.006781545060310009,0.33201485013555815
1985,5985,0.027151049406026955,17.74984479215564,0.04817876340381544,0.36254815777778027,0.0013081039854982764,0.009843562943888568,0.481926912901128
1986,5985,0.006071905951604133,17.74984479215564,0.04817876340381544,0.36254815777778027,0.00029253692025255437,0.002201358316954018,0.10777538823353945
1987,5985,0.01688501335056643,17.74984479215564,0.04817876340381544,0.36254815777778027,0.0008134990632872051,0.006121630484301085,0.29970636628603
1988,5985,0.011926667565586909,17.74984479215564,0.04817876340381544,0.36254815777778027,0.0005746120948383712,0.004323991354331537,0.21169649817680436
1989,5985,0.019723461036408287,17.74984479215564,0.04817876340381544,0.36254815777778027,0.0009502519627774873,0.007150704463751653,0.3500883721603763
1990,5985,0.007687097656300341,17.74984479215564,0.04817876340381544,0.36254815777778027,0.0003703548592449183,0.002786943093949581,0.1364447903014744
1991,5985,0.016582703992320397,17.74984479215564,0.04817876340381544,0.36254815777778027,0.0007989341722415101,0.006012028783390002,0.2943404220979467
1992,5985,0.01839979058508815,17.74984479215564,0.04817876340381544,0.36254815777778027,0.0008864791572787129,0.006670810180120655,0.32659342709348127
1993,5985,0.012804279281562546,17.74984479215564,0.04817876340381544,0.36254815777778027,0.0006168943420627778,0.004642167865202701,0.2272739699231493
1994,5985,0.016310051199664163,17.74984479215564,0.04817876340381544,0.36254815777778027,0.0007857980978527359,0.005913179015699517,0.28950087734615076
1995,5985,0.011142250981594734,17.74984479215564,0.04817876340381544,0.36254815777778027,0.000536819873828183,0.004039602566874834,0.19777322555855034
1996,5985,0.00986190274097339,17.74984479215564,0.04817876340381544,0.36254815777778027,0.00047513427886879594,0.0035754146709235444,0.17504724300761196
1997,5985,0.011013743905732334,17.74984479215564,0.04817876340381544,0.36254815777778027,0.0005306285618244923,0.003993012563259512,0.19549224490729897
1998,5985,0.011658933008423637,17.74984479215564,0.04817876340381544,0.36254815777778027,0.0005617129749537766,0.004226924683858543,0.20694425134165975
1999,5985,0.010628163772207409,17.74984479215564,0.04817876340381544,0.36254815777778027,0.0005120517877981834,0.00385322119617434,0.1886482573822929
2000,5985,0.008332592930948127,17.74984479215564,0.04817876340381544,0.36254815777778027,0.0004014540233604549,0.0030209662166273982,0.1479022312405425
2001,5985,0.011082740241059246,17.74984479215564,0.04817876340381544,0.36254815777778027,0.0005339527199399379,0.0040180270575257025,0.19671691915057918
2002,5985,0.012087133581870637,17.74984479215564,0.04817876340381544,0.36254815777778027,0.0005823431490712576,0.004382168012921142,0.21454474506025606
2003,5985,0.011833861337810314,17.74984479215564,0.04817876340381544,0.36254815777778027,0.000570140805547922,0.004290344627420828,0.21004920203802435
2004,5985,0.008459162042588635,17.74984479215564,0.04817876340381544,0.36254815777778027,0.000407551966644414,0.0030668536148842343,0.15014881332764254
2005,5985,0.01213474702169265,17.74984479215564,0.04817876340381544,0.36254815777778027,0.0005846371057232842,0.004399430177814076,0.21538987622711744
2006,5985,0.014373987868640562,17.74984479215564,0.04817876340381544,0.36254815777778027,0.000692520960692547,0.005211262821695798,0.255136053712698
2007,5985,0.007319130148400107,17.74984479215564,0.04817876340381544,0.36254815777778027,0.00035262663974150135,0.0026535371518382703,0.12991342414768897
2008,5985,0.010441594864922505,17.74984479215564,0.04817876340381544,0.36254815777778027,0.0005030631285555956,0.0037855809825395846,0.18533668823494379
2009,5985,0.0,17.74984479215564,0.04817876340381544,0.36254815777778027,0.0,0.0,0.0
2010,5985,0.0,17.74984479215564,0.04817876340381544,0.36254815777778027,0.0,0.0,0.0
2011,5985,0.0,17.74984479215564,0.04817876340381544,0.36254815777778027,0.0,0.0,0.0
2012,5985,0.0,17.74984479215564,0.04817876340381544,0.36254815777778027,0.0,0.0,0.0
2013,5985,0.0,17.74984479215564,0.04817876340381544,0.36254815777778027,0.0,0.0,0.0
2014,5985,0.0,17.74984479215564,0.04817876340381544,0.36254815777778027,0.0,0.0,0.0
2015,5985,0.0,17.74984479215564,0.04817876340381544,0.36254815777778027,0.0,0.0,0.0
2016,5985,0.0,17.74984479215564,0.04817876340381544,0.36254815777778027,0.0,0.0,0.0
1979,5987,0.024661745049335788,8.218964024066082,0.02320421205909902,0.8096286697441837,0.000572256361872223,0.01996685583786394,0.20269399533118065
1980,5987,0.023483425354574976,8.218964024066082,0.02320421205909902,0.8096286697441837,0.0005449143818015803,0.019012854430861374,0.193009428151093
1981,5987,0.027364032386272986,8.218964024066082,0.02320421205909902,0.8096286697441837,0.0006349608102831318,0.022154705139734956,0.22490399773615682
1982,5987,0.03311069757171843,8.218964024066082,0.02320421205909902,0.8096286697441837,0.0007683076478788494,0.026807370029292368,0.27213563215368597
1983,5987,0.029779074390762137,8.218964024066082,0.02320421205909902,0.8096286697441837,0.0006909999570869295,0.024109992385205836,0.24475314108766158
1984,5987,0.031052320346352483,8.218964024066082,0.02320421205909902,0.8096286697441837,0.0007205446262438381,0.02514084881448761,0.2552179037904463
1985,5987,0.023808863963794228,8.218964024066082,0.02320421205909902,0.8096286697441837,0.000552465928302122,0.019276338859126954,0.19568419637230813
1986,5987,0.03970413364679352,8.218964024066082,0.02320421205909902,0.8096286697441837,0.0009213031367630053,0.03214560490779872,0.3263268460497076
1987,5987,0.0391602513933652,8.218964024066082,0.02320421205909902,0.8096286697441837,0.0009086827776192739,0.031705262242458086,0.32185669737545225
1988,5987,0.02760432180749394,8.218964024066082,0.02320421205909902,0.8096286697441837,0.000640536536968701,0.02234925034419168,0.2268789278445355
1989,5987,0.043391826791052,8.218964024066082,0.02320421205909902,0.8096286697441837,0.0010068731504912648,0.03513126700260946,0.3566358633341632
1990,5987,0.03078290522251503,8.218964024066082,0.02320421205909902,0.8096286697441837,0.0007142930605783855,0.02492272260616613,0.2530035905800869
1991,5987,0.028764892547990382,8.218964024066082,0.02320421205909902,0.8096286697441837,0.000667466666540766,0.023288881688963835,0.2364176170080595
1992,5987,0.02641091386339842,8.218964024066082,0.02320421205909902,0.8096286697441837,0.000612844445960895,0.021383033057951483,0.21707035088597976
1993,5987,0.02562378661305797,8.218964024066082,0.02320421205909902,0.8096286697441837,0.0005945797783264998,0.020745752269338946,0.21060098033306957
1994,5987,0.023158877961089664,8.218964024066082,0.02320421205909902,0.8096286697441837,0.0005373835152599193,0.01875009155640492,0.1903419847999328
1995,5987,0.024335568574925363,8.218964024066082,0.02320421205909902,0.8096286697441837,0.0005646876937913142,0.019702774012785182,0.20001316262250465
1996,5987,0.02356924079920328,8.218964024066082,0.02320421205909902,0.8096286697441837,0.0005469056615766814,0.019082333075139294,0.19371474220320228
1997,5987,0.024304835548107338,8.218964024066082,0.02320421205909902,0.8096286697441837,0.0005639745581198109,0.01967789167316529,0.19976056898073666
1998,5987,0.022556466386891228,8.218964024066082,0.02320421205909902,0.8096286697441837,0.0005234050293453632,0.01826236187494814,0.18539078574391485
1999,5987,0.024979062498249542,8.218964024066082,0.02320421205909902,0.8096286697441837,0.0005796194632468701,0.020223765141914603,0.2053020160280112
2000,5987,0.01815526345762506,8.218964024066082,0.02320421205909902,0.8096286697441837,0.0004212785832595432,0.014699021802052167,0.14921745720566196
2001,5987,0.018144712094557744,8.218964024066082,0.02320421205909902,0.8096286697441837,0.00042103374719341664,0.014690479116007987,0.14913073593220683
2002,5987,0.01945432554360307,8.218964024066082,0.02320421205909902,0.8096286697441837,0.00045142229538051246,0.015750779710637645,0.15989440175534347
2003,5987,0.014885809327305162,8.218964024066082,0.02320421205909902,0.8096286697441837,0.0003454134763021031,0.01205197800373164,0.12234593133022846
2004,5987,0.021735093428632658,8.218964024066082,0.02320421205909902,0.8096286697441837,0.0005043457170423218,0.017597354779389406,0.17863995094964694
2005,5987,0.02764790284362317,8.218964024066082,0.02320421205909902,0.8096286697441837,0.0006415478005727988,0.02238453480049906,0.22723711881261316
2006,5987,0.027430153155901856,8.218964024066082,0.02320421205909902,0.8096286697441837,0.0006364950906431109,0.02220823841049204,0.22544744196298006
2007,5987,0.027456953854765632,8.218964024066082,0.02320421205909902,0.8096286697441837,0.0006371169797428779,0.022229937024661334,0.22566771594276128
2008,5987,0.021526595060119558,8.218964024066082,0.02320421205909902,0.8096286697441837,0.0004995076766853676,0.017428548522646314,0.17692631035976128
2009,5987,0.0,8.218964024066082,0.02320421205909902,0.8096286697441837,0.0,0.0,0.0
2010,5987,0.0,8.218964024066082,0.02320421205909902,0.8096286697441837,0.0,0.0,0.0
2011,5987,0.0,8.218964024066082,0.02320421205909902,0.8096286697441837,0.0,0.0,0.0
2012,5987,0.0,8.218964024066082,0.02320421205909902,0.8096286697441837,0.0,0.0,0.0
2013,5987,0.0,8.218964024066082,0.02320421205909902,0.8096286697441837,0.0,0.0,0.0
2014,5987,0.0,8.218964024066082,0.02320421205909902,0.8096286697441837,0.0,0.0,0.0
2015,5987,0.0,8.218964024066082,0.02320421205909902,0.8096286697441837,0.0,0.0,0.0
2016,5987,0.0,8.218964024066082,0.02320421205909902,0.8096286697441837,0.0,0.0,0.0
1979,5989,0.0313207775124556,15.399541258154139,0.024354721229898728,0.6526125424154737,0.000762808805019537,0.020440332242833047,0.4823256055405264
1980,5989,0.018207322610053138,15.399541258154139,0.024354721229898728,0.6526125424154737,0.00044343426651067625,0.011882327099125517,0.280384415734036
1981,5989,0.022169299828998318,15.399541258154139,0.024354721229898728,0.6526125424154737,0.0005399271171972955,0.01446796312497352,0.3413970473810491
1982,5989,0.01954803235433783,15.399541258154139,0.024354721229898728,0.6526125424154737,0.00047608687858293874,0.01275729109398435,0.3010307307563574
1983,5989,0.02702163051745661,15.399541258154139,0.024354721229898728,0.6526125424154737,0.0006581042784299799,0.017634654992208912,0.41612071401617007
1984,5989,0.015630027856983874,15.399541258154139,0.024354721229898728,0.6526125424154737,0.0003806649712723937,0.010200352217770924,0.24069525884972168
1985,5989,0.023533769659086087,15.399541258154139,0.024354721229898728,0.6526125424154737,0.0005731583995356905,0.015358433249836307,0.36240925682499225
1986,5989,0.017480663336294534,15.399541258154139,0.024354721229898728,0.6526125424154737,0.0004257366824691648,0.011408100143008134,0.26919419626717006
1987,5989,0.021289163191232915,15.399541258154139,0.024354721229898728,0.6526125424154737,0.0005184916347402988,0.013893574916128432,0.3278433469149677
1988,5989,0.013746976082273191,15.399541258154139,0.024354721229898728,0.6526125424154737,0.0003348037702378489,0.008971449011577017,0.21169712535382415
1989,5989,0.025110218434390784,15.399541258154139,0.024354721229898728,0.6526125424154737,0.0006115523699914517,0.016387243493075666,0.3866858447816635
1990,5989,0.017152512813682314,15.399541258154139,0.024354721229898728,0.6526125424154737,0.0004177446679694986,0.011193944996151206,0.26414082875531836
1991,5989,0.014432041450980612,15.399541258154139,0.024354721229898728,0.6526125424154737,0.00035148834631697597,0.00941853126356996,0.22224681776376665
1992,5989,0.016439941274806982,15.399541258154139,0.024354721229898728,0.6526125424154737,0.00040039018678383,0.010728911872512868,0.25316755394302126
1993,5989,0.023818585542649096,15.399541258154139,0.024354721229898728,0.6526125424154737,0.0005800950109817149,0.015544307667728673,0.3667952907748984
1994,5989,0.02157241076494313,15.399541258154139,0.024354721229898728,0.6526125424154737,0.0005253900504370563,0.01407842583534047,0.33220522961259025
1995,5989,0.01907265853113346,15.399541258154139,0.024354721229898728,0.6526125424154737,0.00046450928163880515,0.012447056174625182,0.29371019195287523
1996,5989,0.020355951066933425,15.399541258154139,0.024354721229898728,0.6526125424154737,0.0004957635136046231,0.013284548979076397,0.313472308304208
1997,5989,0.013667728939162658,15.399541258154139,0.024354721229898728,0.6526125424154737,0.000332873728159126,0.008919731332032488,0.21047675570390265
1998,5989,0.015073551180072281,15.399541258154139,0.024354721229898728,0.6526125424154737,0.0003671121369352714,0.009837188558856735,0.2321257733044211
1999,5989,0.02700806610566944,15.399541258154139,0.024354721229898728,0.6526125424154737,0.0006577739209622557,0.017625802686946114,0.4159118282972109
2000,5989,0.021040530005085448,15.399541258154139,0.024354721229898728,0.6526125424154737,0.0005124362428031757,0.013731313780387874,0.32401450990674346
2001,5989,0.017023860953340658,15.399541258154139,0.024354721229898728,0.6526125424154737,0.0004146113877751697,0.011109985178487157,0.2621596491240487
2002,5989,0.016919752575206556,15.399541258154139,0.024354721229898728,0.6526125424154737,0.0004120758572480168,0.01104204274514631,0.2605564278596531
2003,5989,0.02414641216245118,15.399541258154139,0.024354721229898728,0.6526125424154737,0.0005880791369187346,0.015758251431549183,0.37184367033206184
2004,5989,0.013936420546470344,15.399541258154139,0.024354721229898728,0.6526125424154737,0.0003394176373519181,0.009095082845003257,0.21461448319635712
2005,5989,0.01961762358298112,15.399541258154139,0.024354721229898728,0.6526125424154737,0.0004777817535565922,0.012802707202639063,0.30210240375305536
2006,5989,0.021833977548297738,15.399541258154139,0.024354721229898728,0.6526125424154737,0.0005317604365286591,0.01424912759883696,0.3362332380846222
2007,5989,0.01892517947396378,15.399541258154139,0.024354721229898728,0.6526125424154737,0.0004609174703141894,0.012350809492172642,0.2914390821272771
2008,5989,0.018026141707978848,15.399541258154139,0.024354721229898728,0.6526125424154737,0.0004390216561484754,0.011764086169985685,0.2775943129573534
2009,5989,0.0,15.399541258154139,0.024354721229898728,0.6526125424154737,0.0,0.0,0.0
2010,5989,0.0,15.399541258154139,0.024354721229898728,0.6526125424154737,0.0,0.0,0.0
2011,5989,0.0,15.399541258154139,0.024354721229898728,0.6526125424154737,0.0,0.0,0.0
2012,5989,0.0,15.399541258154139,0.024354721229898728,0.6526125424154737,0.0,0.0,0.0
2013,5989,0.0,15.399541258154139,0.024354721229898728,0.6526125424154737,0.0,0.0,0.0
2014,5989,0.0,15.399541258154139,0.024354721229898728,0.6526125424154737,0.0,0.0,0.0
2015,5989,0.0,15.399541258154139,0.024354721229898728,0.6526125424154737,0.0,0.0,0.0
2016,5989,0.0,15.399541258154139,0.024354721229898728,0.6526125424154737,0.0,0.0,0.0
1979,5992,0.0244743203869782,11.566575613233356,0.03271280686041054,0.644222010761105,0.000800623715859026,0.0157668958917106,0.283084077338482
1980,5992,0.02136745218458477,11.566575613233356,0.03271280686041054,0.644222010761105,0.0006989893364133788,0.013765383011194966,0.24714825135514798
1981,5992,0.02173800999423661,11.566575613233356,0.03271280686041054,0.644222010761105,0.0007111113224711362,0.014004104508432104,0.25143433627956013
1982,5992,0.021375135378797958,11.566575613233356,0.03271280686041054,0.644222010761105,0.0006992406752617459,0.013770332694020053,0.24723711960196598
1983,5992,0.024383311374098958,11.566575613233356,0.03271280686041054,0.644222010761105,0.0007976465555981507,0.01570826588243615,0.2820314147095285
1984,5992,0.0219020449943076,11.566575613233356,0.03271280686041054,0.644222010761105,0.000716477367746806,0.014109779466013037,0.253331659511098
1985,5992,0.03044067242641367,11.566575613233356,0.03271280686041054,0.644222010761105,0.000995799837786295,0.019610551199464338,0.3520943393377814
1986,5992,0.0275306025776533,11.566575613233356,0.03271280686041054,0.644222010761105,0.000900603284873493,0.01773582015004067,0.31843479639230404
1987,5992,0.02060310752544701,11.566575613233356,0.03271280686041054,0.644222010761105,0.000673985477204219,0.013272975357970727,0.23830740106066003
1988,5992,0.025463778554595383,11.566575613233356,0.03271280686041054,0.644222010761105,0.0008329916697927426,0.016404326622016942,0.29452872005035746
1989,5992,0.019896079440673658,11.566575613233356,0.03271280686041054,0.644222010761105,0.0006508566040221423,0.012817492303533464,0.2301295072574495
1990,5992,0.01565629399224675,11.566575613233356,0.03271280686041054,0.644222010761105,0.0005121613215181739,0.01008612919675221,0.18108970828433318
1991,5992,0.0128253014486214,11.566575613233356,0.03271280686041054,0.644222010761105,0.00041955160921529534,0.00826234148784819,0.1483448189679907
1992,5992,0.018492652284439387,11.566575613233356,0.03271280686041054,0.644222010761105,0.0006049465625175954,0.011913373638987482,0.21389666093720072
1993,5992,0.02347594462380897,11.566575613233356,0.03271280686041054,0.644222010761105,0.0007679640423443559,0.015123720250066565,0.27153628858336554
1994,5992,0.025282094937750632,11.566575613233356,0.03271280686041054,0.644222010761105,0.0008270482887251994,0.016287282037050866,0.29242726275843695
1995,5992,0.022012785394309987,11.566575613233356,0.03271280686041054,0.644222010761105,0.0007200999970637287,0.014181120869175064,0.2546125467211653
1996,5992,0.022061714542075964,11.566575613233356,0.03271280686041054,0.644222010761105,0.0007217006068244415,0.014212642103133687,0.2551784894084915
1997,5992,0.025898865208067515,11.566575613233356,0.03271280686041054,0.644222010761105,0.0008472245754553188,0.016684619020772076,0.29956118272605153
1998,5992,0.018638379484415872,11.566575613233356,0.03271280686041054,0.644222010761105,0.0006097137082647345,0.01200725430877892,0.21558222561463353
1999,5992,0.017257785005426844,11.566575613233356,0.03271280686041054,0.644222010761105,0.0005645505877210174,0.011117844957478928,0.1996134751821944
2000,5992,0.016804507883244002,11.566575613233356,0.03271280686041054,0.644222010761105,0.0005497226207688073,0.010825833858394291,0.19437061107471776
2001,5992,0.019826829970593787,11.566575613233356,0.03271280686041054,0.644222010761105,0.0006485912594822337,0.01277288027067447,0.2293285280255943
2002,5992,0.024907414659999343,11.566575613233356,0.03271280686041054,0.644222010761105,0.0008147914451647165,0.0160459047551254,0.2880934949950394
2003,5992,0.014526959111066759,11.566575613233356,0.03271280686041054,0.644222010761105,0.00047521760766940807,0.009358586808775781,0.1680271709885029
2004,5992,0.01907281419432548,11.566575613233356,0.03271280686041054,0.644222010761105,0.0006239252870234661,0.012287126711141304,0.2206071475358161
2005,5992,0.026078843435212308,11.566575613233356,0.03271280686041054,0.644222010761105,0.0008531121684389855,0.016800564956156516,0.3016429144990575
2006,5992,0.02024628205503624,11.566575613233356,0.03271280686041054,0.644222010761105,0.0006623127145077963,0.013043100535931924,0.2341801522764263
2007,5992,0.023112824224506445,11.566575613233356,0.03271280686041054,0.644222010761105,0.0007560853548548973,0.014889790096279519,0.2673362290281254
2008,5992,0.02288079607946737,11.566575613233356,0.03271280686041054,0.644222010761105,0.0007484950629600547,0.014740312458129276,0.26465245794413267
2009,5992,0.0,11.566575613233356,0.03271280686041054,0.644222010761105,0.0,0.0,0.0
2010,5992,0.0,11.566575613233356,0.03271280686041054,0.644222010761105,0.0,0.0,0.0
2011,5992,0.0,11.566575613233356,0.03271280686041054,0.644222010761105,0.0,0.0,0.0
2012,5992,0.0,11.566575613233356,0.03271280686041054,0.644222010761105,0.0,0.0,0.0
2013,5992,0.0,11.566575613233356,0.03271280686041054,0.644222010761105,0.0,0.0,0.0
2014,5992,0.0,11.566575613233356,0.03271280686041054,0.644222010761105,0.0,0.0,0.0
2015,5992,0.0,11.566575613233356,0.03271280686041054,0.644222010761105,0.0,0.0,0.0
2016,5992,0.0,11.566575613233356,0.03271280686041054,0.644222010761105,0.0,0.0,0.0
1979,5993,0.019720825379257387,14.498029729381358,0.030147442033925168,0.6728564457256758,0.0005945324399823224,0.013269284471463829,0.285913112636412
1980,5993,0.02317400523333401,14.498029729381358,0.030147442033925168,0.6728564457256758,0.0006986369794658155,0.015592778794529333,0.3359774168217156
1981,5993,0.03781743903521529,14.498029729381358,0.030147442033925168,0.6728564457256758,0.001140099051185652,0.025445707615682392,0.5482783554216183
1982,5993,0.02618422624721807,14.498029729381358,0.030147442033925168,0.6728564457256758,0.0007893874429911887,0.0176182254067801,0.37961969057301526
1983,5993,0.02900389856555648,14.498029729381358,0.030147442033925168,0.6728564457256758,0.0008743933507629594,0.01951546010100836,0.42049938367139916
1984,5993,0.040621060754497805,14.498029729381358,0.030147442033925168,0.6728564457256758,0.001224621074452775,0.027332142560878132,0.5889253464577155
1985,5993,0.01818790610902815,14.498029729381358,0.030147442033925168,0.6728564457256758,0.0005483188451403996,0.012237849859712989,0.26368880348388696
1986,5993,0.0303177575449515,14.498029729381358,0.030147442033925168,0.6728564457256758,0.0009140028381850228,0.020399498584068858,0.43954775021488285
1987,5993,0.015006437861320244,14.498029729381358,0.030147442033925168,0.6728564457256758,0.000452405715559852,0.010097178442371152,0.21756378224553488
1988,5993,0.022086489159106038,14.498029729381358,0.030147442033925168,0.6728564457256758,0.0006658511516570659,0.01486103659415476,0.3202105764463784
1989,5993,0.018209666441668774,14.498029729381358,0.030147442033925168,0.6728564457256758,0.0005489748635073218,0.012252491439791366,0.2640042854334319
1990,5993,0.030480907583031982,14.498029729381358,0.030147442033925168,0.6728564457256758,0.0009189213945008868,0.0205092751388117,0.44191310431732334
1991,5993,0.02408850673838492,14.498029729381358,0.030147442033925168,0.6728564457256758,0.0007262068605792751,0.016208107026828667,0.34923588682950774
1992,5993,0.022889535700949804,14.498029729381358,0.030147442033925168,0.6728564457256758,0.0006900609507278449,0.015401371636052052,0.3318531690841062
1993,5993,0.02882029881640986,14.498029729381358,0.030147442033925168,0.6728564457256758,0.0008688582879681184,0.01939192382636144,0.4178375490499645
1994,5993,0.02193212115000852,14.498029729381358,0.030147442033925168,0.6728564457256758,0.000661197351050906,0.014757169084219653,0.31797254446121714
1995,5993,0.02315479694908443,14.498029729381358,0.030147442033925168,0.6728564457256758,0.0006980578988298302,0.015579854376660672,0.33569893454561484
1996,5993,0.01941250269268537,14.498029729381358,0.030147442033925168,0.6728564457256758,0.0005852372996611484,0.013061827564440388,0.28144304116024815
1997,5993,0.02525216449017573,14.498029729381358,0.030147442033925168,0.6728564457256758,0.0007612881651987163,0.016991081645739765,0.366106631509796
1998,5993,0.018704000291628383,14.498029729381358,0.030147442033925168,0.6728564457256758,0.0005638777645943861,0.012585107157077079,0.2711711522863859
1999,5993,0.02427033044649203,14.498029729381358,0.030147442033925168,0.6728564457256758,0.0007316883802798277,0.016330448280814282,0.351871972355151
2000,5993,0.018193407173708563,14.498029729381358,0.030147442033925168,0.6728564457256758,0.0005484846881689772,0.012241551286541558,0.2637685580831668
2001,5993,0.02569715694468853,14.498029729381358,0.030147442033925168,0.6728564457256758,0.0007747035494266751,0.017290497687057992,0.37255814534467296
2002,5993,0.02297122368302093,14.498029729381358,0.030147442033925168,0.6728564457256758,0.0006925236344322025,0.015456335921326931,0.33303748387670656
2003,5993,0.021209411228746283,14.498029729381358,0.030147442033925168,0.6728564457256758,0.0006394094955923101,0.014270889055308463,0.3074946745370384
2004,5993,0.026112486470044348,14.498029729381358,0.030147442033925168,0.6728564457256758,0.0007872246722173172,0.01756995483529384,0.37857960515077144
2005,5993,0.03495714416195425,14.498029729381358,0.030147442033925168,0.6728564457256758,0.0010538684772940813,0.023521139773532596,0.5068097153142826
2006,5993,0.03036974705439585,14.498029729381358,0.030147442033925168,0.6728564457256758,0.0009155701889073686,0.020434480060608606,0.44030149566842297
2007,5993,0.018510469649762426,14.498029729381358,0.030147442033925168,0.6728564457256758,0.0005580433107869439,0.012454888817252142,0.26836533928706696
2008,5993,0.02128558198436033,14.498029729381358,0.030147442033925168,0.6728564457256758,0.0006417058490318649,0.01432214103919917,0.3085990004164403
2009,5993,0.0,14.498029729381358,0.030147442033925168,0.6728564457256758,0.0,0.0,0.0
2010,5993,0.0,14.498029729381358,0.030147442033925168,0.6728564457256758,0.0,0.0,0.0
2011,5993,0.0,14.498029729381358,0.030147442033925168,0.6728564457256758,0.0,0.0,0.0
2012,5993,0.0,14.498029729381358,0.030147442033925168,0.6728564457256758,0.0,0.0,0.0
2013,5993,0.0,14.498029729381358,0.030147442033925168,0.6728564457256758,0.0,0.0,0.0
2014,5993,0.0,14.498029729381358,0.030147442033925168,0.6728564457256758,0.0,0.0,0.0
2015,5993,0.0,14.498029729381358,0.030147442033925168,0.6728564457256758,0.0,0.0,0.0
2016,5993,0.0,14.498029729381358,0.030147442033925168,0.6728564457256758,0.0,0.0,0.0
1979,5997,0.02849833857270812,11.801495891252392,0.03750096969563553,0.5531046648831921,0.0010687153311910883,0.015762564005985472,0.33632302557333443
1980,5997,0.026360139180023244,11.801495891252392,0.03750096969563553,0.5531046648831921,0.0009885307805627865,0.014579915947441058,0.3110890742258855
1981,5997,0.018870630437750068,11.801495891252392,0.03750096969563553,0.5531046648831921,0.0007076669401836028,0.010437433724406316,0.22270166757644977
1982,5997,0.013816901996510755,11.801495891252392,0.03750096969563553,0.5531046648831921,0.0005181472230587159,0.007642192948503989,0.16306011214165866
1983,5997,0.02550688864305722,11.801495891252392,0.03750096969563553,0.5531046648831921,0.0009565330580332389,0.014107979095131062,0.3010194415196721
1984,5997,0.027490066196709708,11.801495891252392,0.03750096969563553,0.5531046648831921,0.0010309041393738254,0.01520488385134789,0.3244239032707259
1985,5997,0.019521738246226068,11.801495891252392,0.03750096969563553,0.5531046648831921,0.0007320841143778528,0.010797564490616264,0.2303857137029416
1986,5997,0.022696763657698904,11.801495891252392,0.03750096969563553,0.5531046648831921,0.0008511506461163685,0.012553685856824566,0.26785576305106024
1987,5997,0.024029621465413056,11.801495891252392,0.03750096969563553,0.5531046648831921,0.000901134106372048,0.013290895727897248,0.2835854789924225
1988,5997,0.02269170617895593,11.801495891252392,0.03750096969563553,0.5531046648831921,0.0008509609857592918,0.012550888541739278,0.26779607723645493
1989,5997,0.026978029659574014,11.801495891252392,0.03750096969563553,0.5531046648831921,0.0010117022727116416,0.014921674054067502,0.3183811061815479
1990,5997,0.01603815836822576,11.801495891252392,0.03750096969563553,0.5531046648831921,0.0006014464909406376,0.00887078020960107,0.18927426008587148
1991,5997,0.018863032946083075,11.801495891252392,0.03750096969563553,0.5531046648831921,0.000707382026878836,0.010433231516323891,0.2226120058097579
1992,5997,0.019686590587233918,11.801495891252392,0.03750096969563553,0.5531046648831921,0.0007382662370222429,0.01088874508944462,0.2323312179280091
1993,5997,0.02162143750750537,11.801495891252392,0.03750096969563553,0.5531046648831921,0.0008108248727450363,0.011958917946881639,0.255165305907795
1994,5997,0.02056731345836893,11.801495891252392,0.03750096969563553,0.5531046648831921,0.00077129419872293,0.011375877017938714,0.24272506527304094
1995,5997,0.020706425788781808,11.801495891252392,0.03750096969563553,0.5531046648831921,0.0007765110460100326,0.011452820696832849,0.2443667988688311
1996,5997,0.019839916242651613,11.801495891252392,0.03750096969563553,0.5531046648831921,0.0007440160977796252,0.01097355022470242,0.2341406900204446
1997,5997,0.016834886172874236,11.801495891252392,0.03750096969563553,0.5531046648831921,0.0006313245561984304,0.009311454074994289,0.198676839998877
1998,5997,0.011919512258818928,11.801495891252392,0.03750096969563553,0.5531046648831921,0.0004469932680047248,0.006592737833485143,0.1406680749481841
1999,5997,0.013432130425713227,11.801495891252392,0.03750096969563553,0.5531046648831921,0.0005037179160424958,0.007429373997781443,0.1585192320298209
2000,5997,0.020458559593927055,11.801495891252392,0.03750096969563553,0.5531046648831921,0.000767215823348212,0.011315724748191838,0.24144160698867234
2001,5997,0.017484120038930483,11.801495891252392,0.03750096969563553,0.5531046648831921,0.000655671455734786,0.009670548354910147,0.2063387708016017
2002,5997,0.01989461388776004,11.801495891252392,0.03750096969563553,0.5531046648831921,0.0007460673125112591,0.011003803747370018,0.2347862040544529
2003,5997,0.010677102346207924,11.801495891252392,0.03750096969563553,0.5531046648831921,0.00040040169152234236,0.005905555115122878,0.1260057794692541
2004,5997,0.013961716485989607,11.801495891252392,0.03750096969563553,0.5531046648831921,0.0005235779068401513,0.00772229051817742,0.16476913974423713
2005,5997,0.02339015110258093,11.801495891252392,0.03750096969563553,0.5531046648831921,0.0008771533476742235,0.012937201687160253,0.27603877213288147
2006,5997,0.01935099384967968,11.801495891252392,0.03750096969563553,0.5531046648831921,0.0007256810339372672,0.010703124968383791,0.22837067440864506
2007,5997,0.017367324478635208,11.801495891252392,0.03750096969563553,0.5531046648831921,0.0006512915089675681,0.009605948185673185,0.2049604084766605
2008,5997,0.015942911782145068,11.801495891252392,0.03750096969563553,0.5531046648831921,0.0005978746516024128,0.008818098878525643,0.18815020789158438
2009,5997,0.0,11.801495891252392,0.03750096969563553,0.5531046648831921,0.0,0.0,0.0
2010,5997,0.0,11.801495891252392,0.03750096969563553,0.5531046648831921,0.0,0.0,0.0
2011,5997,0.0,11.801495891252392,0.03750096969563553,0.5531046648831921,0.0,0.0,0.0
2012,5997,0.0,11.801495891252392,0.03750096969563553,0.5531046648831921,0.0,0.0,0.0
2013,5997,0.0,11.801495891252392,0.03750096969563553,0.5531046648831921,0.0,0.0,0.0
2014,5997,0.0,11.801495891252392,0.03750096969563553,0.5531046648831921,0.0,0.0,0.0
2015,5997,0.0,11.801495891252392,0.03750096969563553,0.5531046648831921,0.0,0.0,0.0
2016,5997,0.0,11.801495891252392,0.03750096969563553,0.5531046648831921,0.0,0.0,0.0
