process,scenario,event_id,event_year,response_start,response_end,response_window_complete,anomaly_pre,t_min,anomaly_min,maximum_deficit,time_to_maximum_deficit,event_specific_incremental_loss,anomaly_end,recovered_amount,event_specific_recovery_fraction,event_specific_recovery_status,half_recovery_target,half_recovery_year,half_recovery_time,half_recovery_status,anomaly_event_year,initial_anomaly_change,initial_event_year_loss
npp,8y,1,1980,1980,1987,TRUE,0,1983,-0.016789298855863735,0.016789298855863735,3,0.016789298855863735,-0.013404158470481438,0.0033851403853822973,0.2016248810890648,Partial recovery,-0.008394649427931868,1984,1,Observed,-0.012168046622996182,-0.012168046622996182,0.012168046622996182
npp,8y,2,1988,1988,1995,TRUE,-0.013404158470481438,1992,-0.033699124266336464,0.033699124266336464,4,0.020294965795855026,-0.02000586223364387,0.013693262032692593,0.6747122498471645,Partial recovery,-0.02355164136840895,1994,2,Observed,-0.016507961126932952,-0.003103802656451514,0.003103802656451514
npp,8y,3,1996,1996,2003,TRUE,-0.02000586223364387,1997,-0.09392057785703072,0.09392057785703072,1,0.07391471562338685,-0.05663590717363786,0.037284670683392855,0.5044282504361807,Partial recovery,-0.05696322004533729,1999,2,Observed,-0.030467972468999748,-0.010462110235355877,0.010462110235355877
npp,8y,4,2004,2004,2011,TRUE,-0.05663590717363786,2010,-0.3256013891642901,0.3256013891642901,6,0.26896548199065223,-0.23904134488793435,0.08656004427635575,0.32182584782148405,Partial recovery,-0.19111864816896398,NA,NA,Not observed before next drought,-0.12737534959932809,-0.07073944242569022,0.07073944242569022
npp,8y,5,2012,2012,2016,FALSE,-0.23904134488793435,2015,-0.569551650482204,0.569551650482204,3,0.33051030559426964,-0.5265843835635368,0.04296726691866726,0.13000280533283384,Partial recovery,-0.4042964976850692,NA,NA,Not observed before simulation end,-0.5588807384791723,-0.3198393935912379,0.3198393935912379
npp,6y,1,1980,1980,1985,TRUE,0,1983,-0.016789298855863735,0.016789298855863735,3,0.016789298855863735,-0.008853363863762146,0.007935934992101589,0.4726781660289482,Partial recovery,-0.008394649427931868,1984,1,Observed,-0.012168046622996182,-0.012168046622996182,0.012168046622996182
npp,6y,2,1986,1986,1991,TRUE,-0.008853363863762146,1987,-0.037970932600193734,0.037970932600193734,1,0.029117568736431586,-0.031266604191724584,0.00670432840846915,0.23025028185408786,Partial recovery,-0.02341214823197794,1988,1,Observed,-0.0208134404793884,-0.011960076615626253,0.011960076615626253
npp,6y,3,1992,1992,1997,TRUE,-0.031266604191724584,1997,-0.09392751090333,0.09392751090333,5,0.06266090671160542,-0.09392751090333,0,0,No recovery,-0.06259705754752729,NA,NA,Not observed before next drought,-0.09330698207047687,-0.06204037787875229,0.06204037787875229
npp,6y,4,1998,1998,2003,TRUE,-0.09392751090333,2003,-0.3355955615689716,0.3355955615689716,5,0.24166805066564157,-0.3355955615689716,0,0,No recovery,-0.2147615362361508,NA,NA,Not observed before next drought,-0.195936142489643,-0.102008631586313,0.102008631586313
npp,6y,5,2004,2004,2009,TRUE,-0.3355955615689716,2004,-0.5198717554746006,0.5198717554746006,0,0.18427619390562905,-0.4713752286224909,0.0484965268521097,0.26317304381132156,Partial recovery,-0.42773365852178613,2008,4,Observed,-0.5198717554746006,-0.18427619390562905,0.18427619390562905
npp,6y,6,2010,2010,2015,TRUE,-0.4713752286224909,2012,-0.6450682481623199,0.6450682481623199,2,0.17369301953982896,-0.6089595279971619,0.03610872016515798,0.20788814807193798,Partial recovery,-0.5582217383924054,2014,2,Observed,-0.5778663449908561,-0.10649111636836517,0.10649111636836517
npp,6y,7,2016,2016,2016,FALSE,-0.6089595279971619,2016,-0.6118666202707583,0.6118666202707583,0,0.0029070922735964233,-0.6118666202707583,0,0,No recovery,-0.6104130741339602,NA,NA,Not observed before simulation end,-0.6118666202707583,-0.0029070922735964233,0.0029070922735964233
npp,4y,1,1980,1980,1983,TRUE,0,1983,-0.016789298855863735,0.016789298855863735,3,0.016789298855863735,-0.016789298855863735,0,0,No recovery,-0.008394649427931868,NA,NA,Not observed before next drought,-0.012168046622996182,-0.012168046622996182,0.012168046622996182
npp,4y,2,1984,1984,1987,TRUE,-0.016789298855863735,1987,-0.03482251810041267,0.03482251810041267,3,0.018033219244548933,-0.03482251810041267,0,0,No recovery,-0.0258059084781382,NA,NA,Not observed before next drought,-0.014225280825638564,0.002564018030225171,0
npp,4y,3,1988,1988,1991,TRUE,-0.03482251810041267,1991,-0.07213390214997448,0.07213390214997448,3,0.03731138404956181,-0.07213390214997448,0,0,No recovery,-0.053478210125193576,NA,NA,Not observed before next drought,-0.04400352422977511,-0.009181006129362443,0.009181006129362443
npp,4y,4,1992,1992,1995,TRUE,-0.07213390214997448,1995,-0.41068842099306413,0.41068842099306413,3,0.3385545188430896,-0.41068842099306413,0,0,No recovery,-0.24141116157151932,NA,NA,Not observed before next drought,-0.32790354231110347,-0.255769640161129,0.255769640161129
npp,4y,5,1996,1996,1999,TRUE,-0.41068842099306413,1998,-0.5227700449473045,0.5227700449473045,2,0.11208162395424037,-0.4373601882365384,0.08540985671076612,0.7620326481496775,Partial recovery,-0.4667292329701843,1999,1,Observed,-0.3040555597352793,0.10663286125778482,0
npp,4y,6,2000,2000,2003,TRUE,-0.4373601882365384,2002,-0.5895319380257856,0.5895319380257856,2,0.15217174978924725,-0.562139643976675,0.027392294049110588,0.1800090627008495,Partial recovery,-0.513446063131162,NA,NA,Not observed before next drought,-0.5346262618294503,-0.0972660735929119,0.0972660735929119
npp,4y,7,2004,2004,2007,TRUE,-0.562139643976675,2005,-0.6537400520565324,0.6537400520565324,1,0.091600408079857365,-0.5963608964739587,0.05737915558257367,0.6264072047861451,Partial recovery,-0.6079398480166037,2007,2,Observed,-0.6054793486502408,-0.04333970467356574,0.04333970467356574
npp,4y,8,2008,2008,2011,TRUE,-0.5963608964739587,2009,-0.6650587365828879,0.6650587365828879,1,0.06869784010892921,-0.4088219950496088,0.25623674153327913,3.729909719533875,Complete recovery,-0.6307098165284233,2010,1,Observed,-0.6097652167079611,-0.013404320234002398,0.013404320234002398
npp,4y,9,2012,2012,2015,TRUE,-0.4088219950496088,2013,-0.5618341507196307,0.5618341507196307,1,0.1530121556700219,-0.5044497275819932,0.057384423137637475,0.3750317933000679,Partial recovery,-0.48532807288461977,NA,NA,Not observed before next drought,-0.5221815266898812,-0.11335953164027235,0.11335953164027235
npp,4y,10,2016,2016,2016,FALSE,-0.5044497275819932,2016,-0.6061853185475431,0.6061853185475431,0,0.10173559096554985,-0.6061853185475431,0,0,No recovery,-0.5553175230647682,NA,NA,Not observed before simulation end,-0.6061853185475431,-0.10173559096554985,0.10173559096554985
npp,2y,1,1980,1980,1981,TRUE,0,1980,-0.012168046622996182,0.012168046622996182,0,0.012168046622996182,-0.011539552523020045,6.28494099976137e-4,0.05165119097985348,Partial recovery,-0.006084023311498091,NA,NA,Not observed before next drought,-0.012168046622996182,-0.012168046622996182,0.012168046622996182
npp,2y,2,1982,1982,1983,TRUE,-0.011539552523020045,1982,-0.047154925905420426,0.047154925905420426,0,0.03561537338240038,-0.031030943835718413,0.016123982069702014,0.4527253412895513,Partial recovery,-0.029347239214220236,NA,NA,Not observed before next drought,-0.047154925905420426,-0.03561537338240038,0.03561537338240038
npp,2y,3,1984,1984,1985,TRUE,-0.031030943835718413,1985,-0.04653049224976762,0.04653049224976762,1,0.01549954841404921,-0.04653049224976762,0,0,No recovery,-0.038780718042743016,NA,NA,Not observed before next drought,-0.04569913450741749,-0.01466819067169908,0.01466819067169908
npp,2y,4,1986,1986,1987,TRUE,-0.04653049224976762,1987,-0.13751748215814785,0.13751748215814785,1,0.09098698990838022,-0.13751748215814785,0,0,No recovery,-0.09202398720395774,NA,NA,Not observed before next drought,-0.0629912369949611,-0.016460744745193483,0.016460744745193483
npp,2y,5,1988,1988,1989,TRUE,-0.13751748215814785,1988,-0.3737896188916417,0.3737896188916417,0,0.23627213673349384,-0.3344947650293558,0.03929485386228587,0.16631184025989912,Partial recovery,-0.2556535505248948,NA,NA,Not observed before next drought,-0.3737896188916417,-0.23627213673349384,0.23627213673349384
npp,2y,6,1990,1990,1991,TRUE,-0.3344947650293558,1990,-0.5867941012348564,0.5867941012348564,0,0.2522993362055006,-0.5813171428958998,0.005476958338956672,0.021708175777742155,Partial recovery,-0.4606444331321061,NA,NA,Not observed before next drought,-0.5867941012348564,-0.2522993362055006,0.2522993362055006
npp,2y,7,1992,1992,1993,TRUE,-0.5813171428958998,1992,-0.659792521094919,0.659792521094919,0,0.07847537819901929,-0.62755902690623,0.03223349418868904,0.41074659247824896,Partial recovery,-0.6205548319954094,NA,NA,Not observed before next drought,-0.659792521094919,-0.07847537819901929,0.07847537819901929
npp,2y,8,1994,1994,1995,TRUE,-0.62755902690623,1995,-0.7180448864484983,0.7180448864484983,1,0.09048585954226829,-0.7180448864484983,0,0,No recovery,-0.6728019566773642,NA,NA,Not observed before next drought,-0.6715636326878863,-0.044004605781656325,0.044004605781656325
npp,2y,9,1996,1996,1997,TRUE,-0.7180448864484983,1997,-0.727392201469462,0.727392201469462,1,0.009347315020963753,-0.727392201469462,0,0,No recovery,-0.7227185439589802,NA,NA,Not observed before next drought,-0.6377872762851471,0.0802576101633512,0
npp,2y,10,1998,1998,1999,TRUE,-0.727392201469462,1998,-0.7997744432995633,0.7997744432995633,0,0.07238224183010122,-0.5224865012320318,0.2772879420675315,3.8308835849322533,Complete recovery,-0.7635833223845127,1999,1,Observed,-0.7997744432995633,-0.07238224183010122,0.07238224183010122
npp,2y,11,2000,2000,2001,TRUE,-0.5224865012320318,2001,-0.5164167668831058,0.5164167668831058,1,0,-0.5164167668831058,0,NA,No incremental loss,NA,NA,NA,Not applicable: no incremental loss,-0.42892089683814477,0.093565604393887,0
npp,2y,12,2002,2002,2003,TRUE,-0.5164167668831058,2003,-0.6865617688774136,0.6865617688774136,1,0.17014500199430782,-0.6865617688774136,0,0,No recovery,-0.6014892678802597,NA,NA,Not observed before next drought,-0.5985373137057844,-0.08212054682267866,0.08212054682267866
npp,2y,13,2004,2004,2005,TRUE,-0.6865617688774136,2005,-0.7999534422292618,0.7999534422292618,1,0.11339167335184819,-0.7999534422292618,0,0,No recovery,-0.7432576055533378,NA,NA,Not observed before next drought,-0.7954760758913983,-0.10891430701398475,0.10891430701398475
npp,2y,14,2006,2006,2007,TRUE,-0.7999534422292618,2007,-1,1,1,0.2000465577707382,-1,0,0,No recovery,-0.8999767211146309,NA,NA,Not observed before next drought,-0.8564251077265986,-0.05647166549733684,0.05647166549733684
photo,8y,1,1980,1980,1987,TRUE,0,1983,-0.01440220222891366,0.01440220222891366,3,0.01440220222891366,-0.010325902229450085,0.004076299999463575,0.28303310387352093,Partial recovery,-0.00720110111445683,1984,1,Observed,-0.006990590006066003,-0.006990590006066003,0.006990590006066003
photo,8y,2,1988,1988,1995,TRUE,-0.010325902229450085,1992,-0.024866438245595642,0.024866438245595642,4,0.014540536016145557,-0.017983617414609358,0.0068828208309862846,0.47335399625871566,Partial recovery,-0.017596170237522864,1994,2,Observed,-0.011288631469632337,-9.627292401822515e-4,9.627292401822515e-4
photo,8y,3,1996,1996,2003,TRUE,-0.017983617414609358,1997,-0.060045999761021325,0.060045999761021325,1,0.042062382346411964,-0.04172830284752143,0.018317696913499895,0.4354888118947082,Partial recovery,-0.03901480858781534,1999,2,Observed,-0.017022521287890186,9.610961267191714e-4,0
photo,8y,4,2004,2004,2011,TRUE,-0.04172830284752143,2010,-0.24239193923293656,0.24239193923293656,6,0.20066363638541512,-0.19379532372891203,0.048596615504024526,0.24217948194004066,Partial recovery,-0.142060121040229,NA,NA,Not observed before next drought,-0.09060115524592587,-0.048872852398404436,0.048872852398404436
photo,8y,5,2012,2012,2016,FALSE,-0.19379532372891203,2015,-0.4482649519167923,0.4482649519167923,3,0.2544696281878802,-0.41215568095833144,0.03610927095846084,0.14190012071617683,Partial recovery,-0.32103013782285217,NA,NA,Not observed before simulation end,-0.42489249692239695,-0.2310971731934849,0.2310971731934849
photo,6y,1,1980,1980,1985,TRUE,0,1983,-0.01440220222891366,0.01440220222891366,3,0.01440220222891366,-0.00637452853405376,0.0080276736948599,0.5573920965186597,Partial recovery,-0.00720110111445683,1984,1,Observed,-0.006990590006066003,-0.006990590006066003,0.006990590006066003
photo,6y,2,1986,1986,1991,TRUE,-0.00637452853405376,1989,-0.024285357140634345,0.024285357140634345,3,0.017910828606580585,-0.024217184323424814,6.817281720953097e-5,0.0038062346922622956,Partial recovery,-0.015329942837344053,1990,1,Observed,-0.01632641780118289,-0.00995188926712913,0.00995188926712913
photo,6y,3,1992,1992,1997,TRUE,-0.024217184323424814,1993,-0.06439172933605765,0.06439172933605765,1,0.04017454501263283,-0.06215879860739504,0.0022329307286626104,0.055580734715488835,Partial recovery,-0.04430445682974123,1996,3,Observed,-0.0632988934092777,-0.039081709085852886,0.039081709085852886
photo,6y,4,1998,1998,2003,TRUE,-0.06215879860739504,2003,-0.24613246756948148,0.24613246756948148,5,0.18397366896208645,-0.24613246756948148,0,0,No recovery,-0.15414563308843826,NA,NA,Not observed before next drought,-0.1366529475857343,-0.07449414897833925,0.07449414897833925
photo,6y,5,2004,2004,2009,TRUE,-0.24613246756948148,2005,-0.4038566707701369,0.4038566707701369,1,0.15772420320065544,-0.36769737380550893,0.036159296964627996,0.2292564884200203,Partial recovery,-0.3249945691698092,2008,3,Observed,-0.401669386100598,-0.1555369185311165,0.1555369185311165
photo,6y,6,2010,2010,2015,TRUE,-0.36769737380550893,2012,-0.5086034068492763,0.5086034068492763,2,0.14090603304376736,-0.47686644483940427,0.03173696200987203,0.22523494079216672,Partial recovery,-0.4381503903273926,2014,2,Observed,-0.4494766483711646,-0.08177927456565565,0.08177927456565565
photo,6y,7,2016,2016,2016,FALSE,-0.47686644483940427,2016,-0.4892410956363992,0.4892410956363992,0,0.012374650796994957,-0.4892410956363992,0,0,No recovery,-0.48305377023790175,NA,NA,Not observed before simulation end,-0.4892410956363992,-0.012374650796994957,0.012374650796994957
photo,4y,1,1980,1980,1983,TRUE,0,1983,-0.01440220222891366,0.01440220222891366,3,0.01440220222891366,-0.01440220222891366,0,0,No recovery,-0.00720110111445683,NA,NA,Not observed before next drought,-0.006990590006066003,-0.006990590006066003,0.006990590006066003
photo,4y,2,1984,1984,1987,TRUE,-0.01440220222891366,1987,-0.018608521396125607,0.018608521396125607,3,0.0042063191672119474,-0.018608521396125607,0,0,No recovery,-0.016505361812519635,NA,NA,Not observed before next drought,-0.011369607728291174,0.0030325945006224857,0
photo,4y,3,1988,1988,1991,TRUE,-0.018608521396125607,1991,-0.05088748937332849,0.05088748937332849,3,0.03227896797720288,-0.05088748937332849,0,0,No recovery,-0.03474800538472705,NA,NA,Not observed before next drought,-0.03515245094302968,-0.01654392954690407,0.01654392954690407
photo,4y,4,1992,1992,1995,TRUE,-0.05088748937332849,1995,-0.3109441606883702,0.3109441606883702,3,0.26005667131504173,-0.3109441606883702,0,0,No recovery,-0.18091582503084935,NA,NA,Not observed before next drought,-0.22943003494757966,-0.17854254557425117,0.17854254557425117
photo,4y,5,1996,1996,1999,TRUE,-0.3109441606883702,1998,-0.401004605092083,0.401004605092083,2,0.0900604444037128,-0.3360009706030951,0.06500363448898794,0.7217778561873066,Partial recovery,-0.35597438289022665,1999,1,Observed,-0.22358081337704466,0.08736334731132556,0
photo,4y,6,2000,2000,2003,TRUE,-0.3360009706030951,2002,-0.45960084450555794,0.45960084450555794,2,0.12359987390246285,-0.43427429384647254,0.0253265506590854,0.20490757684001765,Partial recovery,-0.3978009075543265,NA,NA,Not observed before next drought,-0.41786314379409656,-0.08186217319100147,0.08186217319100147
photo,4y,7,2004,2004,2007,TRUE,-0.43427429384647254,2005,-0.5146231509495226,0.5146231509495226,1,0.08034885710305006,-0.4724006748398083,0.0422224761097143,0.525489442314812,Partial recovery,-0.47444872239799757,2007,2,Observed,-0.4704087917646812,-0.03613449791820866,0.03613449791820866
photo,4y,8,2008,2008,2011,TRUE,-0.4724006748398083,2009,-0.5393381174340479,0.5393381174340479,1,0.06693744259423962,-0.3178008557885433,0.22153726164550464,3.309616457688948,Complete recovery,-0.505869396136928,2010,1,Observed,-0.4816197971281504,-0.009219122288342096,0.009219122288342096
photo,4y,9,2012,2012,2015,TRUE,-0.3178008557885433,2013,-0.436547077470541,0.436547077470541,1,0.11874622168199772,-0.3960576788504414,0.04048939862009959,0.34097420571856313,Partial recovery,-0.37717396662954217,NA,NA,Not observed before next drought,-0.4095010042217208,-0.09170014843317753,0.09170014843317753
photo,4y,10,2016,2016,2016,FALSE,-0.3960576788504414,2016,-0.485213723021462,0.485213723021462,0,0.08915604417102058,-0.485213723021462,0,0,No recovery,-0.4406357009359517,NA,NA,Not observed before simulation end,-0.485213723021462,-0.08915604417102058,0.08915604417102058
photo,2y,1,1980,1980,1981,TRUE,0,1981,-0.00864668727493186,0.00864668727493186,1,0.00864668727493186,-0.00864668727493186,0,0,No recovery,-0.00432334363746593,NA,NA,Not observed before next drought,-0.006990590006066003,-0.006990590006066003,0.006990590006066003
photo,2y,2,1982,1982,1983,TRUE,-0.00864668727493186,1983,-0.03260686929966187,0.03260686929966187,1,0.023960182024730006,-0.03260686929966187,0,0,No recovery,-0.020626778287296865,NA,NA,Not observed before next drought,-0.030938502864737177,-0.022291815589805315,0.022291815589805315
photo,2y,3,1984,1984,1985,TRUE,-0.03260686929966187,1985,-0.035977746662025405,0.035977746662025405,1,0.0033708773623635363,-0.035977746662025405,0,0,No recovery,-0.034292307980843637,NA,NA,Not observed before next drought,-0.027211716125042428,0.00539515317461944,0
photo,2y,4,1986,1986,1987,TRUE,-0.035977746662025405,1987,-0.09682693026489035,0.09682693026489035,1,0.06084918360286495,-0.09682693026489035,0,0,No recovery,-0.06640233846345787,NA,NA,Not observed before next drought,-0.04108653390757118,-0.005108787245545775,0.005108787245545775
photo,2y,5,1988,1988,1989,TRUE,-0.09682693026489035,1988,-0.27927891589294224,0.27927891589294224,0,0.18245198562805187,-0.25196824622080227,0.027310669672139964,0.14968688654238996,Partial recovery,-0.1880529230789163,NA,NA,Not observed before next drought,-0.27927891589294224,-0.18245198562805187,0.18245198562805187
photo,2y,6,1990,1990,1991,TRUE,-0.25196824622080227,1990,-0.4540606160103182,0.4540606160103182,0,0.20209236978951595,-0.45213717262051356,0.0019234433898046577,0.00951764478692575,Partial recovery,-0.35301443111556025,NA,NA,Not observed before next drought,-0.4540606160103182,-0.20209236978951595,0.20209236978951595
photo,2y,7,1992,1992,1993,TRUE,-0.45213717262051356,1992,-0.5200607786406461,0.5200607786406461,0,0.06792360602013259,-0.4992366972845963,0.02082408135604985,0.3065809160644031,Partial recovery,-0.48609897563057985,NA,NA,Not observed before next drought,-0.5200607786406461,-0.06792360602013259,0.06792360602013259
photo,2y,8,1994,1994,1995,TRUE,-0.4992366972845963,1995,-0.579183591456781,0.579183591456781,1,0.0799468941721847,-0.579183591456781,0,0,No recovery,-0.5392101443706887,NA,NA,Not observed before next drought,-0.5356800018578871,-0.03644330457329081,0.03644330457329081
photo,2y,9,1996,1996,1997,TRUE,-0.579183591456781,1997,-0.5949591577119026,0.5949591577119026,1,0.015775566255121554,-0.5949591577119026,0,0,No recovery,-0.5870713745843418,NA,NA,Not observed before next drought,-0.5071328125916225,0.07205077886515854,0
photo,2y,10,1998,1998,1999,TRUE,-0.5949591577119026,1998,-0.6750932596651134,0.6750932596651134,0,0.0801341019532108,-0.42946805691033363,0.24562520275477973,3.0651769567243283,Complete recovery,-0.6350262086885079,1999,1,Observed,-0.6750932596651134,-0.0801341019532108,0.0801341019532108
photo,2y,11,2000,2000,2001,TRUE,-0.42946805691033363,2001,-0.414963544023033,0.414963544023033,1,0,-0.414963544023033,0,NA,No incremental loss,NA,NA,NA,Not applicable: no incremental loss,-0.33551306153209604,0.0939549953782376,0
photo,2y,12,2002,2002,2003,TRUE,-0.414963544023033,2003,-0.561206435865008,0.561206435865008,1,0.14624289184197498,-0.561206435865008,0,0,No recovery,-0.4880849899440205,NA,NA,Not observed before next drought,-0.47744577020051177,-0.062482226177478783,0.062482226177478783
photo,2y,13,2004,2004,2005,TRUE,-0.561206435865008,2005,-0.6631636774701216,0.6631636774701216,1,0.10195724160511366,-0.6631636774701216,0,0,No recovery,-0.6121850566675648,NA,NA,Not observed before next drought,-0.658009061284279,-0.0968026254192711,0.0968026254192711
photo,2y,14,2006,2006,2007,TRUE,-0.6631636774701216,2007,-1,1,1,0.3368363225298784,-1,0,0,No recovery,-0.8315818387350609,NA,NA,Not observed before next drought,-0.7454955226015131,-0.08233184513139147,0.08233184513139147
cleaf,8y,1,1980,1980,1987,TRUE,0,1983,-0.010530043755348797,0.010530043755348797,3,0.010530043755348797,-0.004742907960237343,0.005787135795111454,0.5495832619092247,Partial recovery,-0.005265021877674398,1984,1,Observed,0.002156896400335298,0.002156896400335298,0
cleaf,8y,2,1988,1988,1995,TRUE,-0.004742907960237343,1989,-0.014793863907491354,0.014793863907491354,1,0.010050955947254012,-0.0133673663216744,0.0014264975858169545,0.1419265583595243,Partial recovery,-0.009768385933864348,1990,1,Observed,5.132228941481422e-4,0.0052561308543854855,0
cleaf,8y,3,1996,1996,2003,TRUE,-0.0133673663216744,1998,-0.0306517679885756,0.0306517679885756,2,0.0172844016669012,-0.023197696308803483,0.007454071679772117,0.4312600356913891,Partial recovery,-0.022009567155125,1999,1,Observed,0.008250865431910604,0.021618231753585,0
cleaf,8y,4,2004,2004,2011,TRUE,-0.023197696308803483,2011,-0.12264097383502004,0.12264097383502004,7,0.09944327752621655,-0.12264097383502004,0,0,No recovery,-0.07291933507191176,NA,NA,Not observed before next drought,-0.03200705994977295,-0.008809363640969469,0.008809363640969469
cleaf,8y,5,2012,2012,2016,FALSE,-0.12264097383502004,2015,-0.22910786348480977,0.22910786348480977,3,0.10646688964978973,-0.19518137920790213,0.03392648427690764,0.3186576069659291,Partial recovery,-0.1758744186599149,NA,NA,Not observed before simulation end,-0.19916759062857933,-0.0765266167935593,0.0765266167935593
cleaf,6y,1,1980,1980,1985,TRUE,0,1983,-0.010530043755348797,0.010530043755348797,3,0.010530043755348797,-0.001686964161140247,0.00884307959420855,0.8397951423247085,Partial recovery,-0.005265021877674398,1984,1,Observed,0.002156896400335298,0.002156896400335298,0
cleaf,6y,2,1986,1986,1991,TRUE,-0.001686964161140247,1989,-0.031119750806095976,0.031119750806095976,3,0.02943278664495573,-0.014861436106557248,0.01625831469953873,0.5523878827941398,Partial recovery,-0.01640335748361811,1990,1,Observed,-0.005468660983469145,-0.003781696822328898,0.003781696822328898
cleaf,6y,3,1992,1992,1997,TRUE,-0.014861436106557248,1994,-0.04142182558023542,0.04142182558023542,2,0.02656038947367817,-0.016393159397565808,0.02502866618266961,0.942330541028906,Partial recovery,-0.028141630843396333,1995,1,Observed,-0.01211287062294953,0.002748565483607718,0
cleaf,6y,4,1998,1998,2003,TRUE,-0.016393159397565808,2003,-0.10558489396451687,0.10558489396451687,5,0.08919173456695106,-0.10558489396451687,0,0,No recovery,-0.060989026681041336,NA,NA,Not observed before next drought,-0.04412688762693678,-0.02773372822937097,0.02773372822937097
cleaf,6y,5,2004,2004,2009,TRUE,-0.10558489396451687,2004,-0.2003591986445108,0.2003591986445108,0,0.09477430467999393,-0.19284776725288322,0.0075114313916275766,0.07925599050280532,Partial recovery,-0.15297204630451383,2008,4,Observed,-0.2003591986445108,-0.09477430467999393,0.09477430467999393
cleaf,6y,6,2010,2010,2015,TRUE,-0.19284776725288322,2012,-0.250348310157031,0.250348310157031,2,0.0575005429041478,-0.22056381846261855,0.029784491694412468,0.5179862691742335,Partial recovery,-0.22159803870495712,2013,1,Observed,-0.19691994039108618,-0.004072173138202961,0.004072173138202961
cleaf,6y,7,2016,2016,2016,FALSE,-0.22056381846261855,2016,-0.23323497047927944,0.23323497047927944,0,0.012671152016660886,-0.23323497047927944,0,0,No recovery,-0.22689939447094898,NA,NA,Not observed before simulation end,-0.23323497047927944,-0.012671152016660886,0.012671152016660886
cleaf,4y,1,1980,1980,1983,TRUE,0,1983,-0.010530043755348797,0.010530043755348797,3,0.010530043755348797,-0.010530043755348797,0,0,No recovery,-0.005265021877674398,NA,NA,Not observed before next drought,0.002156896400335298,0.002156896400335298,0
cleaf,4y,2,1984,1984,1987,TRUE,-0.010530043755348797,1986,-0.0065593636806189366,0.0065593636806189366,2,0,0.0059537253003514165,0.012513088980970352,NA,No incremental loss,NA,NA,NA,Not applicable: no incremental loss,-0.0034594699461669405,0.007070573809181856,0
cleaf,4y,3,1988,1988,1991,TRUE,0.0059537253003514165,1989,-0.032961144195180606,0.032961144195180606,1,0.03891486949553202,-0.02156204512246555,0.011399099072715056,0.2929239959040293,Partial recovery,-0.013503709447414594,1990,1,Observed,-0.014392709438860004,-0.02034643473921142,0.02034643473921142
cleaf,4y,4,1992,1992,1995,TRUE,-0.02156204512246555,1995,-0.13896893897447143,0.13896893897447143,3,0.11740689385200588,-0.13896893897447143,0,0,No recovery,-0.0802654920484685,NA,NA,Not observed before next drought,-0.06351490169283315,-0.0419528565703676,0.0419528565703676
cleaf,4y,5,1996,1996,1999,TRUE,-0.13896893897447143,1997,-0.1970071026603394,0.1970071026603394,1,0.05803816368586798,-0.1552647069346906,0.041742395725648807,0.7192232330364526,Partial recovery,-0.16798802081740544,1999,2,Observed,-0.08266682578904536,0.05630211318542608,0
cleaf,4y,6,2000,2000,2003,TRUE,-0.1552647069346906,2001,-0.22377516246970833,0.22377516246970833,1,0.06851045553501772,-0.1997465287236868,0.024028633746021516,0.35072944061421063,Partial recovery,-0.18951993470219947,NA,NA,Not observed before next drought,-0.20348812929569035,-0.048223422360999746,0.048223422360999746
cleaf,4y,7,2004,2004,2007,TRUE,-0.1997465287236868,2007,-0.24827317266715937,0.24827317266715937,3,0.04852664394347256,-0.24827317266715937,0,0,No recovery,-0.2240098506954231,NA,NA,Not observed before next drought,-0.20660655613259657,-0.006860027408909758,0.006860027408909758
cleaf,4y,8,2008,2008,2011,TRUE,-0.24827317266715937,2009,-0.2906273313336767,0.2906273313336767,1,0.042354158666517316,-0.10024926574579805,0.19037806558787862,4.494908447759587,Complete recovery,-0.26945025200041806,2010,1,Observed,-0.2377430823269494,0.010530090340209963,0
cleaf,4y,9,2012,2012,2015,TRUE,-0.10024926574579805,2012,-0.16574480089411014,0.16574480089411014,0,0.06549553514831209,-0.15585952835150435,0.009885272542605794,0.15093047976813959,Partial recovery,-0.1329970333199541,NA,NA,Not observed before next drought,-0.16574480089411014,-0.06549553514831209,0.06549553514831209
cleaf,4y,10,2016,2016,2016,FALSE,-0.15585952835150435,2016,-0.20901623853053214,0.20901623853053214,0,0.05315671017902779,-0.20901623853053214,0,0,No recovery,-0.18243788344101824,NA,NA,Not observed before simulation end,-0.20901623853053214,-0.05315671017902779,0.05315671017902779
cleaf,2y,1,1980,1980,1981,TRUE,0,1981,-0.003987950172191445,0.003987950172191445,1,0.003987950172191445,-0.003987950172191445,0,0,No recovery,-0.0019939750860957224,NA,NA,Not observed before next drought,0.002156896400335298,0.002156896400335298,0
cleaf,2y,2,1982,1982,1983,TRUE,-0.003987950172191445,1983,-0.0353964456558035,0.0353964456558035,1,0.031408495483612055,-0.0353964456558035,0,0,No recovery,-0.019692197913997473,NA,NA,Not observed before next drought,-0.004144054480239231,-1.5610430804778586e-4,1.5610430804778586e-4
cleaf,2y,3,1984,1984,1985,TRUE,-0.0353964456558035,1985,-0.017929995093360455,0.017929995093360455,1,0,-0.017929995093360455,0,NA,No incremental loss,NA,NA,NA,Not applicable: no incremental loss,0.0037517832903760048,0.0391482289461795,0
cleaf,2y,4,1986,1986,1987,TRUE,-0.017929995093360455,1987,-0.03613355507632122,0.03613355507632122,1,0.018203559982960762,-0.03613355507632122,0,0,No recovery,-0.027031775084840837,NA,NA,Not observed before next drought,-0.0021081666116793923,0.015821828481681063,0
cleaf,2y,5,1988,1988,1989,TRUE,-0.03613355507632122,1988,-0.11543066223842965,0.11543066223842965,0,0.07929710716210844,-0.11067656465364983,0.004754097584779821,0.059952976280218354,Partial recovery,-0.07578210865737543,NA,NA,Not observed before next drought,-0.11543066223842965,-0.07929710716210844,0.07929710716210844
cleaf,2y,6,1990,1990,1991,TRUE,-0.11067656465364983,1990,-0.21530479273125885,0.21530479273125885,0,0.10462822807760902,-0.21296731830044136,0.002337474430817499,0.022340762849234665,Partial recovery,-0.16299067869245434,NA,NA,Not observed before next drought,-0.21530479273125885,-0.10462822807760902,0.10462822807760902
cleaf,2y,7,1992,1992,1993,TRUE,-0.21296731830044136,1993,-0.2451083760566143,0.2451083760566143,1,0.03214105775617296,-0.2451083760566143,0,0,No recovery,-0.22903784717852782,NA,NA,Not observed before next drought,-0.2418077721123343,-0.028840453811892958,0.028840453811892958
cleaf,2y,8,1994,1994,1995,TRUE,-0.2451083760566143,1995,-0.2650405335632413,0.2650405335632413,1,0.019932157506626996,-0.2650405335632413,0,0,No recovery,-0.2550744548099278,NA,NA,Not observed before next drought,-0.25213449997252896,-0.007026123915914645,0.007026123915914645
cleaf,2y,9,1996,1996,1997,TRUE,-0.2650405335632413,1997,-0.28257682055780314,0.28257682055780314,1,0.017536286994561834,-0.28257682055780314,0,0,No recovery,-0.27380867706052225,NA,NA,Not observed before next drought,-0.2182492104812871,0.04679132308195422,0
cleaf,2y,10,1998,1998,1999,TRUE,-0.28257682055780314,1998,-0.3474495520536427,0.3474495520536427,0,0.06487273149583955,-0.21683538310150702,0.13061416895213568,2.0133909262093006,Complete recovery,-0.31501318630572295,1999,1,Observed,-0.3474495520536427,-0.06487273149583955,0.06487273149583955
cleaf,2y,11,2000,2000,2001,TRUE,-0.21683538310150702,2001,-0.191970722124033,0.191970722124033,1,0,-0.191970722124033,0,NA,No incremental loss,NA,NA,NA,Not applicable: no incremental loss,-0.12144267701993791,0.0953927060815691,0
cleaf,2y,12,2002,2002,2003,TRUE,-0.191970722124033,2003,-0.2941568689047362,0.2941568689047362,1,0.1021861467807032,-0.2941568689047362,0,0,No recovery,-0.2430637955143846,NA,NA,Not observed before next drought,-0.21333493919573043,-0.021364217071697444,0.021364217071697444
cleaf,2y,13,2004,2004,2005,TRUE,-0.2941568689047362,2004,-0.3329788166274976,0.3329788166274976,0,0.03882194772276143,-0.32087355728633826,0.012105259341159358,0.31181483802941723,Partial recovery,-0.31356784276611693,NA,NA,Not observed before next drought,-0.3329788166274976,-0.03882194772276143,0.03882194772276143
cleaf,2y,14,2006,2006,2007,TRUE,-0.32087355728633826,2007,-1,1,1,0.6791264427136617,-1,0,0,No recovery,-0.6604367786431691,NA,NA,Not observed before next drought,-0.46202046019599663,-0.14114690290965837,0.14114690290965837
croot,8y,1,1980,1980,1987,TRUE,0,1983,-0.010992204790717549,0.010992204790717549,3,0.010992204790717549,-0.00424028567139053,0.006751919119327019,0.6142461178515095,Partial recovery,-0.0054961023953587745,1984,1,Observed,0.002420282665799006,0.002420282665799006,0
croot,8y,2,1988,1988,1995,TRUE,-0.00424028567139053,1989,-0.015167775525084401,0.015167775525084401,1,0.010927489853693871,-0.014190872426150922,9.76903098933479e-4,0.08939867362157758,Partial recovery,-0.009704030598237465,1990,1,Observed,4.907988489633229e-4,0.004731084520353853,0
croot,8y,3,1996,1996,2003,TRUE,-0.014190872426150922,1998,-0.030255614893920223,0.030255614893920223,2,0.016064742467769302,-0.023012655690019458,0.0072429592039007645,0.4508605860587131,Partial recovery,-0.02222324366003557,1999,1,Observed,0.009302785336496002,0.023493657762646926,0
croot,8y,4,2004,2004,2011,TRUE,-0.023012655690019458,2011,-0.12602724858369332,0.12602724858369332,7,0.10301459289367387,-0.12602724858369332,0,0,No recovery,-0.07451995213685639,NA,NA,Not observed before next drought,-0.0296697131921491,-0.006657057502129641,0.006657057502129641
croot,8y,5,2012,2012,2016,FALSE,-0.12602724858369332,2015,-0.23827032615131538,0.23827032615131538,3,0.11224307756762206,-0.20271196943161077,0.035558356719704615,0.3167977704307163,Partial recovery,-0.18214878736750434,NA,NA,Not observed before simulation end,-0.20737532945619055,-0.08134808087249723,0.08134808087249723
croot,6y,1,1980,1980,1985,TRUE,0,1983,-0.010992204790717549,0.010992204790717549,3,0.010992204790717549,-0.0021937726874941624,0.008798432103223387,0.8004246891991396,Partial recovery,-0.0054961023953587745,1984,1,Observed,0.002420282665799006,0.002420282665799006,0
croot,6y,2,1986,1986,1991,TRUE,-0.0021937726874941624,1989,-0.03179791695710463,0.03179791695710463,3,0.029604144269610465,-0.014768903336109505,0.017029013620995122,0.575223977626535,Partial recovery,-0.016995844822299395,1990,1,Observed,-0.005134910123536962,-0.0029411374360428,0.0029411374360428
croot,6y,3,1992,1992,1997,TRUE,-0.014768903336109505,1994,-0.04162016809090438,0.04162016809090438,2,0.026851264754794876,-0.014434260960923638,0.027185907129980744,1.0124628161184144,Complete recovery,-0.02819453571350694,1995,1,Observed,-0.010167323191424552,0.0046015801446849525,0
croot,6y,4,1998,1998,2003,TRUE,-0.014434260960923638,2003,-0.10669836537354375,0.10669836537354375,5,0.09226410441262012,-0.10669836537354375,0,0,No recovery,-0.060566313167233696,NA,NA,Not observed before next drought,-0.04217595972609498,-0.027741698765171345,0.027741698765171345
croot,6y,5,2004,2004,2009,TRUE,-0.10669836537354375,2004,-0.20689432175034989,0.20689432175034989,0,0.10019595637680613,-0.1983051133316743,0.008589208418675581,0.08572410234175733,Partial recovery,-0.15679634356194683,2008,4,Observed,-0.20689432175034989,-0.10019595637680613,0.10019595637680613
croot,6y,6,2010,2010,2015,TRUE,-0.1983051133316743,2012,-0.26324900262298917,0.26324900262298917,2,0.06494388929131487,-0.23089820125847954,0.03235080136450963,0.4981346469626357,Partial recovery,-0.23077705797733172,2013,1,Observed,-0.20578862559634178,-0.00748351226466748,0.00748351226466748
croot,6y,7,2016,2016,2016,FALSE,-0.23089820125847954,2016,-0.24355468313527576,0.24355468313527576,0,0.012656481876796216,-0.24355468313527576,0,0,No recovery,-0.23722644219687766,NA,NA,Not observed before simulation end,-0.24355468313527576,-0.012656481876796216,0.012656481876796216
croot,4y,1,1980,1980,1983,TRUE,0,1983,-0.010992204790717549,0.010992204790717549,3,0.010992204790717549,-0.010992204790717549,0,0,No recovery,-0.0054961023953587745,NA,NA,Not observed before next drought,0.002420282665799006,0.002420282665799006,0
croot,4y,2,1984,1984,1987,TRUE,-0.010992204790717549,1986,-0.00624655340443257,0.00624655340443257,2,0,0.007088295038192636,0.013334848442625207,NA,No incremental loss,NA,NA,NA,Not applicable: no incremental loss,-0.003487030986461661,0.007505173804255888,0
croot,4y,3,1988,1988,1991,TRUE,0.007088295038192636,1989,-0.033845218563947795,0.033845218563947795,1,0.04093351360214043,-0.0207678768070423,0.013077341756905496,0.31947762618212366,Partial recovery,-0.013378461762877578,1990,1,Observed,-0.014091560639119708,-0.021179855677312343,0.021179855677312343
croot,4y,4,1992,1992,1995,TRUE,-0.0207678768070423,1995,-0.14292966216677166,0.14292966216677166,3,0.12216178535972937,-0.14292966216677166,0,0,No recovery,-0.08184876948690697,NA,NA,Not observed before next drought,-0.06327715582633979,-0.04250927901929749,0.04250927901929749
croot,4y,5,1996,1996,1999,TRUE,-0.14292966216677166,1997,-0.20388189935218057,0.20388189935218057,1,0.0609522371854089,-0.159053507297136,0.044828392055044575,0.7354675418833659,Partial recovery,-0.1734057807594761,1999,2,Observed,-0.08354922830817793,0.059380433858593734,0
croot,4y,6,2000,2000,2003,TRUE,-0.159053507297136,2001,-0.23449160600050412,0.23449160600050412,1,0.07543809870336812,-0.20905948522633508,0.025432120774169037,0.33712568597693937,Partial recovery,-0.19677255664882004,NA,NA,Not observed before next drought,-0.21085447160889725,-0.05180096431176126,0.05180096431176126
croot,4y,7,2004,2004,2007,TRUE,-0.20905948522633508,2007,-0.258829773972145,0.258829773972145,3,0.04977028874580994,-0.258829773972145,0,0,No recovery,-0.23394462959924006,NA,NA,Not observed before next drought,-0.21731876180896306,-0.008259276582627983,0.008259276582627983
croot,4y,8,2008,2008,2011,TRUE,-0.258829773972145,2009,-0.3022041943437576,0.3022041943437576,1,0.0433744203716126,-0.10594599275485894,0.19625820158889867,4.524745227888842,Complete recovery,-0.28051698415795134,2010,1,Observed,-0.2472149105905256,0.011614863381619406,0
croot,4y,9,2012,2012,2015,TRUE,-0.10594599275485894,2012,-0.17647541899124816,0.17647541899124816,0,0.07052942623638922,-0.16520564130722543,0.011269777684022736,0.1597883080212577,Partial recovery,-0.14121070587305357,NA,NA,Not observed before next drought,-0.17647541899124816,-0.07052942623638922,0.07052942623638922
croot,4y,10,2016,2016,2016,FALSE,-0.16520564130722543,2016,-0.21943097956530494,0.21943097956530494,0,0.054225338258079514,-0.21943097956530494,0,0,No recovery,-0.19231831043626518,NA,NA,Not observed before simulation end,-0.21943097956530494,-0.054225338258079514,0.054225338258079514
croot,2y,1,1980,1980,1981,TRUE,0,1981,-0.003667829598645394,0.003667829598645394,1,0.003667829598645394,-0.003667829598645394,0,0,No recovery,-0.001833914799322697,NA,NA,Not observed before next drought,0.002420282665799006,0.002420282665799006,0
croot,2y,2,1982,1982,1983,TRUE,-0.003667829598645394,1983,-0.03762410593469519,0.03762410593469519,1,0.03395627633604979,-0.03762410593469519,0,0,No recovery,-0.02064596776667029,NA,NA,Not observed before next drought,-0.004339351905167977,-6.715223065225828e-4,6.715223065225828e-4
croot,2y,3,1984,1984,1985,TRUE,-0.03762410593469519,1985,-0.01788006582341532,0.01788006582341532,1,0,-0.01788006582341532,0,NA,No incremental loss,NA,NA,NA,Not applicable: no incremental loss,0.0052164885905487575,0.04284059452524394,0
croot,2y,4,1986,1986,1987,TRUE,-0.01788006582341532,1987,-0.03476572451175152,0.03476572451175152,1,0.016885658688336202,-0.03476572451175152,0,0,No recovery,-0.02632289516758342,NA,NA,Not observed before next drought,-4.37642347522333e-4,0.017442423475892987,0
croot,2y,5,1988,1988,1989,TRUE,-0.03476572451175152,1988,-0.11802806526475364,0.11802806526475364,0,0.08326234075300212,-0.11278878358255268,0.005239281682200961,0.06292498667246575,Partial recovery,-0.07639689488825258,NA,NA,Not observed before next drought,-0.11802806526475364,-0.08326234075300212,0.08326234075300212
croot,2y,6,1990,1990,1991,TRUE,-0.11278878358255268,1990,-0.22545006613141091,0.22545006613141091,0,0.11266128254885824,-0.22374935193646775,0.0017007141949431648,0.015095817804183169,Partial recovery,-0.16911942485698178,NA,NA,Not observed before next drought,-0.22545006613141091,-0.11266128254885824,0.11266128254885824
croot,2y,7,1992,1992,1993,TRUE,-0.22374935193646775,1993,-0.25639975176465357,0.25639975176465357,1,0.03265039982818582,-0.25639975176465357,0,0,No recovery,-0.24007455185056065,NA,NA,Not observed before next drought,-0.2551074616197985,-0.031358109683330776,0.031358109683330776
croot,2y,8,1994,1994,1995,TRUE,-0.25639975176465357,1995,-0.27913201540230426,0.27913201540230426,1,0.022732263637650685,-0.27913201540230426,0,0,No recovery,-0.2677658835834789,NA,NA,Not observed before next drought,-0.2642388100891565,-0.007839058324502934,0.007839058324502934
croot,2y,9,1996,1996,1997,TRUE,-0.27913201540230426,1997,-0.295263993783671,0.295263993783671,1,0.016131978381366763,-0.295263993783671,0,0,No recovery,-0.2871980045929876,NA,NA,Not observed before next drought,-0.230785749784644,0.048346265617660256,0
croot,2y,10,1998,1998,1999,TRUE,-0.295263993783671,1998,-0.3601589121570225,0.3601589121570225,0,0.06489491837335148,-0.22492147629537423,0.13523743586164827,2.0839449259124474,Complete recovery,-0.32771145297034676,1999,1,Observed,-0.3601589121570225,-0.06489491837335148,0.06489491837335148
croot,2y,11,2000,2000,2001,TRUE,-0.22492147629537423,2001,-0.20031988050667168,0.20031988050667168,1,0,-0.20031988050667168,0,NA,No incremental loss,NA,NA,NA,Not applicable: no incremental loss,-0.1261512886564352,0.09877018763893902,0
croot,2y,12,2002,2002,2003,TRUE,-0.20031988050667168,2003,-0.30797839603567895,0.30797839603567895,1,0.10765851552900726,-0.30797839603567895,0,0,No recovery,-0.2541491382711753,NA,NA,Not observed before next drought,-0.22416610862051228,-0.0238462281138406,0.0238462281138406
croot,2y,13,2004,2004,2005,TRUE,-0.30797839603567895,2004,-0.34630109644023005,0.34630109644023005,0,0.0383227004045511,-0.3358397176006782,0.010461378839551838,0.272981254690222,Partial recovery,-0.3271397462379545,NA,NA,Not observed before next drought,-0.34630109644023005,-0.0383227004045511,0.0383227004045511
croot,2y,14,2006,2006,2007,TRUE,-0.3358397176006782,2007,-1,1,1,0.6641602823993218,-1,0,0,No recovery,-0.6679198588003391,NA,NA,Not observed before next drought,-0.4720239747920635,-0.13618425719138527,0.13618425719138527
cwood,8y,1,1980,1980,1987,TRUE,0,1984,-0.015473919447988444,0.015473919447988444,4,0.015473919447988444,0.022437388355412712,0.037911307803401156,2.4500132581683753,Complete recovery,-0.007736959723994222,1985,1,Observed,0.03573151285073125,0.03573151285073125,0
cwood,8y,2,1988,1988,1995,TRUE,0.022437388355412712,1989,0.00852031105545358,0,NA,0.013917077299959132,0.04551712614083084,0.036996815085377256,2.6583753390150315,Complete recovery,0.015478849705433145,1991,2,Observed,0.035153653751980436,0.012716265396567724,0
cwood,8y,3,1996,1996,2003,TRUE,0.04551712614083084,1996,0.04005089556060103,0,NA,0.005466230580229811,0.09160789558013795,0.05155700001953692,9.431910941702236,Complete recovery,0.04278401085071593,1997,1,Observed,0.04005089556060103,-0.005466230580229811,0.005466230580229811
cwood,8y,4,2004,2004,2011,TRUE,0.09160789558013795,2009,0.04742713956852736,0,NA,0.04418075601161059,0.2827887507344512,0.23536161116592386,5.327242727672461,Complete recovery,0.06951751757433265,2010,1,Observed,0.1327292801757992,0.04112138459566127,0
cwood,8y,5,2012,2012,2016,FALSE,0.2827887507344512,2013,0.10533386282222375,0,NA,0.17745488791222747,0.23878488693761019,0.13345102411538645,0.7520278854273873,Partial recovery,0.1940613067783375,2014,1,Observed,0.21028877248423644,-0.07249997825021476,0.07249997825021476
cwood,6y,1,1980,1980,1985,TRUE,0,1984,-0.015473919447988444,0.015473919447988444,4,0.015473919447988444,0.03978452587426844,0.05525844532225688,3.5710697285192525,Complete recovery,-0.007736959723994222,1985,1,Observed,0.03573151285073125,0.03573151285073125,0
cwood,6y,2,1986,1986,1991,TRUE,0.03978452587426844,1990,-0.009811051812996237,0.009811051812996237,4,0.04959557768726468,0.04244378225426621,0.052254834067262446,1.0536188205482002,Complete recovery,0.014986737030636101,1991,1,Observed,0.012049166568102164,-0.027735359306166274,0.027735359306166274
cwood,6y,3,1992,1992,1997,TRUE,0.04244378225426621,1993,-0.017769489890242903,0.017769489890242903,1,0.06021327214450911,0.1189435184018391,0.136713008292082,2.2704796371799394,Complete recovery,0.012337146182011653,1994,1,Observed,0.10170491455352061,0.0592611322992544,0
cwood,6y,4,1998,1998,2003,TRUE,0.1189435184018391,2000,0.24048640032643134,0,NA,0,0.3745120383623526,0.13402563803592124,NA,No incremental loss,NA,NA,NA,Not applicable: no incremental loss,0.334500700700743,0.21555718229890392,0
cwood,6y,5,2004,2004,2009,TRUE,0.3745120383623526,2005,0.25241179797878804,0,NA,0.12210024038356454,0.29239836462113833,0.039986566642350285,0.3274896635480558,Partial recovery,0.31346191817057034,NA,NA,Not observed before next drought,0.36892134502477303,-0.005590693337579555,0.005590693337579555
cwood,6y,6,2010,2010,2015,TRUE,0.29239836462113833,2013,0.0035403946765616163,0,NA,0.2888579699445767,0.15637452909422064,0.15283413441765903,0.5290978623403861,Partial recovery,0.14796937964884996,2014,1,Observed,0.16439972539101325,-0.12799863923012508,0.12799863923012508
cwood,6y,7,2016,2016,2016,FALSE,0.15637452909422064,2016,0.004931856485120898,0,NA,0.15144267260909974,0.004931856485120898,0,0,No recovery,0.08065319278967077,NA,NA,Not observed before simulation end,0.004931856485120898,-0.15144267260909974,0.15144267260909974
cwood,4y,1,1980,1980,1983,TRUE,0,1981,0.021060102113650635,0,NA,0,0.02167438691585235,6.142848022017144e-4,NA,No incremental loss,NA,NA,NA,Not applicable: no incremental loss,0.03573151285073125,0.03573151285073125,0
cwood,4y,2,1984,1984,1987,TRUE,0.02167438691585235,1984,0.01832713696563936,0,NA,0.003347249950212988,0.04573389321733431,0.027406756251694947,8.187842754303734,Complete recovery,0.020000761940745855,1985,1,Observed,0.01832713696563936,-0.003347249950212988,0.003347249950212988
cwood,4y,3,1988,1988,1991,TRUE,0.04573389321733431,1988,0.0351641042200093,0,NA,0.010569788997325011,0.15277839751189143,0.11761429329188214,11.127402195223368,Complete recovery,0.0404489987186718,1989,1,Observed,0.0351641042200093,-0.010569788997325011,0.010569788997325011
cwood,4y,4,1992,1992,1995,TRUE,0.15277839751189143,1993,0.14096229144110864,0,NA,0.01181610607078279,0.35066685841232775,0.20970456697121911,17.747349737300276,Complete recovery,0.14687034447650005,1994,1,Observed,0.2980382136150438,0.14525981610315236,0
cwood,4y,5,1996,1996,1999,TRUE,0.35066685841232775,1998,0.278186578243317,0,NA,0.07248028016901076,0.40811517690048393,0.12992859865716694,1.7926061868717562,Complete recovery,0.3144267183278224,1999,1,Observed,0.3048540767608954,-0.04581278165143238,0.04581278165143238
cwood,4y,6,2000,2000,2003,TRUE,0.40811517690048393,2003,0.11101324206888044,0,NA,0.2971019348316035,0.11101324206888044,0,0,No recovery,0.2595642094846822,NA,NA,Not observed before next drought,0.39885231329742105,-0.009262863603062887,0.009262863603062887
cwood,4y,7,2004,2004,2007,TRUE,0.11101324206888044,2005,0.06630721585013753,0,NA,0.04470602621874291,0.08196698394517615,0.01565976809503862,0.3502831591073799,Partial recovery,0.08866022895950898,2006,1,Observed,0.13417409126548333,0.023160849196602884,0
cwood,4y,8,2008,2008,2011,TRUE,0.08196698394517615,2009,0.007926309514222485,0,NA,0.07404067443095366,0.1951934440093001,0.18726713449507762,2.5292467408534054,Complete recovery,0.044946646729699315,2010,1,Observed,0.11353366606018307,0.03156668211500692,0
cwood,4y,9,2012,2012,2015,TRUE,0.1951934440093001,2013,0.0035871031114260332,0,NA,0.19160634089787407,0.0754643837553042,0.07187728064387817,0.3751299685963351,Partial recovery,0.09939027356036306,NA,NA,Not observed before next drought,0.12642670065740547,-0.06876674335189464,0.06876674335189464
cwood,4y,10,2016,2016,2016,FALSE,0.0754643837553042,2016,0.0148838893214359,0,NA,0.0605804944338683,0.0148838893214359,0,0,No recovery,0.04517413653837005,NA,NA,Not observed before simulation end,0.0148838893214359,-0.0605804944338683,0.0605804944338683
cwood,2y,1,1980,1980,1981,TRUE,0,1981,0.021060102113650635,0,NA,0,0.021060102113650635,0,NA,No incremental loss,NA,NA,NA,Not applicable: no incremental loss,0.03573151285073125,0.03573151285073125,0
cwood,2y,2,1982,1982,1983,TRUE,0.021060102113650635,1983,0.06855192035591093,0,NA,0,0.06855192035591093,0,NA,No incremental loss,NA,NA,NA,Not applicable: no incremental loss,0.10399834730546388,0.08293824519181325,0
cwood,2y,3,1984,1984,1985,TRUE,0.06855192035591093,1984,0.08047261346166051,0,NA,0,0.0874200596480596,0.006947446186399087,NA,No incremental loss,NA,NA,NA,Not applicable: no incremental loss,0.08047261346166051,0.011920693105749586,0
cwood,2y,4,1986,1986,1987,TRUE,0.0874200596480596,1986,0.07671795367215303,0,NA,0.010702105975906567,0.139259423945722,0.06254147027356896,5.843847034814203,Complete recovery,0.08206900666010632,1987,1,Observed,0.07671795367215303,-0.010702105975906567,0.010702105975906567
cwood,2y,5,1988,1988,1989,TRUE,0.139259423945722,1988,0.32736249413726703,0,NA,0,0.35723380901030244,0.029871314873035404,NA,No incremental loss,NA,NA,NA,Not applicable: no incremental loss,0.32736249413726703,0.18810307019154504,0
cwood,2y,6,1990,1990,1991,TRUE,0.35723380901030244,1991,0.17884902715959855,0,NA,0.1783847818507039,0.17884902715959855,0,0,No recovery,0.2680414180849505,NA,NA,Not observed before next drought,0.2895858728317487,-0.06764793617855375,0.06764793617855375
cwood,2y,7,1992,1992,1993,TRUE,0.17884902715959855,1993,-0.08872302261401058,0.08872302261401058,1,0.26757204977360916,-0.08872302261401058,0,0,No recovery,0.045063002272794,NA,NA,Not observed before next drought,-0.06968197251965802,-0.24853099967925657,0.24853099967925657
cwood,2y,8,1994,1994,1995,TRUE,-0.08872302261401058,1995,-0.06568365185195879,0.06568365185195879,1,0,-0.06568365185195879,0,NA,No incremental loss,NA,NA,NA,Not applicable: no incremental loss,-0.02269416956401385,0.06602885304999673,0
cwood,2y,9,1996,1996,1997,TRUE,-0.06568365185195879,1997,-0.14931400287691707,0.14931400287691707,1,0.08363035102495828,-0.14931400287691707,0,0,No recovery,-0.10749882736443793,NA,NA,Not observed before next drought,-0.12495009774743987,-0.05926644589548108,0.05926644589548108
cwood,2y,10,1998,1998,1999,TRUE,-0.14931400287691707,1998,-0.15487502139711648,0.15487502139711648,0,0.005561018520199412,-0.026131196213957264,0.12874382518315922,23.15112325476352,Complete recovery,-0.15209451213701677,1999,1,Observed,-0.15487502139711648,-0.005561018520199412,0.005561018520199412
cwood,2y,11,2000,2000,2001,TRUE,-0.026131196213957264,2001,0.18748027987422053,0,NA,0,0.18748027987422053,0,NA,No incremental loss,NA,NA,NA,Not applicable: no incremental loss,0.21145912578895898,0.23759032200291624,0
cwood,2y,12,2002,2002,2003,TRUE,0.18748027987422053,2003,-0.1121877005082346,0.1121877005082346,1,0.2996679803824551,-0.1121877005082346,0,0,No recovery,0.03764628968299297,NA,NA,Not observed before next drought,0.02758026264547433,-0.1599000172287462,0.1599000172287462
cwood,2y,13,2004,2004,2005,TRUE,-0.1121877005082346,2005,-0.3858999420341026,0.3858999420341026,1,0.27371224152586804,-0.3858999420341026,0,0,No recovery,-0.24904382127116859,NA,NA,Not observed before next drought,-0.23347549702765888,-0.12128779651942428,0.12128779651942428
cwood,2y,14,2006,2006,2007,TRUE,-0.3858999420341026,2007,-1,1,1,0.6141000579658974,-1,0,0,No recovery,-0.6929499710170512,NA,NA,Not observed before next drought,-0.4236475566572496,-0.03774761462314702,0.03774761462314702
csap,8y,1,1980,1980,1987,TRUE,0,1984,-0.010069334746506146,0.010069334746506146,4,0.010069334746506146,-0.0025920682328995455,0.007477266513606601,0.7425780055828475,Partial recovery,-0.005034667373253073,1985,1,Observed,0.00764615229780558,0.00764615229780558,0
csap,8y,2,1988,1988,1995,TRUE,-0.0025920682328995455,1995,-0.012564982049296508,0.012564982049296508,7,0.009972913816396964,-0.012564982049296508,0,0,No recovery,-0.0075785251410980265,NA,NA,Not observed before next drought,9.154536845448402e-4,0.0035075219174443856,0
csap,8y,3,1996,1996,2003,TRUE,-0.012564982049296508,2001,0.004798148073681572,0,NA,0,0.00973545343915078,0.004937305365469208,NA,No incremental loss,NA,NA,NA,Not applicable: no incremental loss,0.024223709332846902,0.03678869138214341,0
csap,8y,4,2004,2004,2011,TRUE,0.00973545343915078,2011,-0.07716674826117613,0.07716674826117613,7,0.0869022017003269,-0.07716674826117613,0,0,No recovery,-0.03371564741101268,NA,NA,Not observed before next drought,0.01808226751087942,0.008346814071728641,0
csap,8y,5,2012,2012,2016,FALSE,-0.07716674826117613,2015,-0.1846949501155944,0.1846949501155944,3,0.10752820185441826,-0.14726161249035888,0.03743333762523551,0.34812576588899224,Partial recovery,-0.13093084918838527,NA,NA,Not observed before simulation end,-0.12049989213555024,-0.043333143874374105,0.043333143874374105
csap,6y,1,1980,1980,1985,TRUE,0,1984,-0.010069334746506146,0.010069334746506146,4,0.010069334746506146,6.908594645339193e-4,0.010760194211040065,1.0686102390998207,Complete recovery,-0.005034667373253073,1985,1,Observed,0.00764615229780558,0.00764615229780558,0
csap,6y,2,1986,1986,1991,TRUE,6.908594645339193e-4,1989,-0.042028881952134146,0.042028881952134146,3,0.04271974141666807,-0.0013995138757308255,0.04062936807640332,0.9510677436018108,Partial recovery,-0.020669011243800113,1990,1,Observed,-0.0033165757338896283,-0.004007435198423548,0.004007435198423548
csap,6y,3,1992,1992,1997,TRUE,-0.0013995138757308255,1993,-0.05439659356658997,0.05439659356658997,1,0.05299707969085914,0.030135598821476806,0.08453219238806678,1.5950349128887336,Complete recovery,-0.027898053721160398,1994,1,Observed,0.02548063623923389,0.026880150114964717,0
csap,6y,4,1998,1998,2003,TRUE,0.030135598821476806,2000,0.0014657017598829602,0,NA,0.028669897061593848,0.007649906799877562,0.006184205039994602,0.21570377552136225,Partial recovery,0.015800650290679882,2001,1,Observed,0.04793391280367125,0.017798313982194443,0
csap,6y,5,2004,2004,2009,TRUE,0.007649906799877562,2005,-0.12864058139133502,0.12864058139133502,1,0.1362904881912126,-0.1217649257441115,0.006875655647223519,0.05044853634669739,Partial recovery,-0.06049533729572873,2008,3,Observed,-0.10327179041982218,-0.11092169721969974,0.11092169721969974
csap,6y,6,2010,2010,2015,TRUE,-0.1217649257441115,2012,-0.2403296521494936,0.2403296521494936,2,0.11856472640538208,-0.20633489379647363,0.03399475835301996,0.2867189878783106,Partial recovery,-0.18104728894680255,2013,1,Observed,-0.1501589956924582,-0.028394069948346687,0.028394069948346687
csap,6y,7,2016,2016,2016,FALSE,-0.20633489379647363,2016,-0.23429637592940028,0.23429637592940028,0,0.02796148213292665,-0.23429637592940028,0,0,No recovery,-0.22031563486293695,NA,NA,Not observed before simulation end,-0.23429637592940028,-0.02796148213292665,0.02796148213292665
csap,4y,1,1980,1980,1983,TRUE,0,1983,-0.007142333677058632,0.007142333677058632,3,0.007142333677058632,-0.007142333677058632,0,0,No recovery,-0.003571166838529316,NA,NA,Not observed before next drought,0.00764615229780558,0.00764615229780558,0
csap,4y,2,1984,1984,1987,TRUE,-0.007142333677058632,1984,-0.004825252225131027,0.004825252225131027,0,0,0.025040198750396096,0.029865450975527123,NA,No incremental loss,NA,NA,NA,Not applicable: no incremental loss,-0.004825252225131027,0.002317081451927605,0
csap,4y,3,1988,1988,1991,TRUE,0.025040198750396096,1989,-0.034782087151798396,0.034782087151798396,1,0.05982228590219449,0.017414594651469707,0.0521966818032681,0.8725290419126787,Partial recovery,-0.004870944200701152,1990,1,Observed,-0.014695381587350185,-0.03973558033774628,0.03973558033774628
csap,4y,4,1992,1992,1995,TRUE,0.017414594651469707,1995,-0.05799675555651154,0.05799675555651154,3,0.07541135020798125,-0.05799675555651154,0,0,No recovery,-0.02029108045252092,NA,NA,Not observed before next drought,0.03961022673347391,0.022195632082004205,0
csap,4y,5,1996,1996,1999,TRUE,-0.05799675555651154,1997,-0.11497553486220169,0.11497553486220169,1,0.05697877930569015,-0.050074823184044166,0.06490071167815753,1.1390330307001904,Complete recovery,-0.08648614520935662,1999,2,Observed,0.002313250067412927,0.06031000562392447,0
csap,4y,6,2000,2000,2003,TRUE,-0.050074823184044166,2001,-0.16177680916916667,0.16177680916916667,1,0.11170198598512251,-0.13787798409616922,0.023898825072997454,0.21395165772773742,Partial recovery,-0.10592581617660542,NA,NA,Not observed before next drought,-0.1152509421326856,-0.06517611894864142,0.06517611894864142
csap,4y,7,2004,2004,2007,TRUE,-0.13787798409616922,2005,-0.21185780332649898,0.21185780332649898,1,0.07397981923032976,-0.1962955245734825,0.015562278753016467,0.21035843173074892,Partial recovery,-0.1748678937113341,NA,NA,Not observed before next drought,-0.17050628257541622,-0.032628298479247,0.032628298479247
csap,4y,8,2008,2008,2011,TRUE,-0.1962955245734825,2009,-0.2925373843476871,0.2925373843476871,1,0.0962418597742046,-0.14934192222201786,0.14319546212566925,1.487870895903546,Complete recovery,-0.2444164544605848,2010,1,Observed,-0.18158455415742322,0.014710970416059288,0
csap,4y,9,2012,2012,2015,TRUE,-0.14934192222201786,2012,-0.2034847745700014,0.2034847745700014,0,0.05414285234798352,-0.2019829130704335,0.0015018614995678803,0.027738869203181443,Partial recovery,-0.17641334839600964,2013,1,Observed,-0.2034847745700014,-0.05414285234798352,0.05414285234798352
csap,4y,10,2016,2016,2016,FALSE,-0.2019829130704335,2016,-0.2439956878943113,0.2439956878943113,0,0.0420127748238778,-0.2439956878943113,0,0,No recovery,-0.22298930048237242,NA,NA,Not observed before simulation end,-0.2439956878943113,-0.0420127748238778,0.0420127748238778
csap,2y,1,1980,1980,1981,TRUE,0,1981,8.8874343143256e-4,0,NA,0,8.8874343143256e-4,0,NA,No incremental loss,NA,NA,NA,Not applicable: no incremental loss,0.00764615229780558,0.00764615229780558,0
csap,2y,2,1982,1982,1983,TRUE,8.8874343143256e-4,1983,-0.03785128514729342,0.03785128514729342,1,0.03874002857872598,-0.03785128514729342,0,0,No recovery,-0.01848127085793043,NA,NA,Not observed before next drought,0.013213626815132277,0.012324883383699716,0
csap,2y,3,1984,1984,1985,TRUE,-0.03785128514729342,1985,-0.003088437485452801,0.003088437485452801,1,0,-0.003088437485452801,0,NA,No incremental loss,NA,NA,NA,Not applicable: no incremental loss,0.029655260397620294,0.06750654554491371,0
csap,2y,4,1986,1986,1987,TRUE,-0.003088437485452801,1987,0.01509235621705365,0,NA,0,0.01509235621705365,0,NA,No incremental loss,NA,NA,NA,Not applicable: no incremental loss,0.026429430334324794,0.029517867819777596,0
csap,2y,5,1988,1988,1989,TRUE,0.01509235621705365,1988,-0.03014400871695655,0.03014400871695655,0,0.045236364934010204,-0.027233907381738028,0.0029101013352185214,0.06433101641707312,Partial recovery,-0.007525826249951448,NA,NA,Not observed before next drought,-0.03014400871695655,-0.045236364934010204,0.045236364934010204
csap,2y,6,1990,1990,1991,TRUE,-0.027233907381738028,1991,-0.1574154823656743,0.1574154823656743,1,0.13018157498393626,-0.1574154823656743,0,0,No recovery,-0.09232469487370616,NA,NA,Not observed before next drought,-0.14341430572045644,-0.1161803983387184,0.1161803983387184
csap,2y,7,1992,1992,1993,TRUE,-0.1574154823656743,1993,-0.2384134695983472,0.2384134695983472,1,0.0809979872326729,-0.2384134695983472,0,0,No recovery,-0.19791447598201073,NA,NA,Not observed before next drought,-0.22428188614563935,-0.06686640377996506,0.06686640377996506
csap,2y,8,1994,1994,1995,TRUE,-0.2384134695983472,1995,-0.31748655688907773,0.31748655688907773,1,0.07907308729073054,-0.31748655688907773,0,0,No recovery,-0.2779500132437125,NA,NA,Not observed before next drought,-0.24671478412104322,-0.00830131452269603,0.00830131452269603
csap,2y,9,1996,1996,1997,TRUE,-0.31748655688907773,1997,-0.35408464785274535,0.35408464785274535,1,0.03659809096366762,-0.35408464785274535,0,0,No recovery,-0.33578560237091154,NA,NA,Not observed before next drought,-0.24036407145363275,0.07712248543544498,0
csap,2y,10,1998,1998,1999,TRUE,-0.35408464785274535,1998,-0.4506860586969227,0.4506860586969227,0,0.09660141084417734,-0.23005522967619224,0.22063082902073045,2.2839296765201333,Complete recovery,-0.40238535327483405,1999,1,Observed,-0.4506860586969227,-0.09660141084417734,0.09660141084417734
csap,2y,11,2000,2000,2001,TRUE,-0.23005522967619224,2001,-0.1979874213401137,0.1979874213401137,1,0,-0.1979874213401137,0,NA,No incremental loss,NA,NA,NA,Not applicable: no incremental loss,-0.11901608064483069,0.11103914903136156,0
csap,2y,12,2002,2002,2003,TRUE,-0.1979874213401137,2003,-0.31427058322145657,0.31427058322145657,1,0.11628316188134286,-0.31427058322145657,0,0,No recovery,-0.25612900228078517,NA,NA,Not observed before next drought,-0.22087477099428676,-0.02288734965417305,0.02288734965417305
csap,2y,13,2004,2004,2005,TRUE,-0.31427058322145657,2005,-0.4207960761648258,0.4207960761648258,1,0.10652549294336922,-0.4207960761648258,0,0,No recovery,-0.3675333296931412,NA,NA,Not observed before next drought,-0.39838544732976217,-0.0841148641083056,0.0841148641083056
csap,2y,14,2006,2006,2007,TRUE,-0.4207960761648258,2007,-1,1,1,0.5792039238351743,-1,0,0,No recovery,-0.7103980380824129,NA,NA,Not observed before next drought,-0.5299383516563034,-0.10914227549147765,0.10914227549147765
cheart,8y,1,1980,1980,1987,TRUE,0,1984,-0.016218062908697924,0.016218062908697924,4,0.016218062908697924,0.025720235268522167,0.04193829817722009,2.5859005735344707,Complete recovery,-0.008109031454348962,1985,1,Observed,0.039373006978182516,0.039373006978182516,0
cheart,8y,2,1988,1988,1995,TRUE,0.025720235268522167,1990,0.008221869945029069,0,NA,0.0174983653234931,0.05319558523816207,0.044973715293133,2.570166667668769,Complete recovery,0.016971052606775616,1991,1,Observed,0.03947246808935131,0.01375223282082914,0
cheart,8y,3,1996,1996,2003,TRUE,0.05319558523816207,1996,0.04217132482584192,0,NA,0.011024260412320151,0.10216628328266457,0.05999495845682265,5.442084658103263,Complete recovery,0.047683455032002,1997,1,Observed,0.04217132482584192,-0.011024260412320151,0.011024260412320151
cheart,8y,4,2004,2004,2011,TRUE,0.10216628328266457,2009,0.05455106502260079,0,NA,0.04761521826006378,0.33261743060308663,0.2780663655804858,5.839863298782942,Complete recovery,0.07835867415263267,2010,1,Observed,0.14808670080899666,0.045920417526332094,0
cheart,8y,5,2012,2012,2016,FALSE,0.33261743060308663,2013,0.13251498445255244,0,NA,0.20010244615053419,0.28955341727363865,0.1570384328210862,0.7847901704457348,Partial recovery,0.23256620752781954,2014,1,Observed,0.25312275909815646,-0.07949467150493017,0.07949467150493017
cheart,6y,1,1980,1980,1985,TRUE,0,1984,-0.016218062908697924,0.016218062908697924,4,0.016218062908697924,0.04522323924151429,0.06144130215021222,3.7884488730932584,Complete recovery,-0.008109031454348962,1985,1,Observed,0.039373006978182516,0.039373006978182516,0
cheart,6y,2,1986,1986,1991,TRUE,0.04522323924151429,1990,-0.015424665451551219,0.015424665451551219,4,0.06064790469306551,0.0483988930159588,0.06382355846751002,1.0523621350237284,Complete recovery,0.014899286894981536,1991,1,Observed,0.014142744061990014,-0.031080495179524277,0.031080495179524277
cheart,6y,3,1992,1992,1997,TRUE,0.0483988930159588,1993,-0.01328688898452587,0.01328688898452587,1,0.061685782000484676,0.1310201911083089,0.14430708009283477,2.3393896520871036,Complete recovery,0.017556002015716467,1994,1,Observed,0.11149215407990479,0.06309326106394599,0
cheart,6y,4,1998,1998,2003,TRUE,0.1310201911083089,2000,0.2750336634026551,0,NA,0,0.4218231056411536,0.1467894422384985,NA,No incremental loss,NA,NA,NA,Not applicable: no incremental loss,0.3742370906890812,0.24321689958077228,0
cheart,6y,5,2004,2004,2009,TRUE,0.4218231056411536,2007,0.29946821258443923,0,NA,0.12235489305671438,0.34493085090347436,0.04546263831903513,0.3715637126008694,Partial recovery,0.36064565911279645,NA,NA,Not observed before next drought,0.43217348245573706,0.01035037681458345,0
cheart,6y,6,2010,2010,2015,TRUE,0.34493085090347436,2013,0.02583448673583342,0,NA,0.3190963641676409,0.20315290182069912,0.1773184150848657,0.5556892368466769,Partial recovery,0.18538266881965387,2014,1,Observed,0.20312488957316324,-0.14180596133031112,0.14180596133031112
cheart,6y,7,2016,2016,2016,FALSE,0.20315290182069912,2016,0.0363924856905858,0,NA,0.16676041613011333,0.0363924856905858,0,0,No recovery,0.11977269375564246,NA,NA,Not observed before simulation end,0.0363924856905858,-0.16676041613011333,0.16676041613011333
cheart,4y,1,1980,1980,1983,TRUE,0,1981,0.023703911241365477,0,NA,0,0.025413718632512274,0.0017098073911467962,NA,No incremental loss,NA,NA,NA,Not applicable: no incremental loss,0.039373006978182516,0.039373006978182516,0
cheart,4y,2,1984,1984,1987,TRUE,0.025413718632512274,1984,0.021514930286999856,0,NA,0.0038987883455124175,0.04844806444841644,0.026933134161416586,6.908078042353122,Complete recovery,0.023464324459756065,1985,1,Observed,0.021514930286999856,-0.0038987883455124175,0.0038987883455124175
cheart,4y,3,1988,1988,1991,TRUE,0.04844806444841644,1988,0.041453391090657835,0,NA,0.006994673357758607,0.17116447954294214,0.1297110884522843,18.544266732399535,Complete recovery,0.04495072776953714,1989,1,Observed,0.041453391090657835,-0.006994673357758607,0.006994673357758607
cheart,4y,4,1992,1992,1995,TRUE,0.17116447954294214,1993,0.16458420220801698,0,NA,0.006580277334925166,0.4046922190992277,0.24010801689121072,36.48904212848672,Complete recovery,0.16787434087547956,1994,1,Observed,0.3312205101728731,0.16005603062993093,0
cheart,4y,5,1996,1996,1999,TRUE,0.4046922190992277,1998,0.3308215686686746,0,NA,0.07387065043055308,0.47388842683521804,0.1430668581665434,1.9367212462958174,Complete recovery,0.36775689388395116,1999,1,Observed,0.3453866397584905,-0.05930557934073721,0.05930557934073721
cheart,4y,6,2000,2000,2003,TRUE,0.47388842683521804,2003,0.14311061198832808,0,NA,0.33077781484688995,0.14311061198832808,0,0,No recovery,0.30849951941177306,NA,NA,Not observed before next drought,0.47315910145510864,-7.293253801093913e-4,7.293253801093913e-4
cheart,4y,7,2004,2004,2007,TRUE,0.14311061198832808,2005,0.10362352182597624,0,NA,0.03948709016235184,0.11707051324672048,0.013446991420744236,0.3405414621704639,Partial recovery,0.12336706690715216,2006,1,Observed,0.17498723197443655,0.03187661998610847,0
cheart,4y,8,2008,2008,2011,TRUE,0.11707051324672048,2009,0.046037134986515856,0,NA,0.07103337826020462,0.24288751317970061,0.19685037819318477,2.771237733788979,Complete recovery,0.08155382411661816,2010,1,Observed,0.15220943733281878,0.0351389240860983,0
cheart,4y,9,2012,2012,2015,TRUE,0.24288751317970061,2013,0.025686383658273606,0,NA,0.217201129521427,0.11124656156428692,0.08556017790601331,0.393921422483085,Partial recovery,0.1342869484189871,NA,NA,Not observed before next drought,0.16914709958616625,-0.07374041359353437,0.07374041359353437
cheart,4y,10,2016,2016,2016,FALSE,0.11124656156428692,2016,0.04892884423938161,0,NA,0.062317717324905306,0.04892884423938161,0,0,No recovery,0.08008770290183426,NA,NA,Not observed before simulation end,0.04892884423938161,-0.062317717324905306,0.062317717324905306
cheart,2y,1,1980,1980,1981,TRUE,0,1981,0.023703911241365477,0,NA,0,0.023703911241365477,0,NA,No incremental loss,NA,NA,NA,Not applicable: no incremental loss,0.039373006978182516,0.039373006978182516,0
cheart,2y,2,1982,1982,1983,TRUE,0.023703911241365477,1983,0.08235907373443598,0,NA,0,0.08235907373443598,0,NA,No incremental loss,NA,NA,NA,Not applicable: no incremental loss,0.11611728527654856,0.09241337403518309,0
cheart,2y,3,1984,1984,1985,TRUE,0.08235907373443598,1984,0.087469524984353,0,NA,0,0.10001160754868882,0.012542082564335824,NA,No incremental loss,NA,NA,NA,Not applicable: no incremental loss,0.087469524984353,0.00511045124991702,0
cheart,2y,4,1986,1986,1987,TRUE,0.10001160754868882,1986,0.08356974895751837,0,NA,0.01644185859117045,0.15554509413455278,0.07197534517703441,4.377567461605975,Complete recovery,0.0917906782531036,1987,1,Observed,0.08356974895751837,-0.01644185859117045,0.01644185859117045
cheart,2y,5,1988,1988,1989,TRUE,0.15554509413455278,1988,0.37245844565308966,0,NA,0,0.4104067222473451,0.037948276594255426,NA,No incremental loss,NA,NA,NA,Not applicable: no incremental loss,0.37245844565308966,0.21691335151853688,0
cheart,2y,6,1990,1990,1991,TRUE,0.4104067222473451,1991,0.22452288328373446,0,NA,0.18588383896361063,0.22452288328373446,0,0,No recovery,0.3174648027655398,NA,NA,Not observed before next drought,0.34572293521342917,-0.06468378703391592,0.06468378703391592
cheart,2y,7,1992,1992,1993,TRUE,0.22452288328373446,1993,-0.07040318659425673,0.07040318659425673,1,0.2949260698779912,-0.07040318659425673,0,0,No recovery,0.07705984834473886,NA,NA,Not observed before next drought,-0.049831258037627016,-0.2743541413213615,0.2743541413213615
cheart,2y,8,1994,1994,1995,TRUE,-0.07040318659425673,1995,-0.032395288754194014,0.032395288754194014,1,0,-0.032395288754194014,0,NA,No incremental loss,NA,NA,NA,Not applicable: no incremental loss,0.00785958051998264,0.07826276711423938,0
cheart,2y,9,1996,1996,1997,TRUE,-0.032395288754194014,1997,-0.12146797212930982,0.12146797212930982,1,0.08907268337511581,-0.12146797212930982,0,0,No recovery,-0.07693163044175191,NA,NA,Not observed before next drought,-0.10948764194874348,-0.07709235319454946,0.07709235319454946
cheart,2y,10,1998,1998,1999,TRUE,-0.12146797212930982,1998,-0.11385679026412858,0.11385679026412858,0,0,0.0031421323574568776,0.11699892262158545,NA,No incremental loss,NA,NA,NA,Not applicable: no incremental loss,-0.11385679026412858,0.007611181865181241,0
cheart,2y,11,2000,2000,2001,TRUE,0.0031421323574568776,2001,0.2419849362077302,0,NA,0,0.2419849362077302,0,NA,No incremental loss,NA,NA,NA,Not applicable: no incremental loss,0.25922492166064515,0.2560827893031883,0
cheart,2y,12,2002,2002,2003,TRUE,0.2419849362077302,2003,-0.08612680177437024,0.08612680177437024,1,0.32811173798210047,-0.08612680177437024,0,0,No recovery,0.07792906721668,NA,NA,Not observed before next drought,0.06144523046439943,-0.18053970574333078,0.18053970574333078
cheart,2y,13,2004,2004,2005,TRUE,-0.08612680177437024,2005,-0.3812185668473502,0.3812185668473502,1,0.29509176507297996,-0.3812185668473502,0,0,No recovery,-0.23367268431086025,NA,NA,Not observed before next drought,-0.2113851571703866,-0.12525835539601637,0.12525835539601637
cheart,2y,14,2006,2006,2007,TRUE,-0.3812185668473502,2007,-1,1,1,0.6187814331526498,-1,0,0,No recovery,-0.6906092834236751,NA,NA,Not observed before next drought,-0.4099784672683057,-0.028759900420955498,0.028759900420955498
evapm,8y,1,1980,1980,1987,TRUE,0,1982,-0.0043938932342600535,0.0043938932342600535,2,0.0043938932342600535,0.00222914268572587,0.006623035919985924,1.5073274581059013,Complete recovery,-0.0021969466171300267,1983,1,Observed,0.0013707151453917494,0.0013707151453917494,0
evapm,8y,2,1988,1988,1995,TRUE,0.00222914268572587,1995,-0.010077149185979564,0.010077149185979564,7,0.012306291871705434,-0.010077149185979564,0,0,No recovery,-0.003924003250126847,NA,NA,Not observed before next drought,-0.006412015523752106,-0.008641158209477976,0.008641158209477976
evapm,8y,3,1996,1996,2003,TRUE,-0.010077149185979564,1997,-0.02157995380610416,0.02157995380610416,1,0.011502804620124598,-0.012922908486420245,0.008657045319683917,0.7526030047087894,Partial recovery,-0.015828551496041864,1999,2,Observed,-0.01329694366254301,-0.0032197944765634465,0.0032197944765634465
evapm,8y,4,2004,2004,2011,TRUE,-0.012922908486420245,2010,-0.1208745794314662,0.1208745794314662,6,0.10795167094504596,-0.07807656090357734,0.042798018527888865,0.39645535963658857,Partial recovery,-0.06689874395894323,NA,NA,Not observed before next drought,-0.025468158276066338,-0.012545249789646093,0.012545249789646093
evapm,8y,5,2012,2012,2016,FALSE,-0.07807656090357734,2012,-0.22891644093208807,0.22891644093208807,0,0.15083988002851073,-0.2027363803525209,0.026180060579567177,0.17356192921009217,Partial recovery,-0.1534965009178327,2014,2,Observed,-0.22891644093208807,-0.15083988002851073,0.15083988002851073
evapm,6y,1,1980,1980,1985,TRUE,0,1982,-0.0043938932342600535,0.0043938932342600535,2,0.0043938932342600535,-1.0563767975360287e-4,0.004288255554506451,0.9759580685916706,Partial recovery,-0.0021969466171300267,1983,1,Observed,0.0013707151453917494,0.0013707151453917494,0
evapm,6y,2,1986,1986,1991,TRUE,-1.0563767975360287e-4,1990,-0.013118737478841213,0.013118737478841213,4,0.01301309979908761,-0.005359205643135371,0.007759531835705842,0.5962862004831383,Partial recovery,-0.006612187579297408,1991,1,Observed,0.0047495539966958536,0.004855191676449456,0
evapm,6y,3,1992,1992,1997,TRUE,-0.005359205643135371,1992,-0.021809456003949537,0.021809456003949537,0,0.016450250360814166,-0.02092262550625748,8.868304976920559e-4,0.05390984807164748,Partial recovery,-0.013584330823542453,1993,1,Observed,-0.021809456003949537,-0.016450250360814166,0.016450250360814166
evapm,6y,4,1998,1998,2003,TRUE,-0.02092262550625748,2003,-0.09734522793686183,0.09734522793686183,5,0.07642260243060435,-0.09734522793686183,0,0,No recovery,-0.059133926721559656,NA,NA,Not observed before next drought,-0.048268932814639835,-0.027346307308382355,0.027346307308382355
evapm,6y,5,2004,2004,2009,TRUE,-0.09734522793686183,2005,-0.17785171380247564,0.17785171380247564,1,0.0805064858656138,-0.17299677215630585,0.004854941646169786,0.06030497535656869,Partial recovery,-0.13759847086966873,2008,3,Observed,-0.16091303071899796,-0.06356780278213613,0.06356780278213613
evapm,6y,6,2010,2010,2015,TRUE,-0.17299677215630585,2012,-0.2953185870838858,0.2953185870838858,2,0.12232181492757996,-0.2731847667319135,0.02213382035197231,0.18094744886737116,Partial recovery,-0.23415767962009582,2013,1,Observed,-0.25654646961070754,-0.08354969745440169,0.08354969745440169
evapm,6y,7,2016,2016,2016,FALSE,-0.2731847667319135,2016,-0.28844208338109967,0.28844208338109967,0,0.01525731664918617,-0.28844208338109967,0,0,No recovery,-0.2808134250565066,NA,NA,Not observed before simulation end,-0.28844208338109967,-0.01525731664918617,0.01525731664918617
evapm,4y,1,1980,1980,1983,TRUE,0,1982,-0.0043938932342600535,0.0043938932342600535,2,0.0043938932342600535,0.005308652311744932,0.009702545546004984,2.208188735755416,Complete recovery,-0.0021969466171300267,1983,1,Observed,0.0013707151453917494,0.0013707151453917494,0
evapm,4y,2,1984,1984,1987,TRUE,0.005308652311744932,1987,-0.014274465130108523,0.014274465130108523,3,0.019583117441853454,-0.014274465130108523,0,0,No recovery,-0.004482906409181796,NA,NA,Not observed before next drought,-0.0032916019111851745,-0.008600254222930107,0.008600254222930107
evapm,4y,3,1988,1988,1991,TRUE,-0.014274465130108523,1990,-0.011055132788647892,0.011055132788647892,2,0,-0.006293798036426735,0.004761334752221158,NA,No incremental loss,NA,NA,NA,Not applicable: no incremental loss,1.7533214166540388e-5,0.014291998344275064,0
evapm,4y,4,1992,1992,1995,TRUE,-0.006293798036426735,1995,-0.12578416638961085,0.12578416638961085,3,0.1194903683531841,-0.12578416638961085,0,0,No recovery,-0.0660389822130188,NA,NA,Not observed before next drought,-0.11033653038935579,-0.10404273235292905,0.10404273235292905
evapm,4y,5,1996,1996,1999,TRUE,-0.12578416638961085,1998,-0.16143816378597467,0.16143816378597467,2,0.035653997396363823,-0.11176488006345979,0.04967328372251488,1.3932037737676173,Complete recovery,-0.14361116508779276,1999,1,Observed,-0.07995051473632314,0.045833651653287705,0
evapm,4y,6,2000,2000,2003,TRUE,-0.11176488006345979,2002,-0.19679087806852577,0.19679087806852577,2,0.08502599800506598,-0.17524930443082914,0.021541573637696626,0.2533527878898069,Partial recovery,-0.15427787906599277,NA,NA,Not observed before next drought,-0.13733905744665958,-0.025574177383199795,0.025574177383199795
evapm,4y,7,2004,2004,2007,TRUE,-0.17524930443082914,2005,-0.24379007866759275,0.24379007866759275,1,0.06854077423676361,-0.2114425737720402,0.03234750489555255,0.47194542600019435,Partial recovery,-0.20951969154921096,NA,NA,Not observed before next drought,-0.20878223475527688,-0.033532930324447735,0.033532930324447735
evapm,4y,8,2008,2008,2011,TRUE,-0.2114425737720402,2010,-0.5849557978143822,0.5849557978143822,2,0.373513224042342,-0.5622311326750679,0.02272466513931437,0.06084032284955531,Partial recovery,-0.39819918579321123,NA,NA,Not observed before next drought,-0.2124498695729216,-0.0010072958008814081,0.0010072958008814081
evapm,4y,9,2012,2012,2015,TRUE,-0.5622311326750679,2012,-0.6258408124766324,0.6258408124766324,0,0.06360967980156451,-0.5948338402607365,0.031006972215895878,0.4874568196636834,Partial recovery,-0.5940359725758502,2014,2,Observed,-0.6258408124766324,-0.06360967980156451,0.06360967980156451
evapm,4y,10,2016,2016,2016,FALSE,-0.5948338402607365,2016,-0.654609474744658,0.654609474744658,0,0.059775634483921536,-0.654609474744658,0,0,No recovery,-0.6247216575026973,NA,NA,Not observed before simulation end,-0.654609474744658,-0.059775634483921536,0.059775634483921536
evapm,2y,1,1980,1980,1981,TRUE,0,1980,0.0013707151453917494,0,NA,0,0.002961071941817937,0.0015903567964261876,NA,No incremental loss,NA,NA,NA,Not applicable: no incremental loss,0.0013707151453917494,0.0013707151453917494,0
evapm,2y,2,1982,1982,1983,TRUE,0.002961071941817937,1982,-0.008743928049261057,0.008743928049261057,0,0.011704999991078994,0.003997158017862839,0.012741086067123895,1.08851653796109,Complete recovery,-0.00289142805372156,1983,1,Observed,-0.008743928049261057,-0.011704999991078994,0.011704999991078994
evapm,2y,3,1984,1984,1985,TRUE,0.003997158017862839,1984,-0.009022249702008992,0.009022249702008992,0,0.01301940771987183,-0.0010359662627481296,0.007986283439260862,0.613413729034018,Partial recovery,-0.0025125458420730768,1985,1,Observed,-0.009022249702008992,-0.01301940771987183,0.01301940771987183
evapm,2y,4,1986,1986,1987,TRUE,-0.0010359662627481296,1987,-0.03472331167706175,0.03472331167706175,1,0.03368734541431362,-0.03472331167706175,0,0,No recovery,-0.017879638969904937,NA,NA,Not observed before next drought,-0.018599448484825955,-0.017563482222077827,0.017563482222077827
evapm,2y,5,1988,1988,1989,TRUE,-0.03472331167706175,1988,-0.09757346406488511,0.09757346406488511,0,0.06285015238782336,-0.08124117552076289,0.01633228854412222,0.259860762840194,Partial recovery,-0.06614838787097344,NA,NA,Not observed before next drought,-0.09757346406488511,-0.06285015238782336,0.06285015238782336
evapm,2y,6,1990,1990,1991,TRUE,-0.08124117552076289,1991,-0.20200522381666852,0.20200522381666852,1,0.12076404829590563,-0.20200522381666852,0,0,No recovery,-0.1416231996687157,NA,NA,Not observed before next drought,-0.19800951373605846,-0.11676833821529557,0.11676833821529557
evapm,2y,7,1992,1992,1993,TRUE,-0.20200522381666852,1992,-0.255116427550161,0.255116427550161,0,0.053111203733492485,-0.21058301074136965,0.04453341680879136,0.8384938332833929,Partial recovery,-0.22856082568341476,1993,1,Observed,-0.255116427550161,-0.053111203733492485,0.053111203733492485
evapm,2y,8,1994,1994,1995,TRUE,-0.21058301074136965,1995,-0.34420772240873754,0.34420772240873754,1,0.1336247116673679,-0.34420772240873754,0,0,No recovery,-0.2773953665750536,NA,NA,Not observed before next drought,-0.24673151097909463,-0.03614850023772498,0.03614850023772498
evapm,2y,9,1996,1996,1997,TRUE,-0.34420772240873754,1997,-0.42195002020161776,0.42195002020161776,1,0.07774229779288022,-0.42195002020161776,0,0,No recovery,-0.38307887130517765,NA,NA,Not observed before next drought,-0.3353073771072656,0.008900345301471935,0
evapm,2y,10,1998,1998,1999,TRUE,-0.42195002020161776,1999,-0.7244565105498125,0.7244565105498125,1,0.30250649034819477,-0.7244565105498125,0,0,No recovery,-0.5732032653757151,NA,NA,Not observed before next drought,-0.6565769401271856,-0.23462691992556783,0.23462691992556783
evapm,2y,11,2000,2000,2001,TRUE,-0.7244565105498125,2001,-0.7184196148681397,0.7184196148681397,1,0,-0.7184196148681397,0,NA,No incremental loss,NA,NA,NA,Not applicable: no incremental loss,-0.6985547366576125,0.025901773892200053,0
evapm,2y,12,2002,2002,2003,TRUE,-0.7184196148681397,2003,-0.806617122714704,0.806617122714704,1,0.08819750784656433,-0.806617122714704,0,0,No recovery,-0.7625183687914219,NA,NA,Not observed before next drought,-0.769662299199151,-0.05124268433101131,0.05124268433101131
evapm,2y,13,2004,2004,2005,TRUE,-0.806617122714704,2005,-0.8831697228402182,0.8831697228402182,1,0.07655260012551424,-0.8831697228402182,0,0,No recovery,-0.8448934227774612,NA,NA,Not observed before next drought,-0.829875114594097,-0.023257991879393036,0.023257991879393036
evapm,2y,14,2006,2006,2007,TRUE,-0.8831697228402182,2007,-1,1,1,0.11683027715978178,-1,0,0,No recovery,-0.9415848614201091,NA,NA,Not observed before next drought,-0.8935021892761188,-0.010332466435900578,0.010332466435900578
csto,8y,1,1980,1980,1987,TRUE,0,1982,-0.02303398558898329,0.02303398558898329,2,0.02303398558898329,-0.016165809201995143,0.0068681763869881465,0.29817576990553746,Partial recovery,-0.011516992794491645,1984,2,Observed,-0.019331834800026662,-0.019331834800026662,0.019331834800026662
csto,8y,2,1988,1988,1995,TRUE,-0.016165809201995143,1992,-0.04791521331678616,0.04791521331678616,4,0.03174940411479102,-0.02339201395285652,0.02452319936392964,0.7723987283435368,Partial recovery,-0.03204051125939065,1994,2,Observed,-0.023511618093770045,-0.007345808891774903,0.007345808891774903
csto,8y,3,1996,1996,2003,TRUE,-0.02339201395285652,1997,-0.1208010476608305,0.1208010476608305,1,0.09740903370797398,-0.07631780675237604,0.04448324090845446,0.4566644305477083,Partial recovery,-0.0720965308068435,1999,2,Observed,-0.042332228879502505,-0.018940214926645986,0.018940214926645986
csto,8y,4,2004,2004,2011,TRUE,-0.07631780675237604,2010,-0.40676564106109064,0.40676564106109064,6,0.3304478343087146,-0.2960190213202684,0.11074661974082223,0.3351410063633805,Partial recovery,-0.24154172390673334,NA,NA,Not observed before next drought,-0.1579752098653776,-0.08165740311300157,0.08165740311300157
csto,8y,5,2012,2012,2016,FALSE,-0.2960190213202684,2015,-0.6710623638852442,0.6710623638852442,3,0.3750433425649758,-0.6420118431789814,0.029050520706262795,0.07745910248021488,Partial recovery,-0.48354069260275634,NA,NA,Not observed before simulation end,-0.6570128892892012,-0.3609938679689328,0.3609938679689328
csto,6y,1,1980,1980,1985,TRUE,0,1982,-0.02303398558898329,0.02303398558898329,2,0.02303398558898329,-0.01282491330819407,0.01020907228078922,0.4432177940439462,Partial recovery,-0.011516992794491645,1984,2,Observed,-0.019331834800026662,-0.019331834800026662,0.019331834800026662
csto,6y,2,1986,1986,1991,TRUE,-0.01282491330819407,1987,-0.06095923178235268,0.06095923178235268,1,0.04813431847415861,-0.04066260485414244,0.020296626928210236,0.4216664444746773,Partial recovery,-0.03689207254527337,1988,1,Observed,-0.023731413794879017,-0.010906500486684947,0.010906500486684947
csto,6y,3,1992,1992,1997,TRUE,-0.04066260485414244,1992,-0.12802300040245754,0.12802300040245754,0,0.0873603955483151,-0.1181782952929268,0.00984470510953074,0.11269071125125663,Partial recovery,-0.08434280262829999,1993,1,Observed,-0.12802300040245754,-0.0873603955483151,0.0873603955483151
csto,6y,4,1998,1998,2003,TRUE,-0.1181782952929268,2003,-0.41877691710183074,0.41877691710183074,5,0.30059862180890395,-0.41877691710183074,0,0,No recovery,-0.26847760619737876,NA,NA,Not observed before next drought,-0.2558853474542747,-0.13770705216134793,0.13770705216134793
csto,6y,5,2004,2004,2009,TRUE,-0.41877691710183074,2005,-0.630182211112329,0.630182211112329,1,0.21140529401049823,-0.5553158264255208,0.07486638468680817,0.3541367544139664,Partial recovery,-0.5244795641070799,2008,3,Observed,-0.6206168452511931,-0.20183992814936236,0.20183992814936236
csto,6y,6,2010,2010,2015,TRUE,-0.5553158264255208,2012,-0.7626189275679315,0.7626189275679315,2,0.20730310114241068,-0.7173904516801699,0.04522847588776158,0.21817558752626204,Partial recovery,-0.6589673769967261,2014,2,Observed,-0.6936804863195504,-0.13836465989402957,0.13836465989402957
csto,6y,7,2016,2016,2016,FALSE,-0.7173904516801699,2016,-0.7269785014120318,0.7269785014120318,0,0.009588049731861892,-0.7269785014120318,0,0,No recovery,-0.7221844765461009,NA,NA,Not observed before simulation end,-0.7269785014120318,-0.009588049731861892,0.009588049731861892
csto,4y,1,1980,1980,1983,TRUE,0,1982,-0.02303398558898329,0.02303398558898329,2,0.02303398558898329,-0.0189974534270927,0.00403653216189059,0.17524245408146757,Partial recovery,-0.011516992794491645,NA,NA,Not observed before next drought,-0.019331834800026662,-0.019331834800026662,0.019331834800026662
csto,4y,2,1984,1984,1987,TRUE,-0.0189974534270927,1987,-0.05409183640171756,0.05409183640171756,3,0.03509438297462486,-0.05409183640171756,0,0,No recovery,-0.03654464491440513,NA,NA,Not observed before next drought,-0.01610020951986611,0.0028972439072265897,0
csto,4y,3,1988,1988,1991,TRUE,-0.05409183640171756,1991,-0.09640924320825266,0.09640924320825266,3,0.0423174068065351,-0.09640924320825266,0,0,No recovery,-0.07525053980498511,NA,NA,Not observed before next drought,-0.05558033236206933,-0.0014884959603517697,0.0014884959603517697
csto,4y,4,1992,1992,1995,TRUE,-0.09640924320825266,1995,-0.5131586592095143,0.5131586592095143,3,0.41674941600126164,-0.5131586592095143,0,0,No recovery,-0.30478395120888346,NA,NA,Not observed before next drought,-0.41131678350334744,-0.31490754029509477,0.31490754029509477
csto,4y,5,1996,1996,1999,TRUE,-0.5131586592095143,1998,-0.6365672023273113,0.6365672023273113,2,0.12340854311779703,-0.5345444015440836,0.10202280078322779,0.8267077643550501,Partial recovery,-0.5748629307684128,1999,1,Observed,-0.38014318749666537,0.13301547171284894,0
csto,4y,6,2000,2000,2003,TRUE,-0.5345444015440836,2002,-0.7061934056177807,0.7061934056177807,2,0.1716490040736971,-0.6758822179721335,0.03031118764564711,0.17658819408374238,Partial recovery,-0.6203689035809321,NA,NA,Not observed before next drought,-0.6359736660741155,-0.10142926453003198,0.10142926453003198
csto,4y,7,2004,2004,2007,TRUE,-0.6758822179721335,2005,-0.7767196515727014,0.7767196515727014,1,0.10083743360056785,-0.7122325896573058,0.06448706191539555,0.6395151047857728,Partial recovery,-0.7263009347724174,2007,2,Observed,-0.7172301963360058,-0.04134797836387227,0.04134797836387227
csto,4y,8,2008,2008,2011,TRUE,-0.7122325896573058,2009,-0.7681099201680621,0.7681099201680621,1,0.05587733051075627,-0.49590992895733843,0.2721999912107237,4.871385027212883,Complete recovery,-0.740171254912684,2010,1,Observed,-0.722855491812168,-0.010622902154862168,0.010622902154862168
csto,4y,9,2012,2012,2015,TRUE,-0.49590992895733843,2013,-0.6736359952405586,0.6736359952405586,1,0.17772606628322019,-0.5950786057830465,0.07855738945751212,0.4420138874413889,Partial recovery,-0.5847729620989486,2014,1,Observed,-0.6143681755959256,-0.11845824663858717,0.11845824663858717
csto,4y,10,2016,2016,2016,FALSE,-0.5950786057830465,2016,-0.7097782175050292,0.7097782175050292,0,0.11469961172198273,-0.7097782175050292,0,0,No recovery,-0.6524284116440379,NA,NA,Not observed before simulation end,-0.7097782175050292,-0.11469961172198273,0.11469961172198273
csto,2y,1,1980,1980,1981,TRUE,0,1980,-0.019331834800026662,0.019331834800026662,0,0.019331834800026662,-0.009405567759705184,0.009926267040321478,0.5134674045687473,Partial recovery,-0.009665917400013331,1981,1,Observed,-0.019331834800026662,-0.019331834800026662,0.019331834800026662
csto,2y,2,1982,1982,1983,TRUE,-0.009405567759705184,1982,-0.062354674021689656,0.062354674021689656,0,0.05294910626198447,-0.0370677816894523,0.025286892332237354,0.47756976684595,Partial recovery,-0.03588012089069742,NA,NA,Not observed before next drought,-0.062354674021689656,-0.05294910626198447,0.05294910626198447
csto,2y,3,1984,1984,1985,TRUE,-0.0370677816894523,1984,-0.0616553556594543,0.0616553556594543,0,0.024587573970001997,-0.060184569038045296,0.0014707866214090023,0.0598182896451448,Partial recovery,-0.0493615686744533,NA,NA,Not observed before next drought,-0.0616553556594543,-0.024587573970001997,0.024587573970001997
csto,2y,4,1986,1986,1987,TRUE,-0.060184569038045296,1987,-0.16660870287957255,0.16660870287957255,1,0.10642413384152725,-0.16660870287957255,0,0,No recovery,-0.11339663595880892,NA,NA,Not observed before next drought,-0.08872396469606941,-0.028539395658024116,0.028539395658024116
csto,2y,5,1988,1988,1989,TRUE,-0.16660870287957255,1988,-0.4631866351686471,0.4631866351686471,0,0.2965779322890746,-0.41894294507176894,0.044243690096878174,0.14918065466096053,Partial recovery,-0.3148976690241098,NA,NA,Not observed before next drought,-0.4631866351686471,-0.2965779322890746,0.2965779322890746
csto,2y,6,1990,1990,1991,TRUE,-0.41894294507176894,1991,-0.6940855132495868,0.6940855132495868,1,0.27514256817781785,-0.6940855132495868,0,0,No recovery,-0.5565142291606778,NA,NA,Not observed before next drought,-0.6936146178191739,-0.27467167274740495,0.27467167274740495
csto,2y,7,1992,1992,1993,TRUE,-0.6940855132495868,1992,-0.7812252288323303,0.7812252288323303,0,0.08713971558274347,-0.7452750409452635,0.03595018788706672,0.4125580126886028,Partial recovery,-0.7376553710409586,NA,NA,Not observed before next drought,-0.7812252288323303,-0.08713971558274347,0.08713971558274347
csto,2y,8,1994,1994,1995,TRUE,-0.7452750409452635,1995,-0.8430376955679818,0.8430376955679818,1,0.09776265462271827,-0.8430376955679818,0,0,No recovery,-0.7941563682566226,NA,NA,Not observed before next drought,-0.7889169271809028,-0.04364188623563925,0.04364188623563925
csto,2y,9,1996,1996,1997,TRUE,-0.8430376955679818,1997,-0.8382313923302335,0.8382313923302335,1,0,-0.8382313923302335,0,NA,No incremental loss,NA,NA,NA,Not applicable: no incremental loss,-0.7537077752614117,0.08932992030657005,0
csto,2y,10,1998,1998,1999,TRUE,-0.8382313923302335,1998,-0.904484073034489,0.904484073034489,0,0.0662526807042555,-0.6214067054730436,0.2830773675614454,4.272693037509997,Complete recovery,-0.8713577326823612,1999,1,Observed,-0.904484073034489,-0.0662526807042555,0.0662526807042555
csto,2y,11,2000,2000,2001,TRUE,-0.6214067054730436,2001,-0.5997291040854793,0.5997291040854793,1,0,-0.5997291040854793,0,NA,No incremental loss,NA,NA,NA,Not applicable: no incremental loss,-0.5187515699057184,0.1026551355673252,0
csto,2y,12,2002,2002,2003,TRUE,-0.5997291040854793,2003,-0.7868763873318273,0.7868763873318273,1,0.187147283246348,-0.7868763873318273,0,0,No recovery,-0.6933027457086534,NA,NA,Not observed before next drought,-0.6959518117548783,-0.096222707669399,0.096222707669399
csto,2y,13,2004,2004,2005,TRUE,-0.7868763873318273,2005,-0.9175083810852904,0.9175083810852904,1,0.13063199375346313,-0.9175083810852904,0,0,No recovery,-0.8521923842085588,NA,NA,Not observed before next drought,-0.906374939652097,-0.11949855232026974,0.11949855232026974
csto,2y,14,2006,2006,2007,TRUE,-0.9175083810852904,2007,-1,1,1,0.08249161891470957,-1,0,0,No recovery,-0.9587541905426452,NA,NA,Not observed before next drought,-0.9466993862655703,-0.02919100518027984,0.02919100518027984
ctotal,8y,1,1980,1980,1987,TRUE,0,1984,-0.009241076255793061,0.009241076255793061,4,0.009241076255793061,0.006645612260380882,0.015886688516173943,1.7191383423781261,Complete recovery,-0.004620538127896531,1985,1,Observed,0.013082127110206015,0.013082127110206015,0
ctotal,8y,2,1988,1988,1995,TRUE,0.006645612260380882,1990,-0.010934139166345717,0.010934139166345717,2,0.0175797514267266,0.016325589382136428,0.027259728548482146,1.5506321953471436,Complete recovery,-0.0021442634529824176,1991,1,Observed,0.011130393326684878,0.0044847810663039955,0
ctotal,8y,3,1996,1996,2003,TRUE,0.016325589382136428,1996,0.004615887550907384,0,NA,0.011709701831229043,0.020734981797494435,0.01611909424658705,1.3765588978191086,Complete recovery,0.010470738466521905,1998,2,Observed,0.004615887550907384,-0.011709701831229043,0.011709701831229043
ctotal,8y,4,2004,2004,2011,TRUE,0.020734981797494435,2009,-0.028758129819644755,0.028758129819644755,5,0.04949311161713919,0.03420873202383448,0.06296686184347924,1.2722348582681184,Complete recovery,-0.0040115740110751585,2010,1,Observed,0.0092213330799324,-0.011513648717562035,0.011513648717562035
ctotal,8y,5,2012,2012,2016,FALSE,0.03420873202383448,2013,-0.21718105808650381,0.21718105808650381,1,0.2513897901103383,-0.14297638921226669,0.07420466887423713,0.29517773510876366,Partial recovery,-0.09148616303133467,2014,1,Observed,-0.13546588220349756,-0.16967461422733204,0.16967461422733204
ctotal,6y,1,1980,1980,1985,TRUE,0,1984,-0.009241076255793061,0.009241076255793061,4,0.009241076255793061,0.01678307770127604,0.026024153957069102,2.8161388605309945,Complete recovery,-0.004620538127896531,1985,1,Observed,0.013082127110206015,0.013082127110206015,0
ctotal,6y,2,1986,1986,1991,TRUE,0.01678307770127604,1990,-0.02584621365070526,0.02584621365070526,4,0.042629291351981305,0.006871073852818009,0.03271728750352327,0.7674837292833077,Partial recovery,-0.004531567974714608,1991,1,Observed,-0.0033262668827232973,-0.02010934458399934,0.02010934458399934
ctotal,6y,3,1992,1992,1997,TRUE,0.006871073852818009,1993,-0.041980235841200496,0.041980235841200496,1,0.048851309694018505,0.01869222200400381,0.06067245784520431,1.2419822155276468,Complete recovery,-0.017554580994191243,1994,1,Observed,0.006538030388644235,-3.3304346417377395e-4,3.3304346417377395e-4
ctotal,6y,4,1998,1998,2003,TRUE,0.01869222200400381,2003,0.04033265188207581,0,NA,0,0.04033265188207581,0,NA,No incremental loss,NA,NA,NA,Not applicable: no incremental loss,0.07187282205974065,0.05318060005573684,0
ctotal,6y,5,2004,2004,2009,TRUE,0.04033265188207581,2005,-0.12404751410252558,0.12404751410252558,1,0.1643801659846014,-0.03530510690286119,0.08874240719966439,0.5398607956630089,Partial recovery,-0.041857431110224885,2008,3,Observed,-0.05166597283939288,-0.09199862472146869,0.09199862472146869
ctotal,6y,6,2010,2010,2015,TRUE,-0.03530510690286119,2013,-0.2953354361946164,0.2953354361946164,3,0.2600303292917552,-0.1951505667770082,0.10018486941760818,0.38528147732028717,Partial recovery,-0.1653202715487388,2014,1,Observed,-0.19909332087888013,-0.16378821397601895,0.16378821397601895
ctotal,6y,7,2016,2016,2016,FALSE,-0.1951505667770082,2016,-0.3110631871293454,0.3110631871293454,0,0.11591262035233718,-0.3110631871293454,0,0,No recovery,-0.2531068769531768,NA,NA,Not observed before simulation end,-0.3110631871293454,-0.11591262035233718,0.11591262035233718
ctotal,4y,1,1980,1980,1983,TRUE,0,1983,0.004844444800542022,0,NA,0,0.004844444800542022,0,NA,No incremental loss,NA,NA,NA,Not applicable: no incremental loss,0.013082127110206015,0.013082127110206015,0
ctotal,4y,2,1984,1984,1987,TRUE,0.004844444800542022,1986,0.0018703333932830403,0,NA,0.002974111407258982,0.005215713642906912,0.0033453802496238717,1.1248335356431927,Complete recovery,0.0033573890969125315,1987,1,Observed,0.0035538890557598652,-0.001290555744782157,0.001290555744782157
ctotal,4y,3,1988,1988,1991,TRUE,0.005215713642906912,1988,-0.0019531944262007536,0.0019531944262007536,0,0.007168908069107666,0.04609305686256845,0.0480462512887692,6.702032000634882,Complete recovery,0.0016312596083530792,1989,1,Observed,-0.0019531944262007536,-0.007168908069107666,0.007168908069107666
ctotal,4y,4,1992,1992,1995,TRUE,0.04609305686256845,1993,-0.028023507244856225,0.028023507244856225,1,0.07411656410742468,-0.01265963804096375,0.015363869203892475,0.20729332759710847,Partial recovery,0.009034774808856113,1994,1,Observed,0.004044582394295603,-0.042048474468272846,0.042048474468272846
ctotal,4y,5,1996,1996,1999,TRUE,-0.01265963804096375,1998,-0.12742872465855515,0.12742872465855515,2,0.1147690866175914,-0.022263656478675897,0.10516506817987925,0.9163187690975308,Partial recovery,-0.07004418134975945,1999,1,Observed,0.0088860239773677855,0.021545662018331538,0
ctotal,4y,6,2000,2000,2003,TRUE,-0.022263656478675897,2003,-0.2188216872012403,0.2188216872012403,3,0.1965580307225644,-0.2188216872012403,0,0,No recovery,-0.1205426718399581,NA,NA,Not observed before next drought,-0.071015150814642,-0.04875149433596611,0.04875149433596611
ctotal,4y,7,2004,2004,2007,TRUE,-0.2188216872012403,2005,-0.2920680901861803,0.2920680901861803,1,0.07324640298494,-0.24122969572895603,0.05083839445722427,0.6940735979578002,Partial recovery,-0.2554448886937103,2006,1,Observed,-0.22618016850756364,-0.007358481306323356,0.007358481306323356
ctotal,4y,8,2008,2008,2011,TRUE,-0.24122969572895603,2009,-0.29059257604182065,0.29059257604182065,1,0.04936288031286462,-0.09960162154371723,0.19099095449810344,3.869120952577977,Complete recovery,-0.26591113588538834,2010,1,Observed,-0.2417760005975224,-5.463048685663829e-4,5.463048685663829e-4
ctotal,4y,9,2012,2012,2015,TRUE,-0.09960162154371723,2013,-0.27861401871432434,0.27861401871432434,1,0.17901239717060713,-0.1937136977875629,0.08490032092676145,0.47427062186004637,Partial recovery,-0.18910782012902078,NA,NA,Not observed before next drought,-0.16831360159566022,-0.068711980051943,0.068711980051943
ctotal,4y,10,2016,2016,2016,FALSE,-0.1937136977875629,2016,-0.2978605448378867,0.2978605448378867,0,0.10414684705032382,-0.2978605448378867,0,0,No recovery,-0.2457871213127248,NA,NA,Not observed before simulation end,-0.2978605448378867,-0.10414684705032382,0.10414684705032382
ctotal,2y,1,1980,1980,1981,TRUE,0,1981,0.008281917379771854,0,NA,0,0.008281917379771854,0,NA,No incremental loss,NA,NA,NA,Not applicable: no incremental loss,0.013082127110206015,0.013082127110206015,0
ctotal,2y,2,1982,1982,1983,TRUE,0.008281917379771854,1983,0.024629936080178383,0,NA,0,0.024629936080178383,0,NA,No incremental loss,NA,NA,NA,Not applicable: no incremental loss,0.03621114135751042,0.027929223977738567,0
ctotal,2y,3,1984,1984,1985,TRUE,0.024629936080178383,1984,0.01963445918139974,0,NA,0.004995476898778644,0.023012562706374733,0.0033781035249749944,0.6762324385487429,Partial recovery,0.02213219763078906,1985,1,Observed,0.01963445918139974,-0.004995476898778644,0.004995476898778644
ctotal,2y,4,1986,1986,1987,TRUE,0.023012562706374733,1986,0.005648882974003163,0,NA,0.01736367973237157,0.014537981684713519,0.008889098710710357,0.5119363434317539,Partial recovery,0.014330722840188947,1987,1,Observed,0.005648882974003163,-0.01736367973237157,0.01736367973237157
ctotal,2y,5,1988,1988,1989,TRUE,0.014537981684713519,1988,0.0038625339805917463,0,NA,0.010675447704121772,0.021916137182339403,0.018053603201747655,1.6911331217310155,Complete recovery,0.009200257832652632,1989,1,Observed,0.0038625339805917463,-0.010675447704121772,0.010675447704121772
ctotal,2y,6,1990,1990,1991,TRUE,0.021916137182339403,1991,-0.1926471098665032,0.1926471098665032,1,0.2145632470488426,-0.1926471098665032,0,0,No recovery,-0.08536548634208191,NA,NA,Not observed before next drought,-0.11366824299776193,-0.13558438018010133,0.13558438018010133
ctotal,2y,7,1992,1992,1993,TRUE,-0.1926471098665032,1992,-0.36271409126184784,0.36271409126184784,0,0.17006698139534462,-0.3443417541436049,0.018372337118242932,0.10803000657449108,Partial recovery,-0.27768060056417554,NA,NA,Not observed before next drought,-0.36271409126184784,-0.17006698139534462,0.17006698139534462
ctotal,2y,8,1994,1994,1995,TRUE,-0.3443417541436049,1995,-0.39020447229199207,0.39020447229199207,1,0.04586271814838716,-0.39020447229199207,0,0,No recovery,-0.3672731132177985,NA,NA,Not observed before next drought,-0.3482909834292051,-0.003949229285600209,0.003949229285600209
ctotal,2y,9,1996,1996,1997,TRUE,-0.39020447229199207,1997,-0.43792478291247644,0.43792478291247644,1,0.047720310620484374,-0.43792478291247644,0,0,No recovery,-0.4140646276022343,NA,NA,Not observed before next drought,-0.39396600826040334,-0.003761535968411278,0.003761535968411278
ctotal,2y,10,1998,1998,1999,TRUE,-0.43792478291247644,1998,-0.48537474629165095,0.48537474629165095,0,0.04744996337917451,-0.29614989299392963,0.18922485329772132,3.987881967065351,Complete recovery,-0.4616497646020637,1999,1,Observed,-0.48537474629165095,-0.04744996337917451,0.04744996337917451
ctotal,2y,11,2000,2000,2001,TRUE,-0.29614989299392963,2001,-0.15391855907074867,0.15391855907074867,1,0,-0.15391855907074867,0,NA,No incremental loss,NA,NA,NA,Not applicable: no incremental loss,-0.11909601933012416,0.17705387366380548,0
ctotal,2y,12,2002,2002,2003,TRUE,-0.15391855907074867,2003,-0.39415671204752395,0.39415671204752395,1,0.24023815297677528,-0.39415671204752395,0,0,No recovery,-0.2740376355591363,NA,NA,Not observed before next drought,-0.286553991620283,-0.13263543254953433,0.13263543254953433
ctotal,2y,13,2004,2004,2005,TRUE,-0.39415671204752395,2005,-0.6092417585479727,0.6092417585479727,1,0.21508504650044874,-0.6092417585479727,0,0,No recovery,-0.5016992352977483,NA,NA,Not observed before next drought,-0.5165387464326231,-0.12238203438509915,0.12238203438509915
ctotal,2y,14,2006,2006,2007,TRUE,-0.6092417585479727,2007,-1,1,1,0.3907582414520273,-1,0,0,No recovery,-0.8046208792739864,NA,NA,Not observed before next drought,-0.6425253784503455,-0.03328361990237283,0.03328361990237283
ls,8y,1,1980,1980,1987,TRUE,0,1980,0,0,NA,0,0,0,NA,No incremental loss,NA,NA,NA,Not applicable: no incremental loss,0,0,0
ls,8y,2,1988,1988,1995,TRUE,0,1988,0,0,NA,0,0.017543859649122806,0.017543859649122806,NA,No incremental loss,NA,NA,NA,Not applicable: no incremental loss,0,0,0
ls,8y,3,1996,1996,2003,TRUE,0.017543859649122806,1996,0.017543859649122806,0,NA,0,0.017543859649122806,0,NA,No incremental loss,NA,NA,NA,Not applicable: no incremental loss,0.017543859649122806,0,0
ls,8y,4,2004,2004,2011,TRUE,0.017543859649122806,2011,-0.004083742569139277,0.004083742569139277,7,0.021627602218262085,-0.004083742569139277,0,0,No recovery,0.006730058539991765,NA,NA,Not observed before next drought,0.017543859649122806,0,0
ls,8y,5,2012,2012,2016,FALSE,-0.004083742569139277,2016,-0.07547169811320754,0.07547169811320754,4,0.07138795554406827,-0.07547169811320754,0,0,No recovery,-0.03977772034117341,NA,NA,Not observed before simulation end,-0.018867924528301886,-0.014784181959162609,0.014784181959162609
ls,6y,1,1980,1980,1985,TRUE,0,1980,0,0,NA,0,0,0,NA,No incremental loss,NA,NA,NA,Not applicable: no incremental loss,0,0,0
ls,6y,2,1986,1986,1991,TRUE,0,1986,0,0,NA,0,0,0,NA,No incremental loss,NA,NA,NA,Not applicable: no incremental loss,0,0,0
ls,6y,3,1992,1992,1997,TRUE,0,1992,0,0,NA,0,0.017543859649122806,0.017543859649122806,NA,No incremental loss,NA,NA,NA,Not applicable: no incremental loss,0,0,0
ls,6y,4,1998,1998,2003,TRUE,0.017543859649122806,1998,0.017543859649122806,0,NA,0,0.017543859649122806,0,NA,No incremental loss,NA,NA,NA,Not applicable: no incremental loss,0.017543859649122806,0,0
ls,6y,5,2004,2004,2009,TRUE,0.017543859649122806,2004,0.017543859649122806,0,NA,0,0.039855259757043154,0.02231140010792035,NA,No incremental loss,NA,NA,NA,Not applicable: no incremental loss,0.017543859649122806,0,0
ls,6y,6,2010,2010,2015,TRUE,0.039855259757043154,2015,-0.09371930731455161,0.09371930731455161,5,0.13357456707159476,-0.09371930731455161,0,0,No recovery,-0.026932023778754227,NA,NA,Not observed before next drought,-0.07547169811320754,-0.1153269578702507,0.1153269578702507
ls,6y,7,2016,2016,2016,FALSE,-0.09371930731455161,2016,-0.18867924528301888,0.18867924528301888,0,0.09495993796846727,-0.18867924528301888,0,0,No recovery,-0.14119927629878526,NA,NA,Not observed before simulation end,-0.18867924528301888,-0.09495993796846727,0.09495993796846727
ls,4y,1,1980,1980,1983,TRUE,0,1980,0,0,NA,0,0,0,NA,No incremental loss,NA,NA,NA,Not applicable: no incremental loss,0,0,0
ls,4y,2,1984,1984,1987,TRUE,0,1984,0,0,NA,0,0,0,NA,No incremental loss,NA,NA,NA,Not applicable: no incremental loss,0,0,0
ls,4y,3,1988,1988,1991,TRUE,0,1988,0,0,NA,0,0,0,NA,No incremental loss,NA,NA,NA,Not applicable: no incremental loss,0,0,0
ls,4y,4,1992,1992,1995,TRUE,0,1993,-2.4022292687613425e-4,2.4022292687613425e-4,1,2.4022292687613425e-4,0,2.4022292687613425e-4,1,Complete recovery,-1.2011146343806713e-4,1994,1,Observed,0,0,0
ls,4y,5,1996,1996,1999,TRUE,0,1996,0,0,NA,0,0,0,NA,No incremental loss,NA,NA,NA,Not applicable: no incremental loss,0,0,0
ls,4y,6,2000,2000,2003,TRUE,0,2000,0,0,NA,0,0,0,NA,No incremental loss,NA,NA,NA,Not applicable: no incremental loss,0,0,0
ls,4y,7,2004,2004,2007,TRUE,0,2004,0,0,NA,0,0.0489034534913033,0.0489034534913033,NA,No incremental loss,NA,NA,NA,Not applicable: no incremental loss,0,0,0
ls,4y,8,2008,2008,2011,TRUE,0.0489034534913033,2010,-0.7735849056603774,0.7735849056603774,2,0.8224883591516807,-0.7735849056603774,0,0,No recovery,-0.36234072608453705,NA,NA,Not observed before next drought,0.07547169811320754,0.02656824462190424,0
ls,4y,9,2012,2012,2015,TRUE,-0.7735849056603774,2012,-0.7735849056603774,0.7735849056603774,0,0,-0.7735849056603774,0,NA,No incremental loss,NA,NA,NA,Not applicable: no incremental loss,-0.7735849056603774,0,0
ls,4y,10,2016,2016,2016,FALSE,-0.7735849056603774,2016,-0.7735849056603774,0.7735849056603774,0,0,-0.7735849056603774,0,NA,No incremental loss,NA,NA,NA,Not applicable: no incremental loss,-0.7735849056603774,0,0
ls,2y,1,1980,1980,1981,TRUE,0,1980,0,0,NA,0,0,0,NA,No incremental loss,NA,NA,NA,Not applicable: no incremental loss,0,0,0
ls,2y,2,1982,1982,1983,TRUE,0,1982,0,0,NA,0,0,0,NA,No incremental loss,NA,NA,NA,Not applicable: no incremental loss,0,0,0
ls,2y,3,1984,1984,1985,TRUE,0,1984,0,0,NA,0,0,0,NA,No incremental loss,NA,NA,NA,Not applicable: no incremental loss,0,0,0
ls,2y,4,1986,1986,1987,TRUE,0,1986,0,0,NA,0,0,0,NA,No incremental loss,NA,NA,NA,Not applicable: no incremental loss,0,0,0
ls,2y,5,1988,1988,1989,TRUE,0,1988,0,0,NA,0,0,0,NA,No incremental loss,NA,NA,NA,Not applicable: no incremental loss,0,0,0
ls,2y,6,1990,1990,1991,TRUE,0,1990,0,0,NA,0,0,0,NA,No incremental loss,NA,NA,NA,Not applicable: no incremental loss,0,0,0
ls,2y,7,1992,1992,1993,TRUE,0,1992,0,0,NA,0,0.017103872393581306,0.017103872393581306,NA,No incremental loss,NA,NA,NA,Not applicable: no incremental loss,0,0,0
ls,2y,8,1994,1994,1995,TRUE,0.017103872393581306,1995,-0.21052631578947367,0.21052631578947367,1,0.22763018818305497,-0.21052631578947367,0,0,No recovery,-0.09671122169794619,NA,NA,Not observed before next drought,-0.0026435952895938974,-0.0197474676831752,0.0197474676831752
ls,2y,9,1996,1996,1997,TRUE,-0.21052631578947367,1997,-0.29031482816630616,0.29031482816630616,1,0.07978851237683249,-0.29031482816630616,0,0,No recovery,-0.2504205719778899,NA,NA,Not observed before next drought,-0.22807017543859648,-0.017543859649122806,0.017543859649122806
ls,2y,10,1998,1998,1999,TRUE,-0.29031482816630616,1999,-0.8947368421052632,0.8947368421052632,1,0.604422013938957,-0.8947368421052632,0,0,No recovery,-0.5925258351357847,NA,NA,Not observed before next drought,-0.8122086037010334,-0.5218937755347273,0.5218937755347273
ls,2y,11,2000,2000,2001,TRUE,-0.8947368421052632,2000,-0.8947368421052632,0.8947368421052632,0,0,-0.8947368421052632,0,NA,No incremental loss,NA,NA,NA,Not applicable: no incremental loss,-0.8947368421052632,0,0
ls,2y,12,2002,2002,2003,TRUE,-0.8947368421052632,2002,-0.8947368421052632,0.8947368421052632,0,0,-0.8947368421052632,0,NA,No incremental loss,NA,NA,NA,Not applicable: no incremental loss,-0.8947368421052632,0,0
ls,2y,13,2004,2004,2005,TRUE,-0.8947368421052632,2005,-0.9633261235279981,0.9633261235279981,1,0.0685892814227349,-0.9633261235279981,0,0,No recovery,-0.9290314828166306,NA,NA,Not observed before next drought,-0.9082063081200269,-0.013469466014763731,0.013469466014763731
ls,2y,14,2006,2006,2007,TRUE,-0.9633261235279981,2007,-1,1,1,0.03667387647200193,-1,0,0,No recovery,-0.981663061763999,NA,NA,Not observed before next drought,-0.9704397981254506,-0.007113674597452491,0.007113674597452491
